Run,ReleaseDate,LoadDate,spots,bases,spots_with_mates,avgLength,size_MB,AssemblyName,download_path,Experiment,LibraryName,LibraryStrategy,LibrarySelection,LibrarySource,LibraryLayout,InsertSize,InsertDev,Platform,Model,SRAStudy,BioProject,Study_Pubmed_id,ProjectID,Sample,BioSample,SampleType,TaxID,ScientificName,SampleName,g1k_pop_code,source,g1k_analysis_group,Subject_ID,Sex,Disease,Tumor,Affection_Status,Analyte_Type,Histological_Type,Body_Site,CenterName,Submission,dbgap_study_accession,Consent,RunHash,ReadHash
SRR7107521,2018-05-16 00:07:03,2018-05-10 14:58:39,537787309,107557461800,537787309,200,38494,GCF_000002285.3,https://sra-downloadb.be-md.ncbi.nlm.nih.gov/sos12/sra-pub-zq-1214/SRR007/107/SRR7107521.sralite.1,SRX4035758,Illumina sequencing of Jindo Dog,WGS,RANDOM,GENOMIC,PAIRED,0,0,ILLUMINA,Illumina HiSeq 2000,SRP144493,PRJNA448733,,448733,DRS001112,SAMD00009664,simple,9615,Canis lupus familiaris,SAMD00009664,,,,,,,no,,,,,NHGRI,SRA699439,,public,0BFDDBE5DA9A9FAEB72C6CA112CE11AA,0CB7FE21F60ADD43F58789D59077FBEF
SRR7107522,2018-05-14 00:07:22,2018-05-07 09:53:25,200921964,60448918464,200921964,300,29126,GCF_000002285.3,https://sra-downloadb.be-md.ncbi.nlm.nih.gov/sos12/sra-pub-zq-1214/SRR007/107/SRR7107522.sralite.1,SRX4035759,HT001,WGS,RANDOM,GENOMIC,PAIRED,0,0,ILLUMINA,Illumina HiSeq 3000,SRP144493,PRJNA448733,,448733,ERS1575629,SAMEA103135918,simple,9615,Canis lupus familiaris,SAMEA103135918,,,,,,,no,,,,,NHGRI,SRA699439,,public,14BF874DFF84DB2F3BA90178EF36C1A9,310F33FBD6A81B5F3A51B89ADA6EFC9A
SRR7107523,2018-05-16 00:07:03,2018-05-10 12:07:55,203589257,40385099861,203589257,198,17484,GCF_000002285.3,https://sra-downloadb.be-md.ncbi.nlm.nih.gov/sos12/sra-pub-zq-1214/SRR007/107/SRR7107523.sralite.1,SRX4035760,LB1919,WGS,RANDOM,GENOMIC,PAIRED,0,0,ILLUMINA,Illumina HiSeq 3000,SRP144493,PRJNA448733,,448733,ERS1624528,SAMEA103935360,simple,9615,Canis lupus familiaris,SAMEA103935360,,,,,,,no,,,,,NHGRI,SRA699439,,public,91CFC3118BB9415147E156F3EFB8CF99,19F4BBAD4E1300D86FF46E32C2DFD14E
SRR7107524,2018-05-14 00:07:22,2018-05-07 09:02:54,111521847,33433096178,111521847,299,13786,GCF_000002285.3,https://sra-downloadb.be-md.ncbi.nlm.nih.gov/sos12/sra-pub-zq-1214/SRR007/107/SRR7107524.sralite.1,SRX4035761,BU002,WGS,RANDOM,GENOMIC,PAIRED,0,0,ILLUMINA,Illumina HiSeq 3000,SRP144493,PRJNA448733,,448733,ERS1638210,SAMEA103949042,simple,9615,Canis lupus familiaris,SAMEA103949042,,,,,,,no,,,,,NHGRI,SRA699439,,public,A105411982DB0EAEEC7BAA3C20EF5C2C,40598733FD29B8F134E7F65BC044F17A
SRR7107525,2018-05-16 00:07:03,2018-05-10 12:07:58,182019946,54770207809,182019946,300,25183,GCF_000002285.3,https://sra-downloadb.be-md.ncbi.nlm.nih.gov/sos12/sra-pub-zq-1214/SRR007/107/SRR7107525.sralite.1,SRX4035762,GR0892,WGS,RANDOM,GENOMIC,PAIRED,0,0,ILLUMINA,Illumina HiSeq 2500,SRP144493,PRJNA448733,,448733,ERS1681145,SAMEA104016307,simple,9615,Canis lupus familiaris,SAMEA104016307,,,,,,,no,,,,,NHGRI,SRA699439,,public,CCA27C813ADC21A4E51FD4CDEE0A8249,6E6C5C84FDDAC2788DC25A7D5C63D421
SRR7107526,2018-05-10 00:06:32,2018-05-03 21:13:03,250303292,75324647758,250303292,300,35272,GCF_000002285.3,https://sra-downloadb.be-md.ncbi.nlm.nih.gov/sos12/sra-pub-zq-1214/SRR007/107/SRR7107526.sralite.1,SRX4035763,MA0163,WGS,RANDOM,GENOMIC,PAIRED,0,0,ILLUMINA,Illumina HiSeq 3000,SRP144493,PRJNA448733,,448733,ERS1695941,SAMEA104032048,simple,9615,Canis lupus familiaris,SAMEA104032048,,,,,,,no,,,,,NHGRI,SRA699439,,public,A57101475AAE2615B63B6A44C5D4D393,2AE7E6E46A3AE23E77247A70D22B9A11
SRR7107527,2018-05-10 00:06:32,2018-05-03 22:32:30,158906628,40044470256,158906628,252,13320,GCF_000002285.3,https://sra-downloadb.be-md.ncbi.nlm.nih.gov/sos12/sra-pub-zq-1214/SRR007/107/SRR7107527.sralite.1,SRX4035764,NW062,WGS,RANDOM,GENOMIC,PAIRED,0,0,ILLUMINA,Illumina HiSeq 3000,SRP144493,PRJNA448733,,448733,ERS1755443,SAMEA104091550,simple,9615,Canis lupus familiaris,SAMEA104091550,,,,,,,no,,,,,NHGRI,SRA699439,,public,D70294B8B059CEEB8965735EC8AD1622,AFD3B1DC5C16C8E216A8DEAB58B982FA
SRR7107528,2018-05-10 00:06:32,2018-05-03 22:21:39,151234569,38111111388,151234569,252,13058,GCF_000002285.3,https://sra-downloadb.be-md.ncbi.nlm.nih.gov/sos12/sra-pub-zq-1214/SRR007/107/SRR7107528.sralite.1,SRX4035765,NW152,WGS,RANDOM,GENOMIC,PAIRED,0,0,ILLUMINA,Illumina HiSeq 3000,SRP144493,PRJNA448733,,448733,ERS1755444,SAMEA104091551,simple,9615,Canis lupus familiaris,SAMEA104091551,,,,,,,no,,,,,NHGRI,SRA699439,,public,54257ACB5970F1D5D4FAF7B25AC842DA,958C101CF4E31E955F7D1F3E72FE0EC8
SRR7107529,2018-05-10 00:06:32,2018-05-03 22:36:05,141090584,35554827168,141090584,252,12142,GCF_000002285.3,https://sra-downloadb.be-md.ncbi.nlm.nih.gov/sos12/sra-pub-zq-1214/SRR007/107/SRR7107529.sralite.1,SRX4035766,NW206,WGS,RANDOM,GENOMIC,PAIRED,0,0,ILLUMINA,Illumina HiSeq 3000,SRP144493,PRJNA448733,,448733,ERS1755445,SAMEA104091552,simple,9615,Canis lupus familiaris,SAMEA104091552,,,,,,,no,,,,,NHGRI,SRA699439,,public,17BB2209860DF7B51164C52270213F14,9C1A33C5165275E6E893E74028F7A3BC
SRR7107530,2018-05-10 00:06:32,2018-05-03 22:25:06,153098470,38580814440,153098470,252,13256,GCF_000002285.3,https://sra-downloadb.be-md.ncbi.nlm.nih.gov/sos12/sra-pub-zq-1214/SRR007/107/SRR7107530.sralite.1,SRX4035767,NW255,WGS,RANDOM,GENOMIC,PAIRED,0,0,ILLUMINA,Illumina HiSeq 3000,SRP144493,PRJNA448733,,448733,ERS1755446,SAMEA104091553,simple,9615,Canis lupus familiaris,SAMEA104091553,,,,,,,no,,,,,NHGRI,SRA699439,,public,D5A0485A7F4DD8B7A288D23A8EE6A273,964FF277E72DB880E901E6E8A26401D4
SRR7107531,2018-05-10 00:06:32,2018-05-04 22:29:54,216801164,65219908009,216801164,300,31579,GCF_000002285.3,https://sra-downloadb.be-md.ncbi.nlm.nih.gov/sos12/sra-pub-zq-1214/SRR007/107/SRR7107531.sralite.1,SRX4035768,RR098,WGS,RANDOM,GENOMIC,PAIRED,0,0,ILLUMINA,Illumina HiSeq 3000,SRP144493,PRJNA448733,,448733,ERS1755447,SAMEA104091554,simple,9615,Canis lupus familiaris,SAMEA104091554,,,,,,,no,,,,,NHGRI,SRA699439,,public,0647D0745B811FEEBFCCD3221B1E78FE,1130D0AE58225F6E8EDBD547E44E23FC
SRR7107532,2018-05-14 00:07:22,2018-05-07 10:10:31,227406291,68420755206,227406291,300,32003,GCF_000002285.3,https://sra-downloadb.be-md.ncbi.nlm.nih.gov/sos12/sra-pub-zq-1214/SRR007/107/SRR7107532.sralite.1,SRX4035769,CE073,WGS,RANDOM,GENOMIC,PAIRED,0,0,ILLUMINA,Illumina HiSeq 3000,SRP144493,PRJNA448733,,448733,ERS1755448,SAMEA104091555,simple,9615,Canis lupus familiaris,SAMEA104091555,,,,,,,no,,,,,NHGRI,SRA699439,,public,E6868CE951713372EA46F12391FEB91C,17836DA1B424199F5552D13750170048
SRR7107533,2018-05-20 00:07:26,2018-05-14 22:42:32,179654332,54055846685,179654332,300,25165,GCF_000002285.3,https://sra-downloadb.be-md.ncbi.nlm.nih.gov/sos12/sra-pub-zq-1214/SRR007/107/SRR7107533.sralite.1,SRX4035770,CR039,WGS,RANDOM,GENOMIC,PAIRED,0,0,ILLUMINA,Illumina HiSeq 3000,SRP144493,PRJNA448733,,448733,ERS1755449,SAMEA104091556,simple,9615,Canis lupus familiaris,SAMEA104091556,,,,,,,no,,,,,NHGRI,SRA699439,,public,489365142ED8034515A11112CE6847E4,A02DA6C57E0C6CE8BD3E11EF699BFBE6
SRR7107534,2018-05-16 00:07:03,2018-05-10 13:54:54,271807170,81797019171,271807170,300,34100,GCF_000002285.3,https://sra-downloadb.be-md.ncbi.nlm.nih.gov/sos12/sra-pub-zq-1214/SRR007/107/SRR7107534.sralite.1,SRX4035771,DD116,WGS,RANDOM,GENOMIC,PAIRED,0,0,ILLUMINA,Illumina HiSeq 3000,SRP144493,PRJNA448733,,448733,ERS1755450,SAMEA104091557,simple,9615,Canis lupus familiaris,SAMEA104091557,,,,,,,no,,,,,NHGRI,SRA699439,,public,D709C1CC95DBE4F935BFF3383D679718,3539A0B974E7C7DD5BA8AA78FFFFA481
SRR7107535,2018-05-14 00:07:22,2018-05-07 16:18:31,246608559,74198717610,246608559,300,28760,GCF_000002285.3,https://sra-downloadb.be-md.ncbi.nlm.nih.gov/sos12/sra-pub-zq-1214/SRR007/107/SRR7107535.sralite.1,SRX4035772,BC0480,WGS,RANDOM,GENOMIC,PAIRED,0,0,ILLUMINA,Illumina HiSeq 3000,SRP144493,PRJNA448733,,448733,ERS1755451,SAMEA104091558,simple,9615,Canis lupus familiaris,SAMEA104091558,,,,,,,no,,,,,NHGRI,SRA699439,,public,30DD6054AAC00C852A89C3E77735D539,E595B52EA552C2970FE39A6C9991F7ED
SRR7107536,2018-05-10 00:06:32,2018-05-04 22:46:08,222280487,66872308765,222280487,300,25303,GCF_000002285.3,https://sra-downloadb.be-md.ncbi.nlm.nih.gov/sos12/sra-pub-zq-1214/SRR007/107/SRR7107536.sralite.1,SRX4035773,SY046,WGS,RANDOM,GENOMIC,PAIRED,0,0,ILLUMINA,Illumina HiSeq 3000,SRP144493,PRJNA448733,,448733,ERS1755452,SAMEA104091559,simple,9615,Canis lupus familiaris,SAMEA104091559,,,,,,,no,,,,,NHGRI,SRA699439,,public,6BB209BE32787DBC0EF72BF4603330D0,28EFA32E2BC8E1ECBEB73094ED43CDD7
SRR7107537,2018-05-10 00:06:32,2018-05-04 03:10:27,203360910,61167953286,203360910,300,23369,GCF_000002285.3,https://sra-downloadb.be-md.ncbi.nlm.nih.gov/sos12/sra-pub-zq-1214/SRR007/107/SRR7107537.sralite.1,SRX4035774,AC023,WGS,RANDOM,GENOMIC,PAIRED,0,0,ILLUMINA,Illumina HiSeq 3000,SRP144493,PRJNA448733,,448733,ERS1755453,SAMEA104091560,simple,9615,Canis lupus familiaris,SAMEA104091560,,,,,,,no,,,,,NHGRI,SRA699439,,public,0D7ADF94FBD13200F3778FEB037443A4,1C775ED3ED7133C6691649C26FB0C739
SRR7107538,2018-05-14 00:07:23,2018-05-07 13:18:28,294210982,88526434209,294210982,300,34879,GCF_000002285.3,https://sra-downloadb.be-md.ncbi.nlm.nih.gov/sos12/sra-pub-zq-1214/SRR007/107/SRR7107538.sralite.1,SRX4035775,WW558,WGS,RANDOM,GENOMIC,PAIRED,0,0,ILLUMINA,Illumina HiSeq 3000,SRP144493,PRJNA448733,,448733,ERS1755454,SAMEA104091561,simple,9615,Canis lupus familiaris,SAMEA104091561,,,,,,,no,,,,,NHGRI,SRA699439,,public,48ADCEC32A16F165A38044CEB87A063E,BE46BE8740B65BA610E57EF6717C5BE2
SRR7107539,2018-05-14 00:07:23,2018-05-07 11:47:07,296434850,89194556130,296434850,300,34724,GCF_000002285.3,https://sra-downloadb.be-md.ncbi.nlm.nih.gov/sos12/sra-pub-zq-1214/SRR007/107/SRR7107539.sralite.1,SRX4035776,BG064,WGS,RANDOM,GENOMIC,PAIRED,0,0,ILLUMINA,Illumina HiSeq 3000,SRP144493,PRJNA448733,,448733,ERS1755455,SAMEA104091562,simple,9615,Canis lupus familiaris,SAMEA104091562,,,,,,,no,,,,,NHGRI,SRA699439,,public,20101EBD895DCD0FA7C4D9D095F402BA,483F5B86BEEFDE31710BBDA4A4365450
SRR7107540,2018-05-10 00:06:32,2018-05-03 21:40:42,218596200,65736823789,218596200,300,24523,GCF_000002285.3,https://sra-downloadb.be-md.ncbi.nlm.nih.gov/sos12/sra-pub-zq-1214/SRR007/107/SRR7107540.sralite.1,SRX4035777,WO001_895,WGS,RANDOM,GENOMIC,PAIRED,0,0,ILLUMINA,Illumina HiSeq 3000,SRP144493,PRJNA448733,,448733,ERS1755456,SAMEA104091563,simple,9615,Canis lupus familiaris,SAMEA104091563,,,,,,,no,,,,,NHGRI,SRA699439,,public,3E9BE1D5ADEA4608AB3098ABD917F87F,86FC85FA2153E430FA170B48E5E4ED8A
SRR7107541,2018-05-09 00:10:49,2018-05-03 20:15:27,178092882,53546652773,178092882,300,20693,GCF_000002285.3,https://sra-downloadb.be-md.ncbi.nlm.nih.gov/sos12/sra-pub-zq-1214/SRR007/107/SRR7107541.sralite.1,SRX4035778,WO002_732,WGS,RANDOM,GENOMIC,PAIRED,0,0,ILLUMINA,Illumina HiSeq 3000,SRP144493,PRJNA448733,,448733,ERS1755457,SAMEA104091564,simple,9615,Canis lupus familiaris,SAMEA104091564,,,,,,,no,,,,,NHGRI,SRA699439,,public,5E4943DB78CD78E19558119E7357F2B7,F92DBEA3886A93B915BF31409074BF6E
SRR7107542,2018-05-09 00:10:49,2018-05-03 19:13:06,209822164,62958433781,209822164,300,23395,GCF_000002285.3,https://sra-downloadb.be-md.ncbi.nlm.nih.gov/sos12/sra-pub-zq-1214/SRR007/107/SRR7107542.sralite.1,SRX4035779,WO003_636,WGS,RANDOM,GENOMIC,PAIRED,0,0,ILLUMINA,Illumina HiSeq 3000,SRP144493,PRJNA448733,,448733,ERS1755458,SAMEA104091565,simple,9615,Canis lupus familiaris,SAMEA104091565,,,,,,,no,,,,,NHGRI,SRA699439,,public,33C1BF6A297D154CC4E85E3B715660EE,9E2CCCF37BEDCF744D9470162E9B427D
SRR7107543,2018-05-16 00:07:03,2018-05-10 12:17:55,160045899,48102622148,160045899,300,18972,GCF_000002285.3,https://sra-downloadb.be-md.ncbi.nlm.nih.gov/sos12/sra-pub-zq-1214/SRR007/107/SRR7107543.sralite.1,SRX4035780,CW011,WGS,RANDOM,GENOMIC,PAIRED,0,0,ILLUMINA,Illumina HiSeq 3000,SRP144493,PRJNA448733,,448733,ERS1755459,SAMEA104091566,simple,9615,Canis lupus familiaris,SAMEA104091566,,,,,,,no,,,,,NHGRI,SRA699439,,public,BC8AE4BDC83D49D97E32B0F7B983A548,065F10CC4E51D82E07E433D013300A9B
SRR7107544,2018-05-16 00:07:03,2018-05-10 13:08:54,205134319,61719509335,205134319,300,25062,GCF_000002285.3,https://sra-downloadb.be-md.ncbi.nlm.nih.gov/sos12/sra-pub-zq-1214/SRR007/107/SRR7107544.sralite.1,SRX4035781,DH0117,WGS,RANDOM,GENOMIC,PAIRED,0,0,ILLUMINA,Illumina HiSeq 3000,SRP144493,PRJNA448733,,448733,ERS1755460,SAMEA104091567,simple,9615,Canis lupus familiaris,SAMEA104091567,,,,,,,no,,,,,NHGRI,SRA699439,,public,CDA3C4225DFEC9CAA4A506D76577BB56,099B55ABCEB4222B4B68CB626D955043
SRR7107545,2018-05-16 00:07:03,2018-05-10 12:22:07,143278083,43109584136,143278083,300,18366,GCF_000002285.3,https://sra-downloadb.be-md.ncbi.nlm.nih.gov/sos12/sra-pub-zq-1214/SRR007/107/SRR7107545.sralite.1,SRX4035782,LA2443,WGS,RANDOM,GENOMIC,PAIRED,0,0,ILLUMINA,Illumina HiSeq 3000,SRP144493,PRJNA448733,,448733,ERS1755461,SAMEA104091568,simple,9615,Canis lupus familiaris,SAMEA104091568,,,,,,,no,,,,,NHGRI,SRA699439,,public,1CD47DAFF11FBB14D75D0F6E2C4BE69F,9081D2E4DC41B443005DD564E91E066A
SRR7107546,2018-05-16 00:07:03,2018-05-10 19:56:05,249557033,75083826629,249557033,300,29927,GCF_000002285.3,https://sra-downloadb.be-md.ncbi.nlm.nih.gov/sos12/sra-pub-zq-1214/SRR007/107/SRR7107546.sralite.1,SRX4035783,CK023,WGS,RANDOM,GENOMIC,PAIRED,0,0,ILLUMINA,Illumina HiSeq 3000,SRP144493,PRJNA448733,,448733,ERS1755462,SAMEA104091569,simple,9615,Canis lupus familiaris,SAMEA104091569,,,,,,,no,,,,,NHGRI,SRA699439,,public,645E204239DDE59EFA70D945BC2EBA2A,7ED4ADEC83DAD443DFC7513510202CBF
SRR7107547,2018-05-16 00:07:03,2018-05-10 15:00:18,234898055,70673419155,234898055,300,29010,GCF_000002285.3,https://sra-downloadb.be-md.ncbi.nlm.nih.gov/sos12/sra-pub-zq-1214/SRR007/107/SRR7107547.sralite.1,SRX4035784,CK006,WGS,RANDOM,GENOMIC,PAIRED,0,0,ILLUMINA,Illumina HiSeq 3000,SRP144493,PRJNA448733,,448733,ERS1755463,SAMEA104091570,simple,9615,Canis lupus familiaris,SAMEA104091570,,,,,,,no,,,,,NHGRI,SRA699439,,public,D88397F7210985C6ACE63B16431C4F08,608C815B84ADDEEA53BFC524A0A911E4
SRR7107548,2018-05-10 00:06:32,2018-05-04 04:55:52,136743650,41152023733,136743650,300,17431,GCF_000002285.3,https://sra-downloadb.be-md.ncbi.nlm.nih.gov/sos12/sra-pub-zq-1214/SRR007/107/SRR7107548.sralite.1,SRX4035785,AM007,WGS,RANDOM,GENOMIC,PAIRED,0,0,ILLUMINA,Illumina HiSeq 3000,SRP144493,PRJNA448733,,448733,ERS1755464,SAMEA104091571,simple,9615,Canis lupus familiaris,SAMEA104091571,,,,,,,no,,,,,NHGRI,SRA699439,,public,71ECC37638B8A005D8E72CA202200426,8D12FD728FFC418D5E9B29C267289589
SRR7107549,2018-05-16 00:07:03,2018-05-10 17:17:21,250178138,75287683050,250178138,300,30402,GCF_000002285.3,https://sra-downloadb.be-md.ncbi.nlm.nih.gov/sos12/sra-pub-zq-1214/SRR007/107/SRR7107549.sralite.1,SRX4035786,GR1078,WGS,RANDOM,GENOMIC,PAIRED,0,0,ILLUMINA,Illumina HiSeq 3000,SRP144493,PRJNA448733,,448733,ERS1755465,SAMEA104091572,simple,9615,Canis lupus familiaris,SAMEA104091572,,,,,,,no,,,,,NHGRI,SRA699439,,public,E18D0851CC76EDE11044FF7F5CFA82A1,62ECA9D5D7BCE3A4D493B80B0953CABE
SRR7107550,2018-05-12 00:06:37,2018-05-05 00:21:59,304079583,91501450519,304079583,300,36624,GCF_000002285.3,https://sra-downloadb.be-md.ncbi.nlm.nih.gov/sos12/sra-pub-zq-1214/SRR007/107/SRR7107550.sralite.1,SRX4035787,SS004,WGS,RANDOM,GENOMIC,PAIRED,0,0,ILLUMINA,Illumina HiSeq 3000,SRP144493,PRJNA448733,,448733,ERS1755466,SAMEA104091573,simple,9615,Canis lupus familiaris,SAMEA104091573,,,,,,,no,,,,,NHGRI,SRA699439,,public,1FEBFED564F63722D83190E558FE3BB5,9112794496176647BCB2311AD42FEB19
SRR7107551,2018-05-16 00:07:03,2018-05-10 21:47:56,243832034,73378561333,243832034,300,29421,GCF_000002285.3,https://sra-downloadb.be-md.ncbi.nlm.nih.gov/sos12/sra-pub-zq-1214/SRR007/107/SRR7107551.sralite.1,SRX4035788,GS104,WGS,RANDOM,GENOMIC,PAIRED,0,0,ILLUMINA,Illumina HiSeq 3000,SRP144493,PRJNA448733,,448733,ERS1769145,SAMEA104105252,simple,9615,Canis lupus familiaris,SAMEA104105252,,,,,,,no,,,,,NHGRI,SRA699439,,public,84C7D4D5515467CC3D8872C4979C518E,7629796A26186299DDB9BAC4919CFE43
SRR7107552,2018-05-10 00:06:32,2018-05-03 22:31:03,253640810,76256475822,253640810,300,31238,GCF_000002285.3,https://sra-downloadb.be-md.ncbi.nlm.nih.gov/sos12/sra-pub-zq-1214/SRR007/107/SRR7107552.sralite.1,SRX4035789,LA2382,WGS,RANDOM,GENOMIC,PAIRED,0,0,ILLUMINA,Illumina HiSeq 3000,SRP144493,PRJNA448733,,448733,ERS1788968,SAMEA104125075,simple,9615,Canis lupus familiaris,SAMEA104125075,,,,,,,no,,,,,NHGRI,SRA699439,,public,032BEC3B28CF9BD207BECB3A6FCA93AA,83B7EA9070AE542B6E3E03E630220AC5
SRR7107553,2018-05-14 00:07:23,2018-05-07 09:22:23,207583680,62468562384,207583680,300,24353,GCF_000002285.3,https://sra-downloadb.be-md.ncbi.nlm.nih.gov/sos12/sra-pub-zq-1214/SRR007/107/SRR7107553.sralite.1,SRX4035790,BC485,WGS,RANDOM,GENOMIC,PAIRED,0,0,ILLUMINA,Illumina HiSeq 3000,SRP144493,PRJNA448733,,448733,ERS1789005,SAMEA104125112,simple,9615,Canis lupus familiaris,SAMEA104125112,,,,,,,no,,,,,NHGRI,SRA699439,,public,75F27102A0C47E9DE737B9C558FF31F9,47B4D9905846AE8D39492D45A47F63F2
SRR7107554,2018-05-14 00:07:23,2018-05-07 09:30:11,214143296,64442590019,214143296,300,25093,GCF_000002285.3,https://sra-downloadb.be-md.ncbi.nlm.nih.gov/sos12/sra-pub-zq-1214/SRR007/107/SRR7107554.sralite.1,SRX4035791,BC518,WGS,RANDOM,GENOMIC,PAIRED,0,0,ILLUMINA,Illumina HiSeq 3000,SRP144493,PRJNA448733,,448733,ERS1789006,SAMEA104125113,simple,9615,Canis lupus familiaris,SAMEA104125113,,,,,,,no,,,,,NHGRI,SRA699439,,public,BB02EDA1D53EFB443DF5D7A8036682A6,14F572CA2C9D11E5C4DC6082EA5CD598
SRR7107555,2018-05-14 00:07:23,2018-05-07 10:01:01,187470438,56417249775,187470438,300,22142,GCF_000002285.3,https://sra-downloadb.be-md.ncbi.nlm.nih.gov/sos12/sra-pub-zq-1214/SRR007/107/SRR7107555.sralite.1,SRX4035792,BC597,WGS,RANDOM,GENOMIC,PAIRED,0,0,ILLUMINA,Illumina HiSeq 3000,SRP144493,PRJNA448733,,448733,ERS1789008,SAMEA104125115,simple,9615,Canis lupus familiaris,SAMEA104125115,,,,,,,no,,,,,NHGRI,SRA699439,,public,0353B6FEB882D57DC37DE839341AC7F0,D58055FF09C6AD85347B25934F659620
SRR7107556,2018-05-14 00:07:23,2018-05-07 09:54:12,188095342,56600211158,188095342,300,26797,GCF_000002285.3,https://sra-downloadb.be-md.ncbi.nlm.nih.gov/sos12/sra-pub-zq-1214/SRR007/107/SRR7107556.sralite.1,SRX4035793,BT1021,WGS,RANDOM,GENOMIC,PAIRED,0,0,ILLUMINA,Illumina HiSeq 3000,SRP144493,PRJNA448733,,448733,ERS1789009,SAMEA104125116,simple,9615,Canis lupus familiaris,SAMEA104125116,,,,,,,no,,,,,NHGRI,SRA699439,,public,3BE09DBA00A48581CBD917931AE3F85D,56F54A884ED79DD9E6448FF1075A4255
SRR7107557,2018-05-16 00:07:03,2018-05-10 15:55:49,151328163,45538897344,151328163,300,17719,GCF_000002285.3,https://sra-downloadb.be-md.ncbi.nlm.nih.gov/sos12/sra-pub-zq-1214/SRR007/107/SRR7107557.sralite.1,SRX4035794,DH126,WGS,RANDOM,GENOMIC,PAIRED,0,0,ILLUMINA,Illumina HiSeq 3000,SRP144493,PRJNA448733,,448733,ERS1789010,SAMEA104125117,simple,9615,Canis lupus familiaris,SAMEA104125117,,,,,,,no,,,,,NHGRI,SRA699439,,public,6D0D602D94049431828D9CACBB494B5B,FD0BD806E71EA2B937E879B55B365C3B
SRR7107558,2018-05-16 00:07:03,2018-05-10 17:30:05,302892959,91154135067,302892959,300,36755,GCF_000002285.3,https://sra-downloadb.be-md.ncbi.nlm.nih.gov/sos12/sra-pub-zq-1214/SRR007/107/SRR7107558.sralite.1,SRX4035795,GY432,WGS,RANDOM,GENOMIC,PAIRED,0,0,ILLUMINA,Illumina HiSeq 3000,SRP144493,PRJNA448733,,448733,ERS1789011,SAMEA104125118,simple,9615,Canis lupus familiaris,SAMEA104125118,,,,,,,no,,,,,NHGRI,SRA699439,,public,59134710611006F4643EF908A0CF1E0B,41E21B4778264C03E3E259A8DF9E783B
SRR7107559,2018-05-16 00:07:03,2018-05-10 21:50:36,257729679,77541143421,257729679,300,29467,GCF_000002285.3,https://sra-downloadb.be-md.ncbi.nlm.nih.gov/sos12/sra-pub-zq-1214/SRR007/107/SRR7107559.sralite.1,SRX4035796,JR0034,WGS,RANDOM,GENOMIC,PAIRED,0,0,ILLUMINA,Illumina HiSeq 3000,SRP144493,PRJNA448733,,448733,ERS1789012,SAMEA104125119,simple,9615,Canis lupus familiaris,SAMEA104125119,,,,,,,no,,,,,NHGRI,SRA699439,,public,8B28743C8E371B0026F35B34DC78F423,541FF8628BF8A8C17C2B7EDC2DD76DEB
SRR7107560,2018-05-10 00:06:32,2018-05-03 23:06:55,302468235,91028481704,302468235,300,36317,GCF_000002285.3,https://sra-downloadb.be-md.ncbi.nlm.nih.gov/sos12/sra-pub-zq-1214/SRR007/107/SRR7107560.sralite.1,SRX4035797,JT007,WGS,RANDOM,GENOMIC,PAIRED,0,0,ILLUMINA,Illumina HiSeq 3000,SRP144493,PRJNA448733,,448733,ERS1789013,SAMEA104125120,simple,9615,Canis lupus familiaris,SAMEA104125120,,,,,,,no,,,,,NHGRI,SRA699439,,public,7D7973D0F38457547C15B217FBC3D8EE,497CC860B9347EFDBCBB1B88BAEEEB35
SRR7107562,2018-05-09 00:10:49,2018-05-03 19:27:19,291496389,58299277800,291496389,200,23216,GCF_000002285.3,https://sra-downloadb.be-md.ncbi.nlm.nih.gov/sos12/sra-pub-zq-1214/SRR007/107/SRR7107562.sralite.1,SRX4035799,5482450,WGS,RANDOM,GENOMIC,PAIRED,0,0,ILLUMINA,Illumina HiSeq 2000,SRP144493,PRJNA448733,,448733,ERS147935,SAMEA1521940,simple,9615,Canis lupus familiaris,SAMEA1521940,,,,,,,no,,,,,NHGRI,SRA699439,,public,34E6ECFE960690AAD4B0D62B684927C5,4738A9394D241D2EC28E920673889E12
SRR7107563,2018-05-09 00:10:49,2018-05-03 20:12:05,282633220,56526644000,282633220,200,22603,GCF_000002285.3,https://sra-downloadb.be-md.ncbi.nlm.nih.gov/sos12/sra-pub-zq-1214/SRR007/107/SRR7107563.sralite.1,SRX4035800,5482451,WGS,RANDOM,GENOMIC,PAIRED,0,0,ILLUMINA,Illumina HiSeq 2000,SRP144493,PRJNA448733,,448733,ERS147936,SAMEA1521941,simple,9615,Canis lupus familiaris,SAMEA1521941,,,,,,,no,,,,,NHGRI,SRA699439,,public,3E938E68E2B8DE26CBC32EE12E2CE951,89CA3DC4C8500583172F095D3D1F442A
SRR7107564,2018-05-09 00:10:49,2018-05-03 18:54:37,190635571,38508385342,190635571,202,15590,GCF_000002285.3,https://sra-downloadb.be-md.ncbi.nlm.nih.gov/sos12/sra-pub-zq-1214/SRR007/107/SRR7107564.sralite.1,SRX4035801,BE020-Lib,WGS,RANDOM,GENOMIC,PAIRED,0,0,ILLUMINA,Illumina HiSeq 2000,SRP144493,PRJNA448733,,448733,ERS407416,SAMEA2376414,simple,9615,Canis lupus familiaris,SAMEA2376414,,,,,,,no,,,,,NHGRI,SRA699439,,public,7C9F6CF44613AD36AA94C8FB4E5B4C0C,2E2CC5391949AFC4F2B2F899406ACEC3
SRR7107565,2018-05-16 00:07:03,2018-05-10 22:39:57,502733347,101552136094,502733347,202,39553,GCF_000002285.3,https://sra-downloadb.be-md.ncbi.nlm.nih.gov/sos12/sra-pub-zq-1214/SRR007/107/SRR7107565.sralite.1,SRX4035802,LA882-Lib,WGS,RANDOM,GENOMIC,PAIRED,0,0,ILLUMINA,Illumina HiSeq 2000,SRP144493,PRJNA448733,,448733,ERS423476,SAMEA2417015,simple,9615,Canis lupus familiaris,SAMEA2417015,,,,,,,no,,,,,NHGRI,SRA699439,,public,E85DD008AC4B5742AA263767E2C09417,878732A6D4132C6130427619409CFF05
SRR7107561,2018-05-09 00:10:49,2018-05-03 19:24:12,268741862,80869626451,268741862,300,31454,GCF_000002285.3,https://sra-downloadb.be-md.ncbi.nlm.nih.gov/sos12/sra-pub-zq-1214/SRR007/107/SRR7107561.sralite.1,SRX4035798,MA142,WGS,RANDOM,GENOMIC,PAIRED,0,0,ILLUMINA,Illumina HiSeq 3000,SRP144493,PRJNA448733,,448733,ERS1789014,SAMEA104125121,simple,9615,Canis lupus familiaris,SAMEA104125121,,,,,,,no,,,,,NHGRI,SRA699439,,public,08CCBB412022EDC1C83D1E1DC133D0D4,9F6E51B6CC8216E8642D22892BC29D69
SRR7107566,2018-05-16 00:07:03,2018-05-10 18:51:45,230127252,46485704904,230127252,202,18786,GCF_000002285.3,https://sra-downloadb.be-md.ncbi.nlm.nih.gov/sos12/sra-pub-zq-1214/SRR007/107/SRR7107566.sralite.1,SRX4035803,LA900-Lib,WGS,RANDOM,GENOMIC,PAIRED,0,0,ILLUMINA,Illumina HiSeq 2000,SRP144493,PRJNA448733,,448733,ERS423477,SAMEA2417016,simple,9615,Canis lupus familiaris,SAMEA2417016,,,,,,,no,,,,,NHGRI,SRA699439,,public,8EEC50D19D18B851086545676CD1F766,1A4FFE14515C5DC55CD10D38E777CBB6
SRR7107567,2018-05-16 00:07:03,2018-05-10 19:14:09,293647193,59316732986,293647193,202,22748,GCF_000002285.3,https://sra-downloadb.be-md.ncbi.nlm.nih.gov/sos12/sra-pub-zq-1214/SRR007/107/SRR7107567.sralite.1,SRX4035804,KF042-Lib,WGS,RANDOM,GENOMIC,PAIRED,0,0,ILLUMINA,Illumina HiSeq 2500,SRP144493,PRJNA448733,,448733,ERS432574,SAMEA2446055,simple,9615,Canis lupus familiaris,SAMEA2446055,,,,,,,no,,,,,NHGRI,SRA699439,,public,611D1962D51C5BD0249BD3EC1C6B877A,B3FE065BD8AEC129625324ECFFF4626D
SRR7107568,2018-05-09 00:10:49,2018-05-03 18:29:49,118902448,29040454957,118902448,244,13294,GCF_000002285.3,https://sra-downloadb.be-md.ncbi.nlm.nih.gov/sos12/sra-pub-zq-1214/SRR007/107/SRR7107568.sralite.1,SRX4035805,EU008-Lib,WGS,RANDOM,GENOMIC,PAIRED,0,0,ILLUMINA,Illumina HiSeq 2000,SRP144493,PRJNA448733,,448733,ERS433239,SAMEA2446720,simple,9615,Canis lupus familiaris,SAMEA2446720,,,,,,,no,,,,,NHGRI,SRA699439,,public,1C37F7D11929213CC167961689B7F382,CF34A4CFE1F008F4F20D077CD9D2DAEE
SRR7107569,2018-05-22 00:11:00,2018-05-14 23:04:50,186976710,37769295420,186976710,202,14844,GCF_000002285.3,https://sra-downloadb.be-md.ncbi.nlm.nih.gov/sos12/sra-pub-zq-1214/SRR007/107/SRR7107569.sralite.1,SRX4035806,ZS14-LIB,WGS,RANDOM,GENOMIC,PAIRED,0,0,ILLUMINA,Illumina HiSeq 2000,SRP144493,PRJNA448733,,448733,ERS605478,SAMEA3121328,simple,9615,Canis lupus familiaris,SAMEA3121328,,,,,,,no,,,,,NHGRI,SRA699439,,public,D0C0AA0A77EFF2EEEA56C31CF16CA33A,64F0377B48BEBF43C916E86F179A37C0
SRR7107570,2018-05-16 00:07:03,2018-05-10 18:04:03,156322555,31577156110,156322555,202,13224,GCF_000002285.3,https://sra-downloadb.be-md.ncbi.nlm.nih.gov/sos12/sra-pub-zq-1214/SRR007/107/SRR7107570.sralite.1,SRX4035807,RO2-LIB,WGS,RANDOM,GENOMIC,PAIRED,0,0,ILLUMINA,Illumina HiSeq 2000,SRP144493,PRJNA448733,,448733,ERS605487,SAMEA3121337,simple,9615,Canis lupus familiaris,SAMEA3121337,,,,,,,no,,,,,NHGRI,SRA699439,,public,73478063D1B3B4AFC24C1297E9034DAC,25AD2C1645C0098DC1CCE7769AE68041
SRR7107571,2018-05-09 00:10:49,2018-05-03 19:21:03,211098495,42641895990,211098495,202,16879,GCF_000002285.3,https://sra-downloadb.be-md.ncbi.nlm.nih.gov/sos12/sra-pub-zq-1214/SRR007/107/SRR7107571.sralite.1,SRX4035808,DH098-LIB,WGS,RANDOM,GENOMIC,PAIRED,0,0,ILLUMINA,Illumina HiSeq 2000,SRP144493,PRJNA448733,,448733,ERS605488,SAMEA3121338,simple,9615,Canis lupus familiaris,SAMEA3121338,,,,,,,no,,,,,NHGRI,SRA699439,,public,24C76E51D8AB2A400295A27BBC6DDE7F,3247535A8BC2BE14B2A6C9F9D26570DC
SRR7107572,2018-05-16 00:07:03,2018-05-10 18:11:41,189174252,38213198904,189174252,202,14788,GCF_000002285.3,https://sra-downloadb.be-md.ncbi.nlm.nih.gov/sos12/sra-pub-zq-1214/SRR007/107/SRR7107572.sralite.1,SRX4035809,PE002-LIB,WGS,RANDOM,GENOMIC,PAIRED,0,0,ILLUMINA,Illumina HiSeq 2000,SRP144493,PRJNA448733,,448733,ERS620591,SAMEA3164479,simple,9615,Canis lupus familiaris,SAMEA3164479,,,,,,,no,,,,,NHGRI,SRA699439,,public,61574F7EA634950C90E2E7947EC8B9C0,63593AC8677F5846368B3CE05F597095
SRR7107573,2018-05-09 00:10:49,2018-05-03 19:17:42,205975872,41607126144,205975872,202,16811,GCF_000002285.3,https://sra-downloadb.be-md.ncbi.nlm.nih.gov/sos12/sra-pub-zq-1214/SRR007/107/SRR7107573.sralite.1,SRX4035810,SY001-LIB,WGS,RANDOM,GENOMIC,PAIRED,0,0,ILLUMINA,Illumina HiSeq 2500,SRP144493,PRJNA448733,,448733,ERS747136,SAMEA3449656,simple,9615,Canis lupus familiaris,SAMEA3449656,,,,,,,no,,,,,NHGRI,SRA699439,,public,73DD97DF1E354BA33810B6966C508258,45343399EA84E0595F0B43DD29533043
SRR7107574,2018-05-09 00:10:49,2018-05-03 18:36:06,156679265,31649211530,156679265,202,12263,GCF_000002285.3,https://sra-downloadb.be-md.ncbi.nlm.nih.gov/sos12/sra-pub-zq-1214/SRR007/107/SRR7107574.sralite.1,SRX4035811,SY018-LIB,WGS,RANDOM,GENOMIC,PAIRED,0,0,ILLUMINA,Illumina HiSeq 2500,SRP144493,PRJNA448733,,448733,ERS747137,SAMEA3449657,simple,9615,Canis lupus familiaris,SAMEA3449657,,,,,,,no,,,,,NHGRI,SRA699439,,public,D300EDCBA00EC3107295F4B68BE090BF,B5EB183F9144B13D1D438F8BBF4231C1
SRR7107575,2018-05-16 00:07:03,2018-05-10 18:42:22,231064677,46675064754,231064677,202,16834,GCF_000002285.3,https://sra-downloadb.be-md.ncbi.nlm.nih.gov/sos12/sra-pub-zq-1214/SRR007/107/SRR7107575.sralite.1,SRX4035812,KKH2684-LIB,WGS,RANDOM,GENOMIC,PAIRED,0,0,ILLUMINA,Illumina HiSeq 2000,SRP144493,PRJNA448733,,448733,ERS846398,SAMEA3539249,simple,9615,Canis lupus familiaris,SAMEA3539249,,,,,,,no,,,,,NHGRI,SRA699439,,public,B597316B8379EDB218182F5927F0E41E,DFD5D2DEA8210A34DBCD4D882CE1DE8E
SRR7107576,2018-05-17 00:10:07,2018-05-11 02:09:21,354714118,70942823600,354714118,200,29301,GCF_000002285.3,https://sra-downloadb.be-md.ncbi.nlm.nih.gov/sos12/sra-pub-zq-1214/SRR007/107/SRR7107576.sralite.1,SRX4035813,17289_BGVP,WGS,unspecified,GENOMIC,PAIRED,0,0,ILLUMINA,Illumina HiSeq 2500,SRP144493,PRJNA448733,,448733,ERS1030722,SAMEA3723573,simple,9615,Canis lupus familiaris,SAMEA3723573,,,,,,,no,,,,,NHGRI,SRA699439,,public,28EBE6D775C23CB9EC1620DF674312FE,EED734008ED178B7A71C13E712643011
SRR7107577,2018-05-17 00:10:07,2018-05-11 08:27:37,387349465,77386113305,387349465,199,30878,GCF_000002285.3,https://sra-downloadb.be-md.ncbi.nlm.nih.gov/sos12/sra-pub-zq-1214/SRR007/107/SRR7107577.sralite.1,SRX4035814,23005_V_final.bam1,WGS,unspecified,GENOMIC,PAIRED,0,0,ILLUMINA,Illumina HiSeq 2500,SRP144493,PRJNA448733,,448733,ERS1031719,SAMEA3724570,simple,9615,Canis lupus familiaris,SAMEA3724570,,,,,,,no,,,,,NHGRI,SRA699439,,public,6628E0619A20E9089AFA4944C22B58DC,C88A2C7B473E0172B48002622C45C2CF
SRR7107578,2018-05-09 00:10:49,2018-05-03 19:53:37,365051513,72950846237,365051513,199,29384,GCF_000002285.3,https://sra-downloadb.be-md.ncbi.nlm.nih.gov/sos12/sra-pub-zq-1214/SRR007/107/SRR7107578.sralite.1,SRX4035815,24093_BC_final.bam,WGS,unspecified,GENOMIC,PAIRED,0,0,ILLUMINA,Illumina HiSeq 2500,SRP144493,PRJNA448733,,448733,ERS1031720,SAMEA3724571,simple,9615,Canis lupus familiaris,SAMEA3724571,,,,,,,no,,,,,NHGRI,SRA699439,,public,30468A9402705D30DE88666C6083B9A0,925C19C0AF9B32CE6640513423F22DE5
SRR7107579,2018-05-16 00:07:03,2018-05-10 22:19:04,257755153,77195886293,257755153,299,33441,GCF_000002285.3,https://sra-downloadb.be-md.ncbi.nlm.nih.gov/sos12/sra-pub-zq-1214/SRR007/107/SRR7107579.sralite.1,SRX4035816,CH019-LIB,WGS,RANDOM,GENOMIC,PAIRED,0,0,ILLUMINA,Illumina HiSeq 2500,SRP144493,PRJNA448733,,448733,ERS1092887,SAMEA3905753,simple,9615,Canis lupus familiaris,SAMEA3905753,,,,,,,no,,,,,NHGRI,SRA699439,,public,068E04775C24B37B0DFFC6BF882266C0,EAC7EFEAE1EE7792A1321095BF428715
SRR7107580,2018-05-09 00:10:49,2018-05-03 19:18:31,243697431,49226881062,243697431,202,18479,GCF_000002285.3,https://sra-downloadb.be-md.ncbi.nlm.nih.gov/sos12/sra-pub-zq-1214/SRR007/107/SRR7107580.sralite.1,SRX4035817,AC065-LIB,WGS,RANDOM,GENOMIC,PAIRED,0,0,ILLUMINA,Illumina HiSeq 2000,SRP144493,PRJNA448733,,448733,ERS1115273,SAMEA3928139,simple,9615,Canis lupus familiaris,SAMEA3928139,,,,,,,no,,,,,NHGRI,SRA699439,,public,FD073C2F2F3756256BC539B95C04FB8C,5D9A8772DAFA1C828BE5B499A7ED303F
SRR7107581,2018-05-09 00:10:49,2018-05-03 18:58:28,237335816,47941834832,237335816,202,19098,GCF_000002285.3,https://sra-downloadb.be-md.ncbi.nlm.nih.gov/sos12/sra-pub-zq-1214/SRR007/107/SRR7107581.sralite.1,SRX4035818,BD016-LIB,WGS,RANDOM,GENOMIC,PAIRED,0,0,ILLUMINA,Illumina HiSeq 2000,SRP144493,PRJNA448733,,448733,ERS1115274,SAMEA3928140,simple,9615,Canis lupus familiaris,SAMEA3928140,,,,,,,no,,,,,NHGRI,SRA699439,,public,D222B5369D47C02818D93F34EFA4D4ED,28780E7455DC8594C40B93969903C296
SRR7107582,2018-05-14 00:07:23,2018-05-07 09:23:46,251164097,50735147594,251164097,202,19018,GCF_000002285.3,https://sra-downloadb.be-md.ncbi.nlm.nih.gov/sos12/sra-pub-zq-1214/SRR007/107/SRR7107582.sralite.1,SRX4035819,IT221-LIB,WGS,RANDOM,GENOMIC,PAIRED,0,0,ILLUMINA,Illumina HiSeq 2000,SRP144493,PRJNA448733,,448733,ERS1115275,SAMEA3928141,simple,9615,Canis lupus familiaris,SAMEA3928141,,,,,,,no,,,,,NHGRI,SRA699439,,public,3D802E11CCFB9507AAA2E6D48482C50C,B4F6D946A304A1F66A5885727E2DE951
SRR7107583,2018-05-16 00:07:03,2018-05-10 19:56:16,96257134,19443941068,96257134,202,8343,GCF_000002285.3,https://sra-downloadb.be-md.ncbi.nlm.nih.gov/sos12/sra-pub-zq-1214/SRR007/107/SRR7107583.sralite.1,SRX4035820,LR390-LIB,WGS,RANDOM,GENOMIC,PAIRED,0,0,ILLUMINA,Illumina HiSeq 2000,SRP144493,PRJNA448733,,448733,ERS1115276,SAMEA3928142,simple,9615,Canis lupus familiaris,SAMEA3928142,,,,,,,no,,,,,NHGRI,SRA699439,,public,757A1B8E49BD4A280568CAABB95020BF,430E8C290C1E1618648A48C958BAB0B9
SRR7107584,2018-05-16 00:07:03,2018-05-10 22:11:18,262495691,53024129582,262495691,202,19981,GCF_000002285.3,https://sra-downloadb.be-md.ncbi.nlm.nih.gov/sos12/sra-pub-zq-1214/SRR007/107/SRR7107584.sralite.1,SRX4035821,SG005-LIB,WGS,RANDOM,GENOMIC,PAIRED,0,0,ILLUMINA,Illumina HiSeq 2000,SRP144493,PRJNA448733,,448733,ERS1115277,SAMEA3928143,simple,9615,Canis lupus familiaris,SAMEA3928143,,,,,,,no,,,,,NHGRI,SRA699439,,public,D49752546C13EDF341EE3087D692D5D2,D4F440FC3298BB054014DB02EFE58039
SRR7107585,2018-05-14 00:07:23,2018-05-07 19:03:26,275698954,55691188708,275698954,202,20644,GCF_000002285.3,https://sra-downloadb.be-md.ncbi.nlm.nih.gov/sos12/sra-pub-zq-1214/SRR007/107/SRR7107585.sralite.1,SRX4035822,GW004-LIB,WGS,RANDOM,GENOMIC,PAIRED,0,0,ILLUMINA,Illumina HiSeq 2000,SRP144493,PRJNA448733,,448733,ERS1115278,SAMEA3928144,simple,9615,Canis lupus familiaris,SAMEA3928144,,,,,,,no,,,,,NHGRI,SRA699439,,public,2FAA7777426C8BEC76A803BED7C390CE,02B184FC03EB851021F603CE2B6C8B0E
SRR7107586,2018-05-16 00:07:03,2018-05-10 21:58:27,258402191,52197242582,258402191,202,21281,GCF_000002285.3,https://sra-downloadb.be-md.ncbi.nlm.nih.gov/sos12/sra-pub-zq-1214/SRR007/107/SRR7107586.sralite.1,SRX4035823,YT003-LIB,WGS,RANDOM,GENOMIC,PAIRED,0,0,ILLUMINA,Illumina HiSeq 2000,SRP144493,PRJNA448733,,448733,ERS1115279,SAMEA3928145,simple,9615,Canis lupus familiaris,SAMEA3928145,,,,,,,no,,,,,NHGRI,SRA699439,,public,6094BD25774AD2C7FA899A948834CE88,45E632E98BF3B6919DDB880AF90EAA8B
SRR7107587,2018-05-14 00:07:23,2018-05-07 16:54:18,238543439,48185774678,238543439,202,18259,GCF_000002285.3,https://sra-downloadb.be-md.ncbi.nlm.nih.gov/sos12/sra-pub-zq-1214/SRR007/107/SRR7107587.sralite.1,SRX4035824,FB046-LIB,WGS,RANDOM,GENOMIC,PAIRED,0,0,ILLUMINA,Illumina HiSeq 2000,SRP144493,PRJNA448733,,448733,ERS1115280,SAMEA3928146,simple,9615,Canis lupus familiaris,SAMEA3928146,,,,,,,no,,,,,NHGRI,SRA699439,,public,9969F0FA150E9DA363569B66D89E1265,71DCEF08E155197AA69EE01E151C4AFF
SRR7107588,2018-05-10 00:06:32,2018-05-03 22:39:09,292037105,86536987644,292037105,296,37940,GCF_000002285.3,https://sra-downloadb.be-md.ncbi.nlm.nih.gov/sos12/sra-pub-zq-1214/SRR007/107/SRR7107588.sralite.1,SRX4035825,AD009-LIB,WGS,RANDOM,GENOMIC,PAIRED,0,0,ILLUMINA,Illumina HiSeq 2500,SRP144493,PRJNA448733,,448733,ERS1258160,SAMEA4346711,simple,9615,Canis lupus familiaris,SAMEA4346711,,,,,,,no,,,,,NHGRI,SRA699439,,public,DE1BDBA2B368960C746CA8046C1B98D9,EAAA813021871E120742F321FC412496
SRR7107589,2018-05-09 00:10:49,2018-05-03 19:09:20,245226658,49535784916,245226658,202,18035,GCF_000002285.3,https://sra-downloadb.be-md.ncbi.nlm.nih.gov/sos12/sra-pub-zq-1214/SRR007/107/SRR7107589.sralite.1,SRX4035826,AC108-LIB,WGS,RANDOM,GENOMIC,PAIRED,0,0,ILLUMINA,Illumina HiSeq 2000,SRP144493,PRJNA448733,,448733,ERS1403999,SAMEA4504820,simple,9615,Canis lupus familiaris,SAMEA4504820,,,,,,,no,,,,,NHGRI,SRA699439,,public,B274D41FDAE36CF8E42806FE7166D269,31684524BC628E4EA3A95635A5A268F7
SRR7107590,2018-05-09 00:10:49,2018-05-03 19:24:45,282243841,57013255882,282243841,202,21619,GCF_000002285.3,https://sra-downloadb.be-md.ncbi.nlm.nih.gov/sos12/sra-pub-zq-1214/SRR007/107/SRR7107590.sralite.1,SRX4035827,LN47-LIB,WGS,RANDOM,GENOMIC,PAIRED,0,0,ILLUMINA,Illumina HiSeq 2000,SRP144493,PRJNA448733,,448733,ERS1404000,SAMEA4504821,simple,9615,Canis lupus familiaris,SAMEA4504821,,,,,,,no,,,,,NHGRI,SRA699439,,public,3BBDD1D768F97558BB1F535E49684004,6051D69CB7D4694B7EDA6F31B71C8345
SRR7107591,2018-05-17 00:10:07,2018-05-10 23:31:44,211007163,42623446926,211007163,202,16929,GCF_000002285.3,https://sra-downloadb.be-md.ncbi.nlm.nih.gov/sos12/sra-pub-zq-1214/SRR007/107/SRR7107591.sralite.1,SRX4035828,RR123-LIB,WGS,RANDOM,GENOMIC,PAIRED,0,0,ILLUMINA,Illumina HiSeq 2000,SRP144493,PRJNA448733,,448733,ERS1404001,SAMEA4504822,simple,9615,Canis lupus familiaris,SAMEA4504822,,,,,,,no,,,,,NHGRI,SRA699439,,public,8DC5EE0830B7C6A619497AFE675ADCE7,25F4F0F71BF2B5AF77A961BD6C9E99D2
SRR7107592,2018-05-09 00:10:49,2018-05-03 19:06:10,207071783,41828500166,207071783,202,16748,GCF_000002285.3,https://sra-downloadb.be-md.ncbi.nlm.nih.gov/sos12/sra-pub-zq-1214/SRR007/107/SRR7107592.sralite.1,SRX4035829,MA008-LIB,WGS,RANDOM,GENOMIC,PAIRED,0,0,ILLUMINA,Illumina HiSeq 2000,SRP144493,PRJNA448733,,448733,ERS1404002,SAMEA4504823,simple,9615,Canis lupus familiaris,SAMEA4504823,,,,,,,no,,,,,NHGRI,SRA699439,,public,CC7368EF8AAA36BA775AA76338F75E27,C478F1C141D03B2516435F14FC67BD35
SRR7107593,2018-05-10 00:06:32,2018-05-03 21:46:26,215527138,43536481876,215527138,202,17975,GCF_000002285.3,https://sra-downloadb.be-md.ncbi.nlm.nih.gov/sos12/sra-pub-zq-1214/SRR007/107/SRR7107593.sralite.1,SRX4035830,BD052-LIB,WGS,RANDOM,GENOMIC,PAIRED,0,0,ILLUMINA,Illumina HiSeq 2500,SRP144493,PRJNA448733,,448733,ERS1404003,SAMEA4504824,simple,9615,Canis lupus familiaris,SAMEA4504824,,,,,,,no,,,,,NHGRI,SRA699439,,public,36723412A35ECDF3E3082D0C23D7D5D8,9A436CF70CEEA5B6F61D2469AC8EC7BE
SRR7107594,2018-05-17 00:10:07,2018-05-10 23:54:07,189217270,38221888540,189217270,202,14741,GCF_000002285.3,https://sra-downloadb.be-md.ncbi.nlm.nih.gov/sos12/sra-pub-zq-1214/SRR007/107/SRR7107594.sralite.1,SRX4035831,SL006-LIB,WGS,RANDOM,GENOMIC,PAIRED,0,0,ILLUMINA,Illumina HiSeq 2500,SRP144493,PRJNA448733,,448733,ERS1404004,SAMEA4504825,simple,9615,Canis lupus familiaris,SAMEA4504825,,,,,,,no,,,,,NHGRI,SRA699439,,public,961223AF5193CE6B4D09FAC2FDE4424A,FE5BDB1FBD305D25A224083501392F69
SRR7107595,2018-05-09 00:10:49,2018-05-03 19:39:38,207032177,41820499754,207032177,202,18249,GCF_000002285.3,https://sra-downloadb.be-md.ncbi.nlm.nih.gov/sos12/sra-pub-zq-1214/SRR007/107/SRR7107595.sralite.1,SRX4035832,MA064-LIB,WGS,RANDOM,GENOMIC,PAIRED,0,0,ILLUMINA,Illumina HiSeq 2500,SRP144493,PRJNA448733,,448733,ERS1404005,SAMEA4504826,simple,9615,Canis lupus familiaris,SAMEA4504826,,,,,,,no,,,,,NHGRI,SRA699439,,public,6451AEE0DE384BBC245764206ED6FD05,84E01F175423F9C3CC4FA24A8EF86E52
SRR7107596,2018-05-09 00:10:49,2018-05-03 18:55:39,197533387,39901744174,197533387,202,15828,GCF_000002285.3,https://sra-downloadb.be-md.ncbi.nlm.nih.gov/sos12/sra-pub-zq-1214/SRR007/107/SRR7107596.sralite.1,SRX4035833,BD089-LIB,WGS,RANDOM,GENOMIC,PAIRED,0,0,ILLUMINA,Illumina HiSeq 2500,SRP144493,PRJNA448733,,448733,ERS1404006,SAMEA4504827,simple,9615,Canis lupus familiaris,SAMEA4504827,,,,,,,no,,,,,NHGRI,SRA699439,,public,07E50CF2ABB91F37D8C5611E556ED3B5,9250BE93D9E1A7E6091E58A41A78664F
SRR7107597,2018-05-09 00:10:49,2018-05-03 18:44:51,169479707,34234900814,169479707,202,13387,GCF_000002285.3,https://sra-downloadb.be-md.ncbi.nlm.nih.gov/sos12/sra-pub-zq-1214/SRR007/107/SRR7107597.sralite.1,SRX4035834,EN091-LIB,WGS,RANDOM,GENOMIC,PAIRED,0,0,ILLUMINA,Illumina HiSeq 2500,SRP144493,PRJNA448733,,448733,ERS1404007,SAMEA4504828,simple,9615,Canis lupus familiaris,SAMEA4504828,,,,,,,no,,,,,NHGRI,SRA699439,,public,6EBE39B676C76AA89A354B6B039870D7,F3C798327C83A533437E8852419963C5
SRR7107598,2018-05-09 00:10:49,2018-05-03 18:54:40,155960312,31503983024,155960312,202,12553,GCF_000002285.3,https://sra-downloadb.be-md.ncbi.nlm.nih.gov/sos12/sra-pub-zq-1214/SRR007/107/SRR7107598.sralite.1,SRX4035835,EN221,WGS,RANDOM,GENOMIC,PAIRED,0,0,ILLUMINA,Illumina HiSeq 2500,SRP144493,PRJNA448733,,448733,ERS1404008,SAMEA4504829,simple,9615,Canis lupus familiaris,SAMEA4504829,,,,,,,no,,,,,NHGRI,SRA699439,,public,5B496B471D060BB5F0176B2A31982745,C645795A908FEF46FE1D4E25D11F7751
SRR7107599,2018-05-09 00:10:49,2018-05-03 19:09:53,152932208,30892306016,152932208,202,12838,GCF_000002285.3,https://sra-downloadb.be-md.ncbi.nlm.nih.gov/sos12/sra-pub-zq-1214/SRR007/107/SRR7107599.sralite.1,SRX4035836,EN261,WGS,RANDOM,GENOMIC,PAIRED,0,0,ILLUMINA,Illumina HiSeq 2500,SRP144493,PRJNA448733,,448733,ERS1404009,SAMEA4504830,simple,9615,Canis lupus familiaris,SAMEA4504830,,,,,,,no,,,,,NHGRI,SRA699439,,public,27600E38A0276A35E76BD3332803423D,958909CEAA62B97226D108D29E712758
SRR7107600,2018-05-14 00:07:23,2018-05-07 08:17:42,75349832,18706373408,75349832,248,8471,GCF_000002285.3,https://sra-downloadb.be-md.ncbi.nlm.nih.gov/sos12/sra-pub-zq-1214/SRR007/107/SRR7107600.sralite.1,SRX4035837,AS006,WGS,RANDOM,GENOMIC,PAIRED,0,0,ILLUMINA,Illumina HiSeq 2500,SRP144493,PRJNA448733,,448733,ERS1404010,SAMEA4504831,simple,9615,Canis lupus familiaris,SAMEA4504831,,,,,,,no,,,,,NHGRI,SRA699439,,public,C3A7D241D0E9D98F09F2B34BAB3CA064,6CBA1DDBA371FF120E69A4AB60B928A5
SRR7107601,2018-05-09 00:10:49,2018-05-03 18:40:28,151108262,30523868924,151108262,202,11611,GCF_000002285.3,https://sra-downloadb.be-md.ncbi.nlm.nih.gov/sos12/sra-pub-zq-1214/SRR007/107/SRR7107601.sralite.1,SRX4035838,BD093,WGS,RANDOM,GENOMIC,PAIRED,0,0,ILLUMINA,Illumina HiSeq 2500,SRP144493,PRJNA448733,,448733,ERS1404011,SAMEA4504832,simple,9615,Canis lupus familiaris,SAMEA4504832,,,,,,,no,,,,,NHGRI,SRA699439,,public,2AA3B92FEA91E2B47C4A759BFCD0A688,F02E5CE8C5C2CD9F30AACAF99B33CE3E
SRR7107602,2018-05-17 00:10:07,2018-05-10 23:15:30,183109032,36988024464,183109032,202,13349,GCF_000002285.3,https://sra-downloadb.be-md.ncbi.nlm.nih.gov/sos12/sra-pub-zq-1214/SRR007/107/SRR7107602.sralite.1,SRX4035839,LR753,WGS,RANDOM,GENOMIC,PAIRED,0,0,ILLUMINA,Illumina HiSeq 2500,SRP144493,PRJNA448733,,448733,ERS1404012,SAMEA4504833,simple,9615,Canis lupus familiaris,SAMEA4504833,,,,,,,no,,,,,NHGRI,SRA699439,,public,055F341A79D1FB984DD4E28CEEA3F8C8,93C026B43688890B0F1C680CD636F320
SRR7107603,2018-05-17 00:10:07,2018-05-11 00:06:50,191887949,38761365698,191887949,202,14696,GCF_000002285.3,https://sra-downloadb.be-md.ncbi.nlm.nih.gov/sos12/sra-pub-zq-1214/SRR007/107/SRR7107603.sralite.1,SRX4035840,LA1869,WGS,RANDOM,GENOMIC,PAIRED,0,0,ILLUMINA,Illumina HiSeq 2500,SRP144493,PRJNA448733,,448733,ERS1404013,SAMEA4504834,simple,9615,Canis lupus familiaris,SAMEA4504834,,,,,,,no,,,,,NHGRI,SRA699439,,public,D10E3402F25DEF4E477E86DA03DC7D75,14ABAC306A50AFB5B9EB411E60245C12
SRR7107604,2018-05-17 00:10:07,2018-05-11 00:20:21,139400183,34467866882,139400183,247,11743,GCF_000002285.3,https://sra-downloadb.be-md.ncbi.nlm.nih.gov/sos12/sra-pub-zq-1214/SRR007/107/SRR7107604.sralite.1,SRX4035841,FB065,WGS,RANDOM,GENOMIC,PAIRED,0,0,ILLUMINA,Illumina HiSeq 2500,SRP144493,PRJNA448733,,448733,ERS1404014,SAMEA4504835,simple,9615,Canis lupus familiaris,SAMEA4504835,,,,,,,no,,,,,NHGRI,SRA699439,,public,A156DACDB4633BA18C58266E0101FDE5,3A9A819FEFB2FCD5D1A66449BF7AA717
SRR7107605,2018-05-10 00:06:32,2018-05-04 08:19:59,233543262,70263749613,233543262,300,32884,GCF_000002285.3,https://sra-downloadb.be-md.ncbi.nlm.nih.gov/sos12/sra-pub-zq-1214/SRR007/107/SRR7107605.sralite.1,SRX4035842,AR001,WGS,RANDOM,GENOMIC,PAIRED,0,0,ILLUMINA,Illumina HiSeq 2500,SRP144493,PRJNA448733,,448733,ERS1404019,SAMEA4504840,simple,9615,Canis lupus familiaris,SAMEA4504840,,,,,,,no,,,,,NHGRI,SRA699439,,public,558BCE9A98D2BAE69E9795C2056DED84,2776C47B00B5A01864E776C06B105128
SRR7107606,2018-05-17 00:10:07,2018-05-11 10:19:12,492003801,98489221376,492003801,200,40116,GCF_000002285.3,https://sra-downloadb.be-md.ncbi.nlm.nih.gov/sos12/sra-pub-zq-1214/SRR007/107/SRR7107606.sralite.1,SRX4035843,DO242,WGS,RANDOM,GENOMIC,PAIRED,0,0,ILLUMINA,Illumina HiSeq 2000,SRP144493,PRJNA448733,,448733,ERS1404668,SAMEA4505489,simple,9615,Canis lupus familiaris,SAMEA4505489,,,,,,,no,,,,,NHGRI,SRA699439,,public,12499DCBB702FA7D33BA751A96E07F99,39A8BF3D3B0D8112759D44D908E1A640
SRR7107607,2018-05-09 00:10:49,2018-05-03 17:59:42,51474188,10180061145,51474188,197,4403,GCF_000002285.3,https://sra-downloadb.be-md.ncbi.nlm.nih.gov/sos12/sra-pub-zq-1214/SRR007/107/SRR7107607.sralite.1,SRX4035844,BC273,WGS,RANDOM,GENOMIC,PAIRED,0,0,ILLUMINA,Illumina HiSeq 2000,SRP144493,PRJNA448733,,448733,ERS1404669,SAMEA4505490,simple,9615,Canis lupus familiaris,SAMEA4505490,,,,,,,no,,,,,NHGRI,SRA699439,,public,47B93E49D72EE6A0985CE26EF1C8156D,BDFFE17AB373D0B4F466C81A3BE448CD
SRR7107608,2018-05-17 00:10:07,2018-05-11 03:07:25,265198255,53570047510,265198255,202,21603,GCF_000002285.3,https://sra-downloadb.be-md.ncbi.nlm.nih.gov/sos12/sra-pub-zq-1214/SRR007/107/SRR7107608.sralite.1,SRX4035845,LR433,WGS,RANDOM,GENOMIC,PAIRED,0,0,ILLUMINA,Illumina HiSeq 2000,SRP144493,PRJNA448733,,448733,ERS1404670,SAMEA4505491,simple,9615,Canis lupus familiaris,SAMEA4505491,,,,,,,no,,,,,NHGRI,SRA699439,,public,B35FDA189A26CB4BE4B45E5999322A3D,5847F446A8550FD2F95A12217BF1CD14
SRR7107609,2018-05-09 00:10:49,2018-05-03 19:32:58,263310489,53188718778,263310489,202,21785,GCF_000002285.3,https://sra-downloadb.be-md.ncbi.nlm.nih.gov/sos12/sra-pub-zq-1214/SRR007/107/SRR7107609.sralite.1,SRX4035846,BD036,WGS,RANDOM,GENOMIC,PAIRED,0,0,ILLUMINA,Illumina HiSeq 2000,SRP144493,PRJNA448733,,448733,ERS1404671,SAMEA4505492,simple,9615,Canis lupus familiaris,SAMEA4505492,,,,,,,no,,,,,NHGRI,SRA699439,,public,36F7D6184F101253E419D351D652350E,A05C06914D0698EEDCF350370D2BB33B
SRR7107610,2018-05-09 00:10:49,2018-05-03 19:30:21,221204724,44683354248,221204724,202,17884,GCF_000002285.3,https://sra-downloadb.be-md.ncbi.nlm.nih.gov/sos12/sra-pub-zq-1214/SRR007/107/SRR7107610.sralite.1,SRX4035847,BD085,WGS,RANDOM,GENOMIC,PAIRED,0,0,ILLUMINA,Illumina HiSeq 2000,SRP144493,PRJNA448733,,448733,ERS1404672,SAMEA4505493,simple,9615,Canis lupus familiaris,SAMEA4505493,,,,,,,no,,,,,NHGRI,SRA699439,,public,AE97975EAF37D4414CA3126AA5F9B4AE,2D3AB4403AC505C259BD6FEAC79F955A
SRR7107611,2018-05-17 00:10:07,2018-05-11 02:21:09,210169618,42454262836,210169618,202,18390,GCF_000002285.3,https://sra-downloadb.be-md.ncbi.nlm.nih.gov/sos12/sra-pub-zq-1214/SRR007/107/SRR7107611.sralite.1,SRX4035848,LR494,WGS,RANDOM,GENOMIC,PAIRED,0,0,ILLUMINA,Illumina HiSeq 2000,SRP144493,PRJNA448733,,448733,ERS1404673,SAMEA4505494,simple,9615,Canis lupus familiaris,SAMEA4505494,,,,,,,no,,,,,NHGRI,SRA699439,,public,8A59240C40810DE1155717EEF098ABE8,93CBB45A42A949767FF707AB09681C85
SRR7107612,2018-05-17 00:10:07,2018-05-11 03:44:01,122779904,24801540608,122779904,202,9434,GCF_000002285.3,https://sra-downloadb.be-md.ncbi.nlm.nih.gov/sos12/sra-pub-zq-1214/SRR007/107/SRR7107612.sralite.1,SRX4035849,RR224,WGS,RANDOM,GENOMIC,PAIRED,0,0,ILLUMINA,Illumina HiSeq 2000,SRP144493,PRJNA448733,,448733,ERS1404674,SAMEA4505495,simple,9615,Canis lupus familiaris,SAMEA4505495,,,,,,,no,,,,,NHGRI,SRA699439,,public,64367F59587A60767576C01A430873D0,BACECE8FD4B5C72F0816FDBB1447F3AE
SRR7107613,2018-05-09 00:10:49,2018-05-03 18:43:31,136905511,27654913222,136905511,202,11138,GCF_000002285.3,https://sra-downloadb.be-md.ncbi.nlm.nih.gov/sos12/sra-pub-zq-1214/SRR007/107/SRR7107613.sralite.1,SRX4035850,BD091,WGS,RANDOM,GENOMIC,PAIRED,0,0,ILLUMINA,Illumina HiSeq 2000,SRP144493,PRJNA448733,,448733,ERS1404675,SAMEA4505496,simple,9615,Canis lupus familiaris,SAMEA4505496,,,,,,,no,,,,,NHGRI,SRA699439,,public,7E5019BC7897D326E0C487BB4C87312B,8323D9F8A18FD9618BF1826888CA5AA7
SRR7107614,2018-05-09 00:10:49,2018-05-03 18:53:40,166747721,33683039642,166747721,202,13417,GCF_000002285.3,https://sra-downloadb.be-md.ncbi.nlm.nih.gov/sos12/sra-pub-zq-1214/SRR007/107/SRR7107614.sralite.1,SRX4035851,EN154,WGS,RANDOM,GENOMIC,PAIRED,0,0,ILLUMINA,Illumina HiSeq 2000,SRP144493,PRJNA448733,,448733,ERS1404676,SAMEA4505497,simple,9615,Canis lupus familiaris,SAMEA4505497,,,,,,,no,,,,,NHGRI,SRA699439,,public,766F0478C07A31E692CE15052B6A0C7F,67730C7B53F4751E0A0020EE9E1361CB
SRR7107615,2018-05-09 00:10:49,2018-05-03 18:36:31,149696708,30238735016,149696708,202,12089,GCF_000002285.3,https://sra-downloadb.be-md.ncbi.nlm.nih.gov/sos12/sra-pub-zq-1214/SRR007/107/SRR7107615.sralite.1,SRX4035852,EN247,WGS,RANDOM,GENOMIC,PAIRED,0,0,ILLUMINA,Illumina HiSeq 2000,SRP144493,PRJNA448733,,448733,ERS1404677,SAMEA4505498,simple,9615,Canis lupus familiaris,SAMEA4505498,,,,,,,no,,,,,NHGRI,SRA699439,,public,70CC7E9CF95A4053246B8B8DAF5B7A03,52B5A3C20F19E72A1B0D1A57A8CB4743
SRR7107616,2018-05-09 00:10:49,2018-05-03 19:12:58,174036562,35155385524,174036562,202,14034,GCF_000002285.3,https://sra-downloadb.be-md.ncbi.nlm.nih.gov/sos12/sra-pub-zq-1214/SRR007/107/SRR7107616.sralite.1,SRX4035853,EN262,WGS,RANDOM,GENOMIC,PAIRED,0,0,ILLUMINA,Illumina HiSeq 2000,SRP144493,PRJNA448733,,448733,ERS1404678,SAMEA4505499,simple,9615,Canis lupus familiaris,SAMEA4505499,,,,,,,no,,,,,NHGRI,SRA699439,,public,F941FB55ADB86D5BC13184E72CE844B1,E0E54F21D191E531BED69072470A174C
SRR7107617,2018-05-09 00:10:49,2018-05-03 18:36:18,164565443,33242219486,164565443,202,13233,GCF_000002285.3,https://sra-downloadb.be-md.ncbi.nlm.nih.gov/sos12/sra-pub-zq-1214/SRR007/107/SRR7107617.sralite.1,SRX4035854,EN263,WGS,RANDOM,GENOMIC,PAIRED,0,0,ILLUMINA,Illumina HiSeq 2000,SRP144493,PRJNA448733,,448733,ERS1404679,SAMEA4505500,simple,9615,Canis lupus familiaris,SAMEA4505500,,,,,,,no,,,,,NHGRI,SRA699439,,public,9B147BA3590C048EE09B82A295FDDC68,009FECF91C3E811F1741DF88CD396F1B
SRR7107618,2018-05-09 00:10:49,2018-05-03 19:25:29,214196815,43267756630,214196815,202,17529,GCF_000002285.3,https://sra-downloadb.be-md.ncbi.nlm.nih.gov/sos12/sra-pub-zq-1214/SRR007/107/SRR7107618.sralite.1,SRX4035855,EN264,WGS,RANDOM,GENOMIC,PAIRED,0,0,ILLUMINA,Illumina HiSeq 2000,SRP144493,PRJNA448733,,448733,ERS1404680,SAMEA4505501,simple,9615,Canis lupus familiaris,SAMEA4505501,,,,,,,no,,,,,NHGRI,SRA699439,,public,10068C7F5F458EBA66C67C34DB8AE66A,25102DA172BD1EC21723759FCEE74D82
SRR7107619,2018-05-18 00:09:25,2018-05-11 23:16:47,327540859,66163253518,327540859,202,24548,GCF_000002285.3,https://sra-downloadb.be-md.ncbi.nlm.nih.gov/sos12/sra-pub-zq-1214/SRR007/107/SRR7107619.sralite.1,SRX4035856,SG006,WGS,RANDOM,GENOMIC,PAIRED,0,0,ILLUMINA,Illumina HiSeq 2500,SRP144493,PRJNA448733,,448733,ERS1406064,SAMEA4506885,simple,9615,Canis lupus familiaris,SAMEA4506885,,,,,,,no,,,,,NHGRI,SRA699439,,public,0B052AB9474EDC71A00173021461EF03,A2A0F69BCDD49400202DCD6EAE4BC42F
SRR7107620,2018-05-17 00:10:07,2018-05-11 03:43:12,157691168,31853615936,157691168,202,13604,GCF_000002285.3,https://sra-downloadb.be-md.ncbi.nlm.nih.gov/sos12/sra-pub-zq-1214/SRR007/107/SRR7107620.sralite.1,SRX4035857,WH083,WGS,RANDOM,GENOMIC,PAIRED,0,0,ILLUMINA,Illumina HiSeq 2500,SRP144493,PRJNA448733,,448733,ERS1406065,SAMEA4506886,simple,9615,Canis lupus familiaris,SAMEA4506886,,,,,,,no,,,,,NHGRI,SRA699439,,public,B98835E9D27CAA6B74D2FA55F43164C4,0A90110ACF18FED7E134735637D8D248
SRR7107621,2018-05-09 00:10:50,2018-05-03 18:56:52,198752580,40148021160,198752580,202,14697,GCF_000002285.3,https://sra-downloadb.be-md.ncbi.nlm.nih.gov/sos12/sra-pub-zq-1214/SRR007/107/SRR7107621.sralite.1,SRX4035858,BB011,WGS,RANDOM,GENOMIC,PAIRED,0,0,ILLUMINA,Illumina HiSeq 2500,SRP144493,PRJNA448733,,448733,ERS1406066,SAMEA4506887,simple,9615,Canis lupus familiaris,SAMEA4506887,,,,,,,no,,,,,NHGRI,SRA699439,,public,F4790DC4302DD91F42EC41245BE301B3,C6242B4CF0F821C0E786CE05402A6315
SRR7107622,2018-05-17 00:10:07,2018-05-11 04:00:09,229967768,46453489136,229967768,202,17707,GCF_000002285.3,https://sra-downloadb.be-md.ncbi.nlm.nih.gov/sos12/sra-pub-zq-1214/SRR007/107/SRR7107622.sralite.1,SRX4035859,SG008,WGS,RANDOM,GENOMIC,PAIRED,0,0,ILLUMINA,Illumina HiSeq 2500,SRP144493,PRJNA448733,,448733,ERS1406067,SAMEA4506888,simple,9615,Canis lupus familiaris,SAMEA4506888,,,,,,,no,,,,,NHGRI,SRA699439,,public,6915A84947EEA70C4F0740DF9E36D5AE,4F5C38AF8689F420F773DCA92FB68702
SRR7107623,2018-05-09 00:10:50,2018-05-03 19:02:35,197391277,39873037954,197391277,202,16183,GCF_000002285.3,https://sra-downloadb.be-md.ncbi.nlm.nih.gov/sos12/sra-pub-zq-1214/SRR007/107/SRR7107623.sralite.1,SRX4035860,EU035,WGS,RANDOM,GENOMIC,PAIRED,0,0,ILLUMINA,Illumina HiSeq 2500,SRP144493,PRJNA448733,,448733,ERS1406068,SAMEA4506889,simple,9615,Canis lupus familiaris,SAMEA4506889,,,,,,,no,,,,,NHGRI,SRA699439,,public,FE6ADFE8D62961BE03F7AF0EF439E924,247A5B72C9208448C94A33CA15A166DF
SRR7107624,2018-05-09 00:10:50,2018-05-03 20:03:00,222051467,44854396334,222051467,202,16940,GCF_000002285.3,https://sra-downloadb.be-md.ncbi.nlm.nih.gov/sos12/sra-pub-zq-1214/SRR007/107/SRR7107624.sralite.1,SRX4035861,EL565,WGS,RANDOM,GENOMIC,PAIRED,0,0,ILLUMINA,Illumina HiSeq 2500,SRP144493,PRJNA448733,,448733,ERS1406069,SAMEA4506890,simple,9615,Canis lupus familiaris,SAMEA4506890,,,,,,,no,,,,,NHGRI,SRA699439,,public,5BCA20F10DE95501FCEB371D106BFCCE,73D3F5A3B7A3BFC126CDF33165005A39
SRR7107625,2018-05-10 00:06:32,2018-05-04 22:43:29,236992756,47055896052,236992756,198,21072,GCF_000002285.3,https://sra-downloadb.be-md.ncbi.nlm.nih.gov/sos12/sra-pub-zq-1214/SRR007/107/SRR7107625.sralite.1,SRX4035862,PL116,WGS,RANDOM,GENOMIC,PAIRED,0,0,ILLUMINA,Illumina HiSeq 2500,SRP144493,PRJNA448733,,448733,ERS1406070,SAMEA4506891,simple,9615,Canis lupus familiaris,SAMEA4506891,,,,,,,no,,,,,NHGRI,SRA699439,,public,D68B635329A7AB86A119AE50CF3E1743,D06C371E0B09A1737FC274077223BD8D
SRR7107626,2018-05-17 00:10:07,2018-05-11 03:32:34,235580956,59366400912,235580956,252,20294,GCF_000002285.3,https://sra-downloadb.be-md.ncbi.nlm.nih.gov/sos12/sra-pub-zq-1214/SRR007/107/SRR7107626.sralite.1,SRX4035863,ZS14_2,WGS,RANDOM,GENOMIC,PAIRED,0,0,ILLUMINA,Illumina HiSeq 2500,SRP144493,PRJNA448733,,448733,ERS1406071,SAMEA4506892,simple,9615,Canis lupus familiaris,SAMEA4506892,,,,,,,no,,,,,NHGRI,SRA699439,,public,597C3BC499A4B35B4A6F1B11A7B1FB0A,ADE7BA997B1C6FBEA674AF326EF9E8CB
SRR7107627,2018-05-09 00:10:50,2018-05-03 20:37:21,258344434,64575451836,258344434,249,21544,GCF_000002285.3,https://sra-downloadb.be-md.ncbi.nlm.nih.gov/sos12/sra-pub-zq-1214/SRR007/107/SRR7107627.sralite.1,SRX4035864,MI016,WGS,RANDOM,GENOMIC,PAIRED,0,0,ILLUMINA,Illumina HiSeq 2500,SRP144493,PRJNA448733,,448733,ERS1406072,SAMEA4506893,simple,9615,Canis lupus familiaris,SAMEA4506893,,,,,,,no,,,,,NHGRI,SRA699439,,public,BF0E8AE09E277D5B6007E5C7124C8046,1062D50ED5E07C1E6CDA45B83F014767
SRR7107628,2018-05-17 00:10:07,2018-05-11 03:17:58,139058624,34571352775,139058624,248,11769,GCF_000002285.3,https://sra-downloadb.be-md.ncbi.nlm.nih.gov/sos12/sra-pub-zq-1214/SRR007/107/SRR7107628.sralite.1,SRX4035865,HW1706,WGS,RANDOM,GENOMIC,PAIRED,0,0,ILLUMINA,Illumina HiSeq 2500,SRP144493,PRJNA448733,,448733,ERS1406073,SAMEA4506894,simple,9615,Canis lupus familiaris,SAMEA4506894,,,,,,,no,,,,,NHGRI,SRA699439,,public,155E862EF0241B43A87D580B076A9115,8B1B3C30F082BEECAF3CE926ABCE999B
SRR7107629,2018-05-17 00:10:07,2018-05-11 04:52:07,237564008,71475159566,237564008,300,33279,GCF_000002285.3,https://sra-downloadb.be-md.ncbi.nlm.nih.gov/sos12/sra-pub-zq-1214/SRR007/107/SRR7107629.sralite.1,SRX4035866,DS043,WGS,RANDOM,GENOMIC,PAIRED,0,0,ILLUMINA,Illumina HiSeq 2500,SRP144493,PRJNA448733,,448733,ERS1406074,SAMEA4506895,simple,9615,Canis lupus familiaris,SAMEA4506895,,,,,,,no,,,,,NHGRI,SRA699439,,public,BCB1FC892130FD81C7A528A46CE08FD0,871261C836BF6D75C08B7EF3F7397D3A
SRR7107630,2018-05-14 00:07:23,2018-05-07 16:48:25,198969588,59860558915,198969588,300,26696,GCF_000002285.3,https://sra-downloadb.be-md.ncbi.nlm.nih.gov/sos12/sra-pub-zq-1214/SRR007/107/SRR7107630.sralite.1,SRX4035867,TA001,WGS,RANDOM,GENOMIC,PAIRED,0,0,ILLUMINA,Illumina HiSeq 2500,SRP144493,PRJNA448733,,448733,ERS1406075,SAMEA4506896,simple,9615,Canis lupus familiaris,SAMEA4506896,,,,,,,no,,,,,NHGRI,SRA699439,,public,15A3427AE2CB6612ECAE18806613FEA9,28DC119C404861FD5E763E5325DAA697
SRR7107631,2018-05-14 00:07:23,2018-05-07 23:20:12,307684604,92567953057,307684604,300,43824,GCF_000002285.3,https://sra-downloadb.be-md.ncbi.nlm.nih.gov/sos12/sra-pub-zq-1214/SRR007/107/SRR7107631.sralite.1,SRX4035868,BT007,WGS,RANDOM,GENOMIC,PAIRED,0,0,ILLUMINA,Illumina HiSeq 2500,SRP144493,PRJNA448733,,448733,ERS1406076,SAMEA4506897,simple,9615,Canis lupus familiaris,SAMEA4506897,,,,,,,no,,,,,NHGRI,SRA699439,,public,54ED0329C867B3AC432162D7773660EF,9256D1898AB1B2ACAFD4237854B75A22
SRR7107632,2018-05-17 00:10:07,2018-05-11 04:57:16,222108500,66820640769,222108500,300,31631,GCF_000002285.3,https://sra-downloadb.be-md.ncbi.nlm.nih.gov/sos12/sra-pub-zq-1214/SRR007/107/SRR7107632.sralite.1,SRX4035869,CP003,WGS,RANDOM,GENOMIC,PAIRED,0,0,ILLUMINA,Illumina HiSeq 2500,SRP144493,PRJNA448733,,448733,ERS1406079,SAMEA4506900,simple,9615,Canis lupus familiaris,SAMEA4506900,,,,,,,no,,,,,NHGRI,SRA699439,,public,E37C71773C2F318DBC46B44E3B704617,0862E66F735D4398174E6CEB086E487B
SRR7107633,2018-05-14 00:07:23,2018-05-07 09:13:51,175254860,52730602727,175254860,300,24669,GCF_000002285.3,https://sra-downloadb.be-md.ncbi.nlm.nih.gov/sos12/sra-pub-zq-1214/SRR007/107/SRR7107633.sralite.1,SRX4035870,WW174,WGS,RANDOM,GENOMIC,PAIRED,0,0,ILLUMINA,Illumina HiSeq 2500,SRP144493,PRJNA448733,,448733,ERS1406080,SAMEA4506901,simple,9615,Canis lupus familiaris,SAMEA4506901,,,,,,,no,,,,,NHGRI,SRA699439,,public,888BF37A17F3A206690057896E4B1048,D865D1319405E821BA7EB02E53EE90F3
SRR7107634,2018-05-14 00:07:23,2018-05-07 10:33:57,192335020,57866483425,192335020,300,27221,GCF_000002285.3,https://sra-downloadb.be-md.ncbi.nlm.nih.gov/sos12/sra-pub-zq-1214/SRR007/107/SRR7107634.sralite.1,SRX4035871,WE006,WGS,RANDOM,GENOMIC,PAIRED,0,0,ILLUMINA,Illumina HiSeq 2500,SRP144493,PRJNA448733,,448733,ERS1406081,SAMEA4506902,simple,9615,Canis lupus familiaris,SAMEA4506902,,,,,,,no,,,,,NHGRI,SRA699439,,public,BABE7073D25C5259A2C9700994B3E65E,AFFA20E69B4C8E0603DD259AB0B29EDF
SRR7107635,2018-05-14 00:07:23,2018-05-07 09:19:17,195751592,58898274049,195751592,300,28038,GCF_000002285.3,https://sra-downloadb.be-md.ncbi.nlm.nih.gov/sos12/sra-pub-zq-1214/SRR007/107/SRR7107635.sralite.1,SRX4035872,BH003,WGS,RANDOM,GENOMIC,PAIRED,0,0,ILLUMINA,Illumina HiSeq 2500,SRP144493,PRJNA448733,,448733,ERS1408667,SAMEA4509488,simple,9615,Canis lupus familiaris,SAMEA4509488,,,,,,,no,,,,,NHGRI,SRA699439,,public,0B580F4508F1EA26E3635CA37670A191,4DA104657089A70DDBA86232A1B077BA
SRR7107636,2018-05-14 00:07:23,2018-05-07 09:04:10,154945762,46621024943,154945762,300,20238,GCF_000002285.3,https://sra-downloadb.be-md.ncbi.nlm.nih.gov/sos12/sra-pub-zq-1214/SRR007/107/SRR7107636.sralite.1,SRX4035873,WW362,WGS,RANDOM,GENOMIC,PAIRED,0,0,ILLUMINA,Illumina HiSeq 2500,SRP144493,PRJNA448733,,448733,ERS1408668,SAMEA4509489,simple,9615,Canis lupus familiaris,SAMEA4509489,,,,,,,no,,,,,NHGRI,SRA699439,,public,B4BB237322F8081FF948406408102C9D,F7D6B56D7838D110A3E41C655F656755
SRR7107637,2018-05-10 00:06:32,2018-05-03 20:58:45,170588649,51337561953,170588649,300,24999,GCF_000002285.3,https://sra-downloadb.be-md.ncbi.nlm.nih.gov/sos12/sra-pub-zq-1214/SRR007/107/SRR7107637.sralite.1,SRX4035874,LR1030,WGS,RANDOM,GENOMIC,PAIRED,0,0,ILLUMINA,Illumina HiSeq 2500,SRP144493,PRJNA448733,,448733,ERS1408669,SAMEA4509490,simple,9615,Canis lupus familiaris,SAMEA4509490,,,,,,,no,,,,,NHGRI,SRA699439,,public,5FCFBA030EC1FC5D7BCF7C72FEE1D49B,010F048A0A51A54BB336D2F74BEAC075
SRR7107638,2018-05-09 00:10:50,2018-05-03 18:10:21,94546166,19098325532,94546166,202,7933,GCF_000002285.3,https://sra-downloadb.be-md.ncbi.nlm.nih.gov/sos12/sra-pub-zq-1214/SRR007/107/SRR7107638.sralite.1,SRX4035875,DO159,WGS,RANDOM,GENOMIC,PAIRED,0,0,ILLUMINA,Illumina HiSeq 2500,SRP144493,PRJNA448733,,448733,ERS1408670,SAMEA4509491,simple,9615,Canis lupus familiaris,SAMEA4509491,,,,,,,no,,,,,NHGRI,SRA699439,,public,EEF0DCB6B922C55913CC73AE6A765DBB,66C817997CF9F628999ED21BC6DB8E69
SRR7107639,2018-05-09 00:10:50,2018-05-03 18:21:27,111205180,22463446360,111205180,202,9429,GCF_000002285.3,https://sra-downloadb.be-md.ncbi.nlm.nih.gov/sos12/sra-pub-zq-1214/SRR007/107/SRR7107639.sralite.1,SRX4035876,DO263,WGS,RANDOM,GENOMIC,PAIRED,0,0,ILLUMINA,Illumina HiSeq 2500,SRP144493,PRJNA448733,,448733,ERS1408671,SAMEA4509492,simple,9615,Canis lupus familiaris,SAMEA4509492,,,,,,,no,,,,,NHGRI,SRA699439,,public,32FC5552E1D11583BA985E14F24B2F50,3D1A3F31F73E9FAD7CB6DD86E8E0D97F
SRR7107640,2018-05-17 00:10:07,2018-05-11 03:51:49,169745656,51082042052,169745656,300,19801,GCF_000002285.3,https://sra-downloadb.be-md.ncbi.nlm.nih.gov/sos12/sra-pub-zq-1214/SRR007/107/SRR7107640.sralite.1,SRX4035877,DS051,WGS,RANDOM,GENOMIC,PAIRED,0,0,ILLUMINA,Illumina HiSeq 3000,SRP144493,PRJNA448733,,448733,ERS1535184,SAMEA72802168,simple,9615,Canis lupus familiaris,SAMEA72802168,,,,,,,no,,,,,NHGRI,SRA699439,,public,9CF7CC578718D9074D0391D4EA975807,0B81276D2A5152CCF0BF7501BD7A1A44
SRR7107642,2018-05-10 00:06:32,2018-05-04 06:00:08,1078402433,141983104319,1078402433,131,72861,GCF_000002285.3,https://sra-downloadb.be-md.ncbi.nlm.nih.gov/sos12/sra-pub-zq-1211/SRR007/107/SRR7107642/SRR7107642.lite.1,SRX4035879,Beagle Reads,WGS,RANDOM,GENOMIC,PAIRED,0,0,ILLUMINA,Illumina HiSeq 2000,SRP144493,PRJNA448733,,448733,SRS366127,SAMN01737209,simple,9615,Canis lupus familiaris,Beagle Reads,,,,,,,no,,,,,NHGRI,SRA699439,,public,9BB670854CD6D03A2B577AE9620D426C,F206598B8D3B2CF37394C14AB7165674
SRR7107643,2018-05-17 00:10:07,2018-05-11 05:48:27,301452311,55830183756,301452311,185,22629,GCF_000002285.3,https://sra-downloadb.be-md.ncbi.nlm.nih.gov/sos12/sra-pub-zq-1214/SRR007/107/SRR7107643.sralite.1,SRX4035880,LUND1558,WGS,RANDOM,GENOMIC,PAIRED,0,0,ILLUMINA,Illumina Genome Analyzer IIx,SRP144493,PRJNA448733,,448733,SRS386919,SAMN01893932,simple,9615,Canis lupus familiaris,LUND1558,,,,,,,no,,,,,NHGRI,SRA699439,,public,7A7AAA89396F24BE69B753CF687352D5,68B9EA5C2FF3D0AA5C4655D2184F8161
SRR7107644,2018-05-09 00:10:50,2018-05-03 18:28:24,127457731,25746461662,127457731,202,9574,GCF_000002285.3,https://sra-downloadb.be-md.ncbi.nlm.nih.gov/sos12/sra-pub-zq-1214/SRR007/107/SRR7107644.sralite.1,SRX4035881,BC272,WGS,RANDOM,GENOMIC,PAIRED,0,0,ILLUMINA,Illumina HiSeq 2000,SRP144493,PRJNA448733,,448733,SRS388582,SAMN01908107,simple,9615,Canis lupus familiaris,BC272,,,,,,,no,,,,,NHGRI,SRA699439,,public,90ED14785563C0AA5481DC3AB2290CB3,DC77551BAC56414604FFFFE796DF8CE7
SRR7107645,2018-05-09 00:10:50,2018-05-03 18:50:21,160262851,35380728798,160262851,220,15150,GCF_000002285.3,https://sra-downloadb.be-md.ncbi.nlm.nih.gov/sos12/sra-pub-zq-1214/SRR007/107/SRR7107645.sralite.1,SRX4035882,GW1,WGS,unspecified,GENOMIC,PAIRED,0,0,ILLUMINA,Illumina Genome Analyzer IIx,SRP144493,PRJNA448733,,448733,SRS402038,SAMN01974486,simple,9615,Canis lupus familiaris,GW1,,,,,,,no,,,,,NHGRI,SRA699439,,public,6A6E5EEAC132C3848C59A3BB97D92760,1BE829DDAF3AAA96F4CD6CABDC0EB58E
SRR7107641,2018-05-17 00:10:07,2018-05-11 04:00:49,167190049,50312722358,167190049,300,19518,GCF_000002285.3,https://sra-downloadb.be-md.ncbi.nlm.nih.gov/sos12/sra-pub-zq-1214/SRR007/107/SRR7107641.sralite.1,SRX4035878,DS053,WGS,RANDOM,GENOMIC,PAIRED,0,0,ILLUMINA,Illumina HiSeq 3000,SRP144493,PRJNA448733,,448733,ERS1535185,SAMEA72802918,simple,9615,Canis lupus familiaris,SAMEA72802918,,,,,,,no,,,,,NHGRI,SRA699439,,public,A6E9CCCA1D0A08104EF825D53FB72B18,909CF2BEE0FD025E24528505AFE7F9CA
SRR7107648,2018-05-09 00:10:50,2018-05-03 19:15:02,253714517,27066043788,253714517,106,13401,GCF_000002285.3,https://sra-downloadb.be-md.ncbi.nlm.nih.gov/sos12/sra-pub-zq-1214/SRR007/107/SRR7107648.sralite.1,SRX4035885,GW4,WGS,unspecified,GENOMIC,PAIRED,0,0,ILLUMINA,Illumina Genome Analyzer IIx,SRP144493,PRJNA448733,,448733,SRS401789,SAMN01974489,simple,9615,Canis lupus familiaris,GW4,,,,,,,no,,,,,NHGRI,SRA699439,,public,3A44E1A87F1F0BDAAFE262AC67331A58,B29190C0EC902AB0E8383CB7A936DF7B
SRR7107646,2018-05-09 00:10:50,2018-05-03 18:17:04,113846752,26962455354,113846752,236,11015,GCF_000002285.3,https://sra-downloadb.be-md.ncbi.nlm.nih.gov/sos12/sra-pub-zq-1214/SRR007/107/SRR7107646.sralite.1,SRX4035883,GW2,WGS,unspecified,GENOMIC,PAIRED,0,0,ILLUMINA,Illumina Genome Analyzer IIx,SRP144493,PRJNA448733,,448733,SRS402061,SAMN01974487,simple,9615,Canis lupus familiaris,GW2,,,,,,,no,,,,,NHGRI,SRA699439,,public,8CB2BD04B190E804C51066C327492A08,F44A8A267B2C417ACA51661823B3F707
SRR7107647,2018-05-09 00:10:50,2018-05-03 18:55:29,210917731,42605381662,210917731,202,17412,GCF_000002285.3,https://sra-downloadb.be-md.ncbi.nlm.nih.gov/sos12/sra-pub-zq-1214/SRR007/107/SRR7107647.sralite.1,SRX4035884,GW3,WGS,unspecified,GENOMIC,PAIRED,0,0,ILLUMINA,Illumina Genome Analyzer IIx,SRP144493,PRJNA448733,,448733,SRS402066,SAMN01974488,simple,9615,Canis lupus familiaris,GW3,,,,,,,no,,,,,NHGRI,SRA699439,,public,F067C5DDEA6C037C75EB21074CA51D93,C30CBFB80978B6674F8B67EE8A2FEC87
SRR7107649,2018-05-09 00:10:50,2018-05-03 20:20:57,345485223,69788015046,345485223,202,11728,GCF_000002285.3,https://sra-downloadb.be-md.ncbi.nlm.nih.gov/sos12/sra-pub-zq-1214/SRR007/107/SRR7107649.sralite.1,SRX4035886,dogCI1,WGS,unspecified,GENOMIC,PAIRED,0,0,ILLUMINA,Illumina Genome Analyzer IIx,SRP144493,PRJNA448733,,448733,SRS402070,SAMN01974490,simple,9615,Canis lupus familiaris,dogCI1,,,,,,,no,,,,,NHGRI,SRA699439,,public,9A15FBCF7BC78DBDD17D4DACFF86FA64,850971BA46EE5110B1EAEC7C7A890D92
SRR7107650,2018-05-09 00:10:50,2018-05-03 19:10:10,164882453,56389798926,164882453,342,21574,GCF_000002285.3,https://sra-downloadb.be-md.ncbi.nlm.nih.gov/sos12/sra-pub-zq-1214/SRR007/107/SRR7107650.sralite.1,SRX4035887,dogCI2,WGS,unspecified,GENOMIC,PAIRED,0,0,ILLUMINA,Illumina Genome Analyzer IIx,SRP144493,PRJNA448733,,448733,SRS402075,SAMN01974491,simple,9615,Canis lupus familiaris,dogCI2,,,,,,,no,,,,,NHGRI,SRA699439,,public,27F740AD8AB9A01EDA144C6105695CC7,5C1287249DAA28E18617030DAB984CEC
SRR7107651,2018-05-09 00:10:50,2018-05-03 18:55:30,126007937,30493920754,126007937,242,12069,GCF_000002285.3,https://sra-downloadb.be-md.ncbi.nlm.nih.gov/sos12/sra-pub-zq-1214/SRR007/107/SRR7107651.sralite.1,SRX4035888,dogCI3,WGS,unspecified,GENOMIC,PAIRED,0,0,ILLUMINA,Illumina Genome Analyzer IIx,SRP144493,PRJNA448733,,448733,SRS402076,SAMN01974492,simple,9615,Canis lupus familiaris,dogCI3,,,,,,,no,,,,,NHGRI,SRA699439,,public,58D3549EC27C26CC307CD032F45DF7EE,D8610519B4559E78DF715C57F7FB430D
SRR7107652,2018-05-17 00:10:07,2018-05-11 07:43:37,191465599,38676050998,191465599,202,15913,GCF_000002285.3,https://sra-downloadb.be-md.ncbi.nlm.nih.gov/sos12/sra-pub-zq-1214/SRR007/107/SRR7107652.sralite.1,SRX4035889,dogTM,WGS,unspecified,GENOMIC,PAIRED,0,0,ILLUMINA,Illumina Genome Analyzer IIx,SRP144493,PRJNA448733,,448733,SRS402077,SAMN01974493,simple,9615,Canis lupus familiaris,dogTM,,,,,,,no,,,,,NHGRI,SRA699439,,public,279DE607E5446B03BD99A5A7EC6884E1,A513CA99EDBC381E55F11AA169FC83FA
SRR7107653,2018-05-14 00:07:23,2018-05-07 15:32:50,248119474,29429102056,248119474,118,13194,GCF_000002285.3,https://sra-downloadb.be-md.ncbi.nlm.nih.gov/sos12/sra-pub-zq-1214/SRR007/107/SRR7107653.sralite.1,SRX4035890,dogGS,WGS,unspecified,GENOMIC,PAIRED,0,0,ILLUMINA,Illumina Genome Analyzer IIx,SRP144493,PRJNA448733,,448733,SRS402078,SAMN01974494,simple,9615,Canis lupus familiaris,dogGS,,,,,,,no,,,,,NHGRI,SRA699439,,public,3718521E55C029EA06C1A1318DE4EFC8,C32F5D9D202834B7B2BB6FBD19743D4B
SRR7107654,2018-05-09 00:10:50,2018-05-03 18:57:42,189287813,28269721362,189287813,149,13940,GCF_000002285.3,https://sra-downloadb.be-md.ncbi.nlm.nih.gov/sos12/sra-pub-zq-1214/SRR007/107/SRR7107654.sralite.1,SRX4035891,dogBM,WGS,unspecified,GENOMIC,PAIRED,0,0,ILLUMINA,Illumina Genome Analyzer IIx,SRP144493,PRJNA448733,,448733,SRS402079,SAMN01974495,simple,9615,Canis lupus familiaris,dogBM,,,,,,,no,,,,,NHGRI,SRA699439,,public,10E23503661247DC3D555BC73C91A259,38312E9658B35EDD9A192DE09F3AE491
SRR7107655,2018-05-10 00:06:32,2018-05-04 00:40:32,326897614,58841570520,326897614,180,23012,GCF_000002285.3,https://sra-downloadb.be-md.ncbi.nlm.nih.gov/sos12/sra-pub-zq-1214/SRR007/107/SRR7107655.sralite.1,SRX4035892,WGS-406434N,WGS,unspecified,GENOMIC,PAIRED,0,0,ILLUMINA,Illumina HiSeq 2000,SRP144493,PRJNA448733,,448733,SRS429256,SAMN02144216,simple,9615,Canis lupus familiaris,406434N,,,,,,,no,,,,,NHGRI,SRA699439,,public,04C8720644B44F494629637449516C9A,86BAA0501F6928BA5D8F6C69FA6082FB
SRR7107658,2018-05-09 00:10:50,2018-05-03 18:18:40,96112416,19414708032,96112416,202,8033,GCF_000002285.3,https://sra-downloadb.be-md.ncbi.nlm.nih.gov/sos12/sra-pub-zq-1214/SRR007/107/SRR7107658.sralite.1,SRX4035895,1735,WGS,unspecified,GENOMIC,PAIRED,0,0,ILLUMINA,Illumina HiSeq 2000,SRP144493,PRJNA448733,,448733,SRS520039,SAMN02485564,simple,9615,Canis lupus familiaris,1735,,,,,,,no,,,,,NHGRI,SRA699439,,public,F003B828A6D4554B4A15558C43E91E3F,50717E45CB93D8FF037A4ABC3A50A9F3
SRR7107659,2018-05-17 00:10:07,2018-05-11 04:23:25,119184293,24075227186,119184293,202,9881,GCF_000002285.3,https://sra-downloadb.be-md.ncbi.nlm.nih.gov/sos12/sra-pub-zq-1214/SRR007/107/SRR7107659.sralite.1,SRX4035896,2972,WGS,RANDOM,GENOMIC,PAIRED,0,0,ILLUMINA,Illumina HiSeq 2000,SRP144493,PRJNA448733,,448733,SRS520040,SAMN02485565,simple,9615,Canis lupus familiaris,2972,,,,,,,no,,,,,NHGRI,SRA699439,,public,B239945104F467725A6677F88B29230B,3F0D01BAD7800378A2D7CC0B71BAC97B
SRR7107660,2018-05-17 00:10:07,2018-05-11 05:05:16,203348696,38339561563,203348696,188,14918,GCF_000002285.3,https://sra-downloadb.be-md.ncbi.nlm.nih.gov/sos12/sra-pub-zq-1214/SRR007/107/SRR7107660.sralite.1,SRX4035897,4669,WGS,RANDOM,GENOMIC,PAIRED,0,0,ILLUMINA,Illumina HiSeq 2000,SRP144493,PRJNA448733,,448733,SRS520041,SAMN02485566,simple,9615,Canis lupus familiaris,4669,,,,,,,no,,,,,NHGRI,SRA699439,,public,06D9D9917C48B7F8A92B088FC9AF8E4D,EDD1E8CD0FC2ADA830972E624F261591
SRR7107656,2018-05-14 00:07:23,2018-05-07 08:27:08,127477156,12747715600,127477156,100,4606,GCF_000002285.3,https://sra-downloadb.be-md.ncbi.nlm.nih.gov/sos12/sra-pub-zq-1214/SRR007/107/SRR7107656.sralite.1,SRX4035893,WES-76,WXS,unspecified,GENOMIC,PAIRED,0,0,ILLUMINA,Illumina HiSeq 2000,SRP144493,PRJNA448733,,448733,SRS429277,SAMN02144217,simple,9615,Canis lupus familiaris,76T,,,,,,,no,,,,,NHGRI,SRA699439,,public,0792D6A7A1C94BC00E455ADF770AA7EA,8895F44DA2A1DC194A03786A8478CDF3
SRR7107657,2018-05-10 00:06:32,2018-05-03 23:06:33,359043325,71808665000,359043325,200,30468,GCF_000002285.3,https://sra-downloadb.be-md.ncbi.nlm.nih.gov/sos12/sra-pub-zq-1214/SRR007/107/SRR7107657.sralite.1,SRX4035894,T1211D1108,WGS,unspecified,GENOMIC,PAIRED,0,0,ILLUMINA,Illumina HiSeq 2000,SRP144493,PRJNA448733,,448733,SRS441433,SAMN02194722,simple,9615,Canis lupus familiaris,T1211D1108,,,,,,,no,,,,,NHGRI,SRA699439,,public,FB262E4CAF638EDE693BDB44BF4BAED7,2A6A4D5E61F16E77E83D4314D9B609BC
SRR7107661,2018-05-20 00:07:26,2018-05-14 21:06:42,104753596,18227125704,104753596,174,8344,GCF_000002285.3,https://sra-downloadb.be-md.ncbi.nlm.nih.gov/sos12/sra-pub-zq-1214/SRR007/107/SRR7107661.sralite.1,SRX4035898,BA19,WGS,RANDOM,GENOMIC,PAIRED,0,0,ILLUMINA,Illumina HiSeq 2000,SRP144493,PRJNA448733,,448733,SRS520042,SAMN02485567,simple,9615,Canis lupus familiaris,BA19,,,,,,,no,,,,,NHGRI,SRA699439,,public,1C0F541B55E9F2CBCDBC4BB134FF4565,EE266D4AE4D28B75DBD372ED20F7AE86
SRR7107662,2018-05-09 00:10:50,2018-05-03 18:23:43,105916003,19646886080,105916003,185,9082,GCF_000002285.3,https://sra-downloadb.be-md.ncbi.nlm.nih.gov/sos12/sra-pub-zq-1214/SRR007/107/SRR7107662.sralite.1,SRX4035899,Dog01,WGS,RANDOM,GENOMIC,PAIRED,0,0,ILLUMINA,Illumina HiSeq 2000,SRP144493,PRJNA448733,,448733,SRS520043,SAMN02485568,simple,9615,Canis lupus familiaris,Dog01,,,,,,,no,,,,,NHGRI,SRA699439,,public,31A7E326148FD0823DB45653423C33E7,E335EC7B757967CD8814D28AF292B2A3
SRR7107663,2018-05-09 00:10:50,2018-05-03 18:25:39,114156603,21179698060,114156603,185,9121,GCF_000002285.3,https://sra-downloadb.be-md.ncbi.nlm.nih.gov/sos12/sra-pub-zq-1214/SRR007/107/SRR7107663.sralite.1,SRX4035900,Dog02,WGS,RANDOM,GENOMIC,PAIRED,0,0,ILLUMINA,Illumina HiSeq 2000,SRP144493,PRJNA448733,,448733,SRS520044,SAMN02485569,simple,9615,Canis lupus familiaris,Dog02,,,,,,,no,,,,,NHGRI,SRA699439,,public,2B432EC7A1E01A70DE69F41C3360724E,4BD2BE7EE8D8C3AD175EE4218984A799
SRR7107664,2018-05-09 00:10:50,2018-05-03 18:27:16,111636773,20751830320,111636773,185,9846,GCF_000002285.3,https://sra-downloadb.be-md.ncbi.nlm.nih.gov/sos12/sra-pub-zq-1214/SRR007/107/SRR7107664.sralite.1,SRX4035901,Dog03,WGS,RANDOM,GENOMIC,PAIRED,0,0,ILLUMINA,Illumina HiSeq 2000,SRP144493,PRJNA448733,,448733,SRS520045,SAMN02485570,simple,9615,Canis lupus familiaris,Dog03,,,,,,,no,,,,,NHGRI,SRA699439,,public,E876200C8D295F6AA3330176FA15FD0F,87D7EA668287C043547D73886186A5B9
SRR7107665,2018-05-09 00:10:50,2018-05-03 18:29:16,106325516,19724579240,106325516,185,9666,GCF_000002285.3,https://sra-downloadb.be-md.ncbi.nlm.nih.gov/sos12/sra-pub-zq-1214/SRR007/107/SRR7107665.sralite.1,SRX4035902,Dog04,WGS,RANDOM,GENOMIC,PAIRED,0,0,ILLUMINA,Illumina HiSeq 2000,SRP144493,PRJNA448733,,448733,SRS520046,SAMN02485571,simple,9615,Canis lupus familiaris,Dog04,,,,,,,no,,,,,NHGRI,SRA699439,,public,1B9D82B2631D917E8C63E93CE2FB9E21,36C0287FB6F75115C7B478A2D7B9608B
SRR7107666,2018-05-09 00:10:50,2018-05-03 18:25:35,113356125,21056628120,113356125,185,9882,GCF_000002285.3,https://sra-downloadb.be-md.ncbi.nlm.nih.gov/sos12/sra-pub-zq-1214/SRR007/107/SRR7107666.sralite.1,SRX4035903,Dog06,WGS,RANDOM,GENOMIC,PAIRED,0,0,ILLUMINA,Illumina HiSeq 2000,SRP144493,PRJNA448733,,448733,SRS520047,SAMN02485572,simple,9615,Canis lupus familiaris,Dog06,,,,,,,no,,,,,NHGRI,SRA699439,,public,6CDD2711642E07569E26DF80C9E4BAFF,95168FDB6F5B94469D3C0683930DD7FA
SRR7107667,2018-05-14 00:07:23,2018-05-07 08:31:00,95477189,17781839840,95477189,186,8310,GCF_000002285.3,https://sra-downloadb.be-md.ncbi.nlm.nih.gov/sos12/sra-pub-zq-1214/SRR007/107/SRR7107667.sralite.1,SRX4035904,Dog07,WGS,RANDOM,GENOMIC,PAIRED,0,0,ILLUMINA,Illumina HiSeq 2000,SRP144493,PRJNA448733,,448733,SRS520048,SAMN02485573,simple,9615,Canis lupus familiaris,Dog07,,,,,,,no,,,,,NHGRI,SRA699439,,public,C2A0CDFB0D4CB11249FDACB5B568107B,34A57BE55A8F478A15FD1E086AA90E06
SRR7107668,2018-05-17 00:10:07,2018-05-11 05:48:12,108884049,20221469460,108884049,185,9311,GCF_000002285.3,https://sra-downloadb.be-md.ncbi.nlm.nih.gov/sos12/sra-pub-zq-1214/SRR007/107/SRR7107668.sralite.1,SRX4035905,Dog08,WGS,RANDOM,GENOMIC,PAIRED,0,0,ILLUMINA,Illumina HiSeq 2000,SRP144493,PRJNA448733,,448733,SRS520049,SAMN02485574,simple,9615,Canis lupus familiaris,Dog08,,,,,,,no,,,,,NHGRI,SRA699439,,public,9658FD8F95B1C4189CD84517F55813C4,EBB5550F4E35380C6862C104F537EB63
SRR7107669,2018-05-09 00:10:50,2018-05-03 18:21:43,103243466,19157143120,103243466,185,8765,GCF_000002285.3,https://sra-downloadb.be-md.ncbi.nlm.nih.gov/sos12/sra-pub-zq-1214/SRR007/107/SRR7107669.sralite.1,SRX4035906,Dog09,WGS,RANDOM,GENOMIC,PAIRED,0,0,ILLUMINA,Illumina HiSeq 2000,SRP144493,PRJNA448733,,448733,SRS520050,SAMN02485575,simple,9615,Canis lupus familiaris,Dog09,,,,,,,no,,,,,NHGRI,SRA699439,,public,285F630E8B1BCF9F0065D8E691F86863,F1814466FE2D3E58ED901C0A133A253C
SRR7107670,2018-05-09 00:10:50,2018-05-03 18:30:46,113026197,20956821600,113026197,185,9753,GCF_000002285.3,https://sra-downloadb.be-md.ncbi.nlm.nih.gov/sos12/sra-pub-zq-1214/SRR007/107/SRR7107670.sralite.1,SRX4035907,Dog10,WGS,RANDOM,GENOMIC,PAIRED,0,0,ILLUMINA,Illumina HiSeq 2000,SRP144493,PRJNA448733,,448733,SRS520051,SAMN02485576,simple,9615,Canis lupus familiaris,Dog10,,,,,,,no,,,,,NHGRI,SRA699439,,public,480F2DFD9A1736BEAB4795ECD5EC9B41,979B89EC2CE87EAB5D798C9D54C9456B
SRR7107671,2018-05-17 00:10:07,2018-05-11 06:16:44,103621090,19215985540,103621090,185,8432,GCF_000002285.3,https://sra-downloadb.be-md.ncbi.nlm.nih.gov/sos12/sra-pub-zq-1214/SRR007/107/SRR7107671.sralite.1,SRX4035908,Dog11,WGS,RANDOM,GENOMIC,PAIRED,0,0,ILLUMINA,Illumina HiSeq 2000,SRP144493,PRJNA448733,,448733,SRS520052,SAMN02485577,simple,9615,Canis lupus familiaris,Dog11,,,,,,,no,,,,,NHGRI,SRA699439,,public,C1C24E190C141D160DF9364F767B9F67,39FEC5214563F944103C3FDCF94FA383
SRR7107672,2018-05-17 00:10:07,2018-05-11 05:11:30,108702570,20217592560,108702570,185,8742,GCF_000002285.3,https://sra-downloadb.be-md.ncbi.nlm.nih.gov/sos12/sra-pub-zq-1214/SRR007/107/SRR7107672.sralite.1,SRX4035909,Dog12,WGS,RANDOM,GENOMIC,PAIRED,0,0,ILLUMINA,Illumina HiSeq 2000,SRP144493,PRJNA448733,,448733,SRS520053,SAMN02485578,simple,9615,Canis lupus familiaris,Dog12,,,,,,,no,,,,,NHGRI,SRA699439,,public,9E7DF8D4F0D8F401C061498C89547134,46FAD079DB43B9B81AD80046ED7C5A31
SRR7107673,2018-05-17 00:10:07,2018-05-11 05:20:28,113441868,21092312820,113441868,185,10224,GCF_000002285.3,https://sra-downloadb.be-md.ncbi.nlm.nih.gov/sos12/sra-pub-zq-1214/SRR007/107/SRR7107673.sralite.1,SRX4035910,Dog13,WGS,RANDOM,GENOMIC,PAIRED,0,0,ILLUMINA,Illumina HiSeq 2000,SRP144493,PRJNA448733,,448733,SRS520054,SAMN02485579,simple,9615,Canis lupus familiaris,Dog13,,,,,,,no,,,,,NHGRI,SRA699439,,public,BC46FDD7DA4CA49FFD42BFE1E6CE8922,B3AF4B3774CB0FACABF8D03E6D640B11
SRR7107674,2018-05-17 00:10:07,2018-05-11 05:10:21,109681713,20365330140,109681713,185,9462,GCF_000002285.3,https://sra-downloadb.be-md.ncbi.nlm.nih.gov/sos12/sra-pub-zq-1214/SRR007/107/SRR7107674.sralite.1,SRX4035911,Dog14,WGS,RANDOM,GENOMIC,PAIRED,0,0,ILLUMINA,Illumina HiSeq 2000,SRP144493,PRJNA448733,,448733,SRS520055,SAMN02485580,simple,9615,Canis lupus familiaris,Dog14,,,,,,,no,,,,,NHGRI,SRA699439,,public,E88A0E92FDCEFDF5E1A810FC1D9EB8FD,AB064740056B2562FB5E3ACC80894BB8
SRR7107675,2018-05-09 00:10:50,2018-05-03 18:33:50,108437395,20205828800,108437395,186,9578,GCF_000002285.3,https://sra-downloadb.be-md.ncbi.nlm.nih.gov/sos12/sra-pub-zq-1214/SRR007/107/SRR7107675.sralite.1,SRX4035912,Dog15,WGS,RANDOM,GENOMIC,PAIRED,0,0,ILLUMINA,Illumina HiSeq 2000,SRP144493,PRJNA448733,,448733,SRS520056,SAMN02485581,simple,9615,Canis lupus familiaris,Dog15,,,,,,,no,,,,,NHGRI,SRA699439,,public,008F397B910C776F0942C1BF1BD1806D,165295FC0FBE2C8996C7E84B9C2D542C
SRR7107676,2018-05-09 00:10:50,2018-05-03 18:24:33,104391083,21086998766,104391083,202,9370,GCF_000002285.3,https://sra-downloadb.be-md.ncbi.nlm.nih.gov/sos12/sra-pub-zq-1214/SRR007/107/SRR7107676.sralite.1,SRX4035913,EG44,WGS,RANDOM,GENOMIC,PAIRED,0,0,ILLUMINA,Illumina HiSeq 2000,SRP144493,PRJNA448733,,448733,SRS520057,SAMN02485582,simple,9615,Canis lupus familiaris,EG44,,,,,,,no,,,,,NHGRI,SRA699439,,public,920512A71E0E4D58CCBF177A51C1DB60,2321ABD0A811FDC2B77B155C531D2D15
SRR7107677,2018-05-09 00:10:50,2018-05-03 18:14:28,90476577,18276268554,90476577,202,6915,GCF_000002285.3,https://sra-downloadb.be-md.ncbi.nlm.nih.gov/sos12/sra-pub-zq-1214/SRR007/107/SRR7107677.sralite.1,SRX4035914,EG49,WGS,RANDOM,GENOMIC,PAIRED,0,0,ILLUMINA,Illumina HiSeq 2000,SRP144493,PRJNA448733,,448733,SRS520058,SAMN02485583,simple,9615,Canis lupus familiaris,EG49,,,,,,,no,,,,,NHGRI,SRA699439,,public,CCB342EC4E0AC085D4780E75B011C332,716EA119F4DF3397ED4A68ACCCB575F0
SRR7107678,2018-05-14 00:07:23,2018-05-07 08:35:26,99363497,20071426394,99363497,202,7773,GCF_000002285.3,https://sra-downloadb.be-md.ncbi.nlm.nih.gov/sos12/sra-pub-zq-1214/SRR007/107/SRR7107678.sralite.1,SRX4035915,HR85,WGS,RANDOM,GENOMIC,PAIRED,0,0,ILLUMINA,Illumina HiSeq 2000,SRP144493,PRJNA448733,,448733,SRS520059,SAMN02485584,simple,9615,Canis lupus familiaris,HR85,,,,,,,no,,,,,NHGRI,SRA699439,,public,EA4998EEB7E9994ED29DC0B90D872D46,6F2A198D5851A49FC5A615FB584FF575
SRR7107679,2018-05-17 00:10:07,2018-05-11 09:18:56,126062579,25464640958,126062579,202,10006,GCF_000002285.3,https://sra-downloadb.be-md.ncbi.nlm.nih.gov/sos12/sra-pub-zq-1214/SRR007/107/SRR7107679.sralite.1,SRX4035916,HR93,WGS,RANDOM,GENOMIC,PAIRED,0,0,ILLUMINA,Illumina HiSeq 2000,SRP144493,PRJNA448733,,448733,SRS520060,SAMN02485585,simple,9615,Canis lupus familiaris,HR93,,,,,,,no,,,,,NHGRI,SRA699439,,public,69EF01C548AD5535D6358633D200B3EE,38A3068966D002B2ADC29536C5978BF3
SRR7107680,2018-05-09 00:10:50,2018-05-03 19:15:20,182161654,34286439454,182161654,188,13353,GCF_000002285.3,https://sra-downloadb.be-md.ncbi.nlm.nih.gov/sos12/sra-pub-zq-1214/SRR007/107/SRR7107680.sralite.1,SRX4035917,ID125,WGS,RANDOM,GENOMIC,PAIRED,0,0,ILLUMINA,Illumina HiSeq 2000,SRP144493,PRJNA448733,,448733,SRS520061,SAMN02485586,simple,9615,Canis lupus familiaris,ID125,,,,,,,no,,,,,NHGRI,SRA699439,,public,F719EF78FDAE53B79257B7B75F88112E,9C54ABE7C5BF4E09A6455A9861EC21FA
SRR7107681,2018-05-09 00:10:50,2018-05-03 18:11:55,93518441,18890725082,93518441,202,6963,GCF_000002285.3,https://sra-downloadb.be-md.ncbi.nlm.nih.gov/sos12/sra-pub-zq-1214/SRR007/107/SRR7107681.sralite.1,SRX4035918,ID137,WGS,RANDOM,GENOMIC,PAIRED,0,0,ILLUMINA,Illumina HiSeq 2000,SRP144493,PRJNA448733,,448733,SRS520062,SAMN02485587,simple,9615,Canis lupus familiaris,ID137,,,,,,,no,,,,,NHGRI,SRA699439,,public,A78C26E7F482361BD08E348DF7336B72,0BDAB336C550986ECB8D4DB5C2146896
SRR7107682,2018-05-09 00:10:50,2018-05-03 18:35:56,133062386,26878601972,133062386,202,10378,GCF_000002285.3,https://sra-downloadb.be-md.ncbi.nlm.nih.gov/sos12/sra-pub-zq-1214/SRR007/107/SRR7107682.sralite.1,SRX4035919,ID165,WGS,RANDOM,GENOMIC,PAIRED,0,0,ILLUMINA,Illumina HiSeq 2000,SRP144493,PRJNA448733,,448733,SRS520063,SAMN02485588,simple,9615,Canis lupus familiaris,ID165,,,,,,,no,,,,,NHGRI,SRA699439,,public,F67F343CB3CAF151C86C3D56FEE257EA,927FD12066CA64BCB5EA999846917933
SRR7107683,2018-05-09 00:10:50,2018-05-03 18:16:54,108539888,21925057376,108539888,202,8093,GCF_000002285.3,https://sra-downloadb.be-md.ncbi.nlm.nih.gov/sos12/sra-pub-zq-1214/SRR007/107/SRR7107683.sralite.1,SRX4035920,ID168,WGS,RANDOM,GENOMIC,PAIRED,0,0,ILLUMINA,Illumina HiSeq 2000,SRP144493,PRJNA448733,,448733,SRS520064,SAMN02485589,simple,9615,Canis lupus familiaris,ID168,,,,,,,no,,,,,NHGRI,SRA699439,,public,DF5FE880D78412618CB7A86392D70156,A3CA930CDB76AD1F5C947C7083AE6A8F
SRR7107684,2018-05-09 00:10:50,2018-05-03 19:04:14,188715227,35284259121,188715227,186,13706,GCF_000002285.3,https://sra-downloadb.be-md.ncbi.nlm.nih.gov/sos12/sra-pub-zq-1214/SRR007/107/SRR7107684.sralite.1,SRX4035921,ID60,WGS,RANDOM,GENOMIC,PAIRED,0,0,ILLUMINA,Illumina HiSeq 2000,SRP144493,PRJNA448733,,448733,SRS520065,SAMN02485590,simple,9615,Canis lupus familiaris,ID60,,,,,,,no,,,,,NHGRI,SRA699439,,public,764009BC033346B907AD98ED19CFA9D3,46F957615E01F402DF1A52C85E281DBE
SRR7107685,2018-05-09 00:10:50,2018-05-03 18:17:21,98271285,19850799570,98271285,202,6950,GCF_000002285.3,https://sra-downloadb.be-md.ncbi.nlm.nih.gov/sos12/sra-pub-zq-1214/SRR007/107/SRR7107685.sralite.1,SRX4035922,ID91,WGS,RANDOM,GENOMIC,PAIRED,0,0,ILLUMINA,Illumina HiSeq 2000,SRP144493,PRJNA448733,,448733,SRS520066,SAMN02485591,simple,9615,Canis lupus familiaris,ID91,,,,,,,no,,,,,NHGRI,SRA699439,,public,146E816D0553D71C7D797B45B484790C,0EBEAA7AF33EEEF8F3DA565C0E33616B
SRR7107686,2018-05-09 00:10:50,2018-05-03 18:09:44,88040234,17784127268,88040234,202,8279,GCF_000002285.3,https://sra-downloadb.be-md.ncbi.nlm.nih.gov/sos12/sra-pub-zq-1214/SRR007/107/SRR7107686.sralite.1,SRX4035923,IN18,WGS,RANDOM,GENOMIC,PAIRED,0,0,ILLUMINA,Illumina HiSeq 2000,SRP144493,PRJNA448733,,448733,SRS520067,SAMN02485592,simple,9615,Canis lupus familiaris,IN18,,,,,,,no,,,,,NHGRI,SRA699439,,public,A903236DE2A7299749C1D53A57E5C625,1C071783B42F1820A61CBB3DBDD91A0E
SRR7107687,2018-05-09 00:10:50,2018-05-03 18:19:00,103824367,20972522134,103824367,202,9938,GCF_000002285.3,https://sra-downloadb.be-md.ncbi.nlm.nih.gov/sos12/sra-pub-zq-1214/SRR007/107/SRR7107687.sralite.1,SRX4035924,IN23,WGS,RANDOM,GENOMIC,PAIRED,0,0,ILLUMINA,Illumina HiSeq 2000,SRP144493,PRJNA448733,,448733,SRS520068,SAMN02485593,simple,9615,Canis lupus familiaris,IN23,,,,,,,no,,,,,NHGRI,SRA699439,,public,C37E435D2FE8351B1CBB624F2CA1717E,DD2F6A15821BA026E245960E51334610
SRR7107688,2018-05-09 00:10:50,2018-05-03 18:08:17,73739800,14895439600,73739800,202,5695,GCF_000002285.3,https://sra-downloadb.be-md.ncbi.nlm.nih.gov/sos12/sra-pub-zq-1214/SRR007/107/SRR7107688.sralite.1,SRX4035925,IN29,WGS,RANDOM,GENOMIC,PAIRED,0,0,ILLUMINA,Illumina HiSeq 2000,SRP144493,PRJNA448733,,448733,SRS520069,SAMN02485594,simple,9615,Canis lupus familiaris,IN29,,,,,,,no,,,,,NHGRI,SRA699439,,public,ECB3ED0E50BE4D14C2DCFB25DA58EA86,B077586A7505D5388E51888BD94E8316
SRR7107689,2018-05-09 00:10:50,2018-05-03 18:16:31,106707579,21554930958,106707579,202,8455,GCF_000002285.3,https://sra-downloadb.be-md.ncbi.nlm.nih.gov/sos12/sra-pub-zq-1214/SRR007/107/SRR7107689.sralite.1,SRX4035926,LB74,WGS,RANDOM,GENOMIC,PAIRED,0,0,ILLUMINA,Illumina HiSeq 2000,SRP144493,PRJNA448733,,448733,SRS520070,SAMN02485595,simple,9615,Canis lupus familiaris,LB74,,,,,,,no,,,,,NHGRI,SRA699439,,public,EF073BB1A6381E40120F838D0DE89012,02DCFE2133652AA98123727908DF313B
SRR7107690,2018-05-09 00:10:50,2018-05-03 18:22:37,112571850,22739513700,112571850,202,9181,GCF_000002285.3,https://sra-downloadb.be-md.ncbi.nlm.nih.gov/sos12/sra-pub-zq-1214/SRR007/107/SRR7107690.sralite.1,SRX4035927,LB79,WGS,RANDOM,GENOMIC,PAIRED,0,0,ILLUMINA,Illumina HiSeq 2000,SRP144493,PRJNA448733,,448733,SRS520071,SAMN02485596,simple,9615,Canis lupus familiaris,LB79,,,,,,,no,,,,,NHGRI,SRA699439,,public,7B9E68C97BF3294387D2B9C42C440A27,27AE112114EC847A3A2C53B5B2F876CD
SRR7107691,2018-05-09 00:10:50,2018-05-03 18:38:54,117041373,23642357346,117041373,202,10443,GCF_000002285.3,https://sra-downloadb.be-md.ncbi.nlm.nih.gov/sos12/sra-pub-zq-1214/SRR007/107/SRR7107691.sralite.1,SRX4035928,LB85,WGS,RANDOM,GENOMIC,PAIRED,0,0,ILLUMINA,Illumina HiSeq 2000,SRP144493,PRJNA448733,,448733,SRS520072,SAMN02485597,simple,9615,Canis lupus familiaris,LB85,,,,,,,no,,,,,NHGRI,SRA699439,,public,240632953FF4927DDA2079151089047D,E778D3D277645D399B25DE4FFD71B2FC
SRR7107692,2018-05-09 00:10:50,2018-05-03 18:13:22,100757132,20352940664,100757132,202,7344,GCF_000002285.3,https://sra-downloadb.be-md.ncbi.nlm.nih.gov/sos12/sra-pub-zq-1214/SRR007/107/SRR7107692.sralite.1,SRX4035929,NA63,WGS,RANDOM,GENOMIC,PAIRED,0,0,ILLUMINA,Illumina HiSeq 2000,SRP144493,PRJNA448733,,448733,SRS520073,SAMN02485598,simple,9615,Canis lupus familiaris,NA63,,,,,,,no,,,,,NHGRI,SRA699439,,public,9379CAA0EFFCAEFCFE9C3FE6FAB87602,9CDDABC5441EF6ACEE832097ADFA3551
SRR7107693,2018-05-09 00:10:50,2018-05-03 19:04:30,192813982,35717922935,192813982,185,14386,GCF_000002285.3,https://sra-downloadb.be-md.ncbi.nlm.nih.gov/sos12/sra-pub-zq-1214/SRR007/107/SRR7107693.sralite.1,SRX4035930,NA8,WGS,RANDOM,GENOMIC,PAIRED,0,0,ILLUMINA,Illumina HiSeq 2000,SRP144493,PRJNA448733,,448733,SRS520074,SAMN02485599,simple,9615,Canis lupus familiaris,NA8,,,,,,,no,,,,,NHGRI,SRA699439,,public,62EF0ABCEAD1B5BE85224029B699A1D1,184DA04BFE037CEFC4BB1F6DD81688E8
SRR7107694,2018-05-09 00:10:50,2018-05-03 18:17:33,89737250,18126924500,89737250,202,7046,GCF_000002285.3,https://sra-downloadb.be-md.ncbi.nlm.nih.gov/sos12/sra-pub-zq-1214/SRR007/107/SRR7107694.sralite.1,SRX4035931,NA89,WGS,RANDOM,GENOMIC,PAIRED,0,0,ILLUMINA,Illumina HiSeq 2000,SRP144493,PRJNA448733,,448733,SRS520075,SAMN02485600,simple,9615,Canis lupus familiaris,NA89,,,,,,,no,,,,,NHGRI,SRA699439,,public,A45739E032EE9CA006109579D551A779,A6F36832E3FCE78ACD170C73639EA27E
SRR7107695,2018-05-09 00:10:50,2018-05-03 18:16:24,102625574,20730365948,102625574,202,7383,GCF_000002285.3,https://sra-downloadb.be-md.ncbi.nlm.nih.gov/sos12/sra-pub-zq-1214/SRR007/107/SRR7107695.sralite.1,SRX4035932,PG115,WGS,RANDOM,GENOMIC,PAIRED,0,0,ILLUMINA,Illumina HiSeq 2000,SRP144493,PRJNA448733,,448733,SRS520076,SAMN02485601,simple,9615,Canis lupus familiaris,PG115,,,,,,,no,,,,,NHGRI,SRA699439,,public,DC9D4F2CEA4DAE5586B51F7C74DE99E4,F723089A55998681B1244FCC28AC9F20
SRR7107696,2018-05-09 00:10:50,2018-05-03 18:20:21,79943378,15593380759,79943378,195,6154,GCF_000002285.3,https://sra-downloadb.be-md.ncbi.nlm.nih.gov/sos12/sra-pub-zq-1214/SRR007/107/SRR7107696.sralite.1,SRX4035933,PG122,WGS,RANDOM,GENOMIC,PAIRED,0,0,ILLUMINA,Illumina HiSeq 2000,SRP144493,PRJNA448733,,448733,SRS520077,SAMN02485602,simple,9615,Canis lupus familiaris,PG122,,,,,,,no,,,,,NHGRI,SRA699439,,public,AE2CDF363AC8AB6EB35815A4CBB4C8C1,252B3466F5161B0667892787AEB5092D
SRR7107697,2018-05-09 00:10:50,2018-05-03 19:30:10,201954186,37259034432,201954186,184,16377,GCF_000002285.3,https://sra-downloadb.be-md.ncbi.nlm.nih.gov/sos12/sra-pub-zq-1214/SRR007/107/SRR7107697.sralite.1,SRX4035934,PG84,WGS,RANDOM,GENOMIC,PAIRED,0,0,ILLUMINA,Illumina HiSeq 2000,SRP144493,PRJNA448733,,448733,SRS520078,SAMN02485603,simple,9615,Canis lupus familiaris,PG84,,,,,,,no,,,,,NHGRI,SRA699439,,public,B5E2642F5E0315D85D8DE3D6E05B62CD,6FFF622446382333D2C59EC887AB6ED2
SRR7107698,2018-05-09 00:10:50,2018-05-03 19:34:47,216240961,43680674122,216240961,202,16602,GCF_000002285.3,https://sra-downloadb.be-md.ncbi.nlm.nih.gov/sos12/sra-pub-zq-1214/SRR007/107/SRR7107698.sralite.1,SRX4035935,PT61,WGS,RANDOM,GENOMIC,PAIRED,0,0,ILLUMINA,Illumina HiSeq 2000,SRP144493,PRJNA448733,,448733,SRS520079,SAMN02485604,simple,9615,Canis lupus familiaris,PT61,,,,,,,no,,,,,NHGRI,SRA699439,,public,D41644870A45190F56EA4705612D7ADB,5D2C4D87ECC6685178AA2C4066B93A69
SRR7107699,2018-05-09 00:10:50,2018-05-03 19:25:37,195460957,36972698589,195460957,189,14656,GCF_000002285.3,https://sra-downloadb.be-md.ncbi.nlm.nih.gov/sos12/sra-pub-zq-1214/SRR007/107/SRR7107699.sralite.1,SRX4035936,PT71,WGS,RANDOM,GENOMIC,PAIRED,0,0,ILLUMINA,Illumina HiSeq 2000,SRP144493,PRJNA448733,,448733,SRS520080,SAMN02485605,simple,9615,Canis lupus familiaris,PT71,,,,,,,no,,,,,NHGRI,SRA699439,,public,695CDDC30117A005D4F7440D6E79F3AD,8E9FAC850841D95F2A3EC7953C2E98F9
SRR7107700,2018-05-09 00:10:50,2018-05-03 19:01:35,160274565,32375462130,160274565,202,13659,GCF_000002285.3,https://sra-downloadb.be-md.ncbi.nlm.nih.gov/sos12/sra-pub-zq-1214/SRR007/107/SRR7107700.sralite.1,SRX4035937,QA27,WGS,RANDOM,GENOMIC,PAIRED,0,0,ILLUMINA,Illumina HiSeq 2000,SRP144493,PRJNA448733,,448733,SRS520081,SAMN02485606,simple,9615,Canis lupus familiaris,QA27,,,,,,,no,,,,,NHGRI,SRA699439,,public,6045A952AE12ECDDDD5EE847A3D51E82,3D4CAF2B4D651B87264E8079F1E56896
SRR7107701,2018-05-09 00:10:50,2018-05-03 18:10:32,80059694,16172058188,80059694,202,7342,GCF_000002285.3,https://sra-downloadb.be-md.ncbi.nlm.nih.gov/sos12/sra-pub-zq-1214/SRR007/107/SRR7107701.sralite.1,SRX4035938,QA5,WGS,RANDOM,GENOMIC,PAIRED,0,0,ILLUMINA,Illumina HiSeq 2000,SRP144493,PRJNA448733,,448733,SRS520082,SAMN02485607,simple,9615,Canis lupus familiaris,QA5,,,,,,,no,,,,,NHGRI,SRA699439,,public,9870DD240992ABCAA8721683A7FE5625,C3022393F0BFE369B57586A3C7698D0B
SRR7107702,2018-05-09 00:10:50,2018-05-03 19:20:15,210270214,39206649469,210270214,186,18271,GCF_000002285.3,https://sra-downloadb.be-md.ncbi.nlm.nih.gov/sos12/sra-pub-zq-1214/SRR007/107/SRR7107702.sralite.1,SRX4035939,TW04,WGS,RANDOM,GENOMIC,PAIRED,0,0,ILLUMINA,Illumina HiSeq 2000,SRP144493,PRJNA448733,,448733,SRS520083,SAMN02485608,simple,9615,Canis lupus familiaris,TW04,,,,,,,no,,,,,NHGRI,SRA699439,,public,D72AC1B9130640B52F915CAB4FCC1E39,BFC13D6152BC96C6D3EAB31594F5E8D1
SRR7107703,2018-05-09 00:10:50,2018-05-03 18:41:52,124906973,25231208546,124906973,202,10032,GCF_000002285.3,https://sra-downloadb.be-md.ncbi.nlm.nih.gov/sos12/sra-pub-zq-1214/SRR007/107/SRR7107703.sralite.1,SRX4035940,VN21,WGS,RANDOM,GENOMIC,PAIRED,0,0,ILLUMINA,Illumina HiSeq 2000,SRP144493,PRJNA448733,,448733,SRS520084,SAMN02485609,simple,9615,Canis lupus familiaris,VN21,,,,,,,no,,,,,NHGRI,SRA699439,,public,E1CEC13CD22A7EA09FB5240C08B4E59E,7717257EFBB8BAC0437B830387EA4DC3
SRR7107704,2018-05-09 00:10:50,2018-05-03 18:22:16,112985292,19546455516,112985292,173,8142,GCF_000002285.3,https://sra-downloadb.be-md.ncbi.nlm.nih.gov/sos12/sra-pub-zq-1214/SRR007/107/SRR7107704.sralite.1,SRX4035941,VN37,WGS,RANDOM,GENOMIC,PAIRED,0,0,ILLUMINA,Illumina HiSeq 2000,SRP144493,PRJNA448733,,448733,SRS520085,SAMN02485610,simple,9615,Canis lupus familiaris,VN37,,,,,,,no,,,,,NHGRI,SRA699439,,public,A47425A198B77BAAC41BE5F0C9AF2294,7AA53A30AAE7CADE27B767834C6540B2
SRR7107705,2018-05-09 00:10:50,2018-05-03 18:27:39,128917966,26041429132,128917966,202,10584,GCF_000002285.3,https://sra-downloadb.be-md.ncbi.nlm.nih.gov/sos12/sra-pub-zq-1214/SRR007/107/SRR7107705.sralite.1,SRX4035942,VN4,WGS,RANDOM,GENOMIC,PAIRED,0,0,ILLUMINA,Illumina HiSeq 2000,SRP144493,PRJNA448733,,448733,SRS520086,SAMN02485611,simple,9615,Canis lupus familiaris,VN4,,,,,,,no,,,,,NHGRI,SRA699439,,public,6238EE38D1644B31CFEFD4543E5A530C,AA52435DA91287A84BAA4C52E00B5B31
SRR7107710,2018-05-17 00:10:07,2018-05-11 06:49:22,193716718,39130777036,193716718,202,14719,GCF_000002285.3,https://sra-downloadb.be-md.ncbi.nlm.nih.gov/sos12/sra-pub-zq-1214/SRR007/107/SRR7107710.sralite.1,SRX4035947,DQZA01,WGS,unspecified,GENOMIC,PAIRED,0,0,ILLUMINA,Illumina HiSeq 2000,SRP144493,PRJNA448733,,448733,SRS528242,SAMN02570458,simple,9615,Canis lupus familiaris,DQZA01,,,,,,,no,,,,,NHGRI,SRA699439,,public,DB92B0CA77C3CBF95957C5DDF950DA64,478CB04A2ACC66968F2B64156EC66A50
SRR7107709,2018-05-09 00:10:51,2018-05-03 18:51:25,89915391,18162908982,89915391,202,7907,GCF_000002285.3,https://sra-downloadb.be-md.ncbi.nlm.nih.gov/sos12/sra-pub-zq-1214/SRR007/107/SRR7107709.sralite.1,SRX4035946,Lcu2_CTTGTA,WGS,RANDOM,GENOMIC,PAIRED,0,0,ILLUMINA,Illumina HiSeq 2000,SRP144493,PRJNA448733,,448733,SRS523207,SAMN02487034,simple,68736,Lycalopex culpaeus,Lcu2_Pastora,,,,,,,no,,,,,NHGRI,SRA699439,,public,FE800671BED56B3FD3443DFA43160858,4707617A2CCA4C70BAE9727C9BDFC42D
SRR7107706,2018-05-09 00:10:51,2018-05-03 18:36:10,117411711,23717165622,117411711,202,8466,GCF_000002285.3,https://sra-downloadb.be-md.ncbi.nlm.nih.gov/sos12/sra-pub-zq-1214/SRR007/107/SRR7107706.sralite.1,SRX4035943,VN42,WGS,RANDOM,GENOMIC,PAIRED,0,0,ILLUMINA,Illumina HiSeq 2000,SRP144493,PRJNA448733,,448733,SRS520087,SAMN02485612,simple,9615,Canis lupus familiaris,VN42,,,,,,,no,,,,,NHGRI,SRA699439,,public,7754B29DB88A11F1B7B03F1204C0FAEF,95C4466C1CA99451BD4C9BF624D08BD5
SRR7107707,2018-05-09 00:10:51,2018-05-03 18:24:54,115928055,23417467110,115928055,202,9185,GCF_000002285.3,https://sra-downloadb.be-md.ncbi.nlm.nih.gov/sos12/sra-pub-zq-1214/SRR007/107/SRR7107707.sralite.1,SRX4035944,VN59,WGS,RANDOM,GENOMIC,PAIRED,0,0,ILLUMINA,Illumina HiSeq 2000,SRP144493,PRJNA448733,,448733,SRS520088,SAMN02485613,simple,9615,Canis lupus familiaris,VN59,,,,,,,no,,,,,NHGRI,SRA699439,,public,F19D0AD75A820DD57C46D73A3BA20081,3DD667A339AC1C006E4FDD92D0066CD0
SRR7107708,2018-05-09 00:10:51,2018-05-03 18:07:17,77739409,15703360618,77739409,202,5757,GCF_000002285.3,https://sra-downloadb.be-md.ncbi.nlm.nih.gov/sos12/sra-pub-zq-1214/SRR007/107/SRR7107708.sralite.1,SRX4035945,VN76,WGS,RANDOM,GENOMIC,PAIRED,0,0,ILLUMINA,Illumina HiSeq 2000,SRP144493,PRJNA448733,,448733,SRS520089,SAMN02485614,simple,9615,Canis lupus familiaris,VN76,,,,,,,no,,,,,NHGRI,SRA699439,,public,B36C82B33C725B735402D96012B8DA81,39EF3196F5E28246A08CA0A57661B6F4
SRR7107711,2018-05-17 00:10:08,2018-05-11 07:01:46,195360763,36337101918,195360763,186,17098,GCF_000002285.3,https://sra-downloadb.be-md.ncbi.nlm.nih.gov/sos12/sra-pub-zq-1214/SRR007/107/SRR7107711.sralite.1,SRX4035948,DQZA06,WGS,unspecified,GENOMIC,PAIRED,0,0,ILLUMINA,Illumina HiSeq 2000,SRP144493,PRJNA448733,,448733,SRS540609,SAMN02585152,simple,9615,Canis lupus familiaris,DQZA06,,,,,female,,no,,,,,NHGRI,SRA699439,,public,A12E2D7AAEB2A7FC06CEA849512E35D8,BA234DA2D33F48ACE4D571E9A960A8C2
SRR7107712,2018-05-17 00:10:08,2018-05-11 06:57:03,199927525,37186519650,199927525,186,17513,GCF_000002285.3,https://sra-downloadb.be-md.ncbi.nlm.nih.gov/sos12/sra-pub-zq-1214/SRR007/107/SRR7107712.sralite.1,SRX4035949,DQZA12,WGS,RANDOM,GENOMIC,PAIRED,0,0,ILLUMINA,Illumina HiSeq 2000,SRP144493,PRJNA448733,,448733,SRS540614,SAMN02585153,simple,9615,Canis lupus familiaris,DQZA12,,,,,female,,no,,,,,NHGRI,SRA699439,,public,AF1E28A560ED17439B9A37411C2353A7,2572CB9A3DDF61E88AFB326722E74688
SRR7107713,2018-05-17 00:10:08,2018-05-11 08:21:57,169535003,33907000600,169535003,200,13339,GCF_000002285.3,https://sra-downloadb.be-md.ncbi.nlm.nih.gov/sos12/sra-pub-zq-1214/SRR007/107/SRR7107713.sralite.1,SRX4035950,DQZA18,WGS,unspecified,GENOMIC,PAIRED,0,0,ILLUMINA,Illumina HiSeq 2000,SRP144493,PRJNA448733,,448733,SRS540620,SAMN02585154,simple,9615,Canis lupus familiaris,DQZA18,,,,,male,,no,,,,,NHGRI,SRA699439,,public,279AC73D9A539A4E24464EAA904BD03C,09E5915E71799EBF719EA4893150F900
SRR7107714,2018-05-17 00:10:08,2018-05-11 07:54:59,181531663,36306332600,181531663,200,13742,GCF_000002285.3,https://sra-downloadb.be-md.ncbi.nlm.nih.gov/sos12/sra-pub-zq-1214/SRR007/107/SRR7107714.sralite.1,SRX4035951,DQZA19,WGS,unspecified,GENOMIC,PAIRED,0,0,ILLUMINA,Illumina HiSeq 2000,SRP144493,PRJNA448733,,448733,SRS540625,SAMN02585155,simple,9615,Canis lupus familiaris,DQZA19,,,,,male,,no,,,,,NHGRI,SRA699439,,public,9DB12073F19FC3747C6F668DE9180A8A,39CE60DA9258BCDE76998AD3F5AE8982
SRR7107715,2018-05-17 00:10:08,2018-05-11 07:47:12,188730717,37746143400,188730717,200,14582,GCF_000002285.3,https://sra-downloadb.be-md.ncbi.nlm.nih.gov/sos12/sra-pub-zq-1214/SRR007/107/SRR7107715.sralite.1,SRX4035952,DQZA23,WGS,unspecified,GENOMIC,PAIRED,0,0,ILLUMINA,Illumina HiSeq 2000,SRP144493,PRJNA448733,,448733,SRS540631,SAMN02585156,simple,9615,Canis lupus familiaris,DQZA23,,,,,male,,no,,,,,NHGRI,SRA699439,,public,18B52DF70C855CFC940F74EC9DC2E1A6,91E14ECE22F874D57063872DDBB12D6D
SRR7107720,2018-05-09 00:10:51,2018-05-03 19:42:17,202588580,40517716000,202588580,200,15022,GCF_000002285.3,https://sra-downloadb.be-md.ncbi.nlm.nih.gov/sos12/sra-pub-zq-1214/SRR007/107/SRR7107720.sralite.1,SRX4035957,DQ25,WGS,unspecified,GENOMIC,PAIRED,0,0,ILLUMINA,Illumina HiSeq 2000,SRP144493,PRJNA448733,,448733,SRS540593,SAMN02585161,simple,9615,Canis lupus familiaris,DQ25,,,,,female,,no,,,,,NHGRI,SRA699439,,public,4CDB57CC2E91A0BE2D05D73C4DE42985,D4E358DDB0A6713A9F7D8F798DB6A47C
SRR7107716,2018-05-17 00:10:08,2018-05-11 08:45:49,202192558,40438511600,202192558,200,15378,GCF_000002285.3,https://sra-downloadb.be-md.ncbi.nlm.nih.gov/sos12/sra-pub-zq-1214/SRR007/107/SRR7107716.sralite.1,SRX4035953,DQZA33,WGS,unspecified,GENOMIC,PAIRED,0,0,ILLUMINA,Illumina HiSeq 2000,SRP144493,PRJNA448733,,448733,SRS540651,SAMN02585157,simple,9615,Canis lupus familiaris,DQZA33,,,,,female,,no,,,,,NHGRI,SRA699439,,public,2B4C210BAFBD7E98C7D6FFB0B407E6F8,AB4A9854CC710EF3C585E6E7EBC82315
SRR7107717,2018-05-17 00:10:08,2018-05-11 08:53:06,179190195,35838039000,179190195,200,13567,GCF_000002285.3,https://sra-downloadb.be-md.ncbi.nlm.nih.gov/sos12/sra-pub-zq-1214/SRR007/107/SRR7107717.sralite.1,SRX4035954,DQZA55,WGS,unspecified,GENOMIC,PAIRED,0,0,ILLUMINA,Illumina HiSeq 2000,SRP144493,PRJNA448733,,448733,SRS540660,SAMN02585158,simple,9615,Canis lupus familiaris,DQZA55,,,,,male,,no,,,,,NHGRI,SRA699439,,public,86B53588917F753B9F1D56B590801B75,66243350AD4E3D2A0EEDBFC950A3D37F
SRR7107718,2018-05-17 00:10:08,2018-05-11 09:54:56,202863402,40572680400,202863402,200,15390,GCF_000002285.3,https://sra-downloadb.be-md.ncbi.nlm.nih.gov/sos12/sra-pub-zq-1214/SRR007/107/SRR7107718.sralite.1,SRX4035955,DQZA80,WGS,unspecified,GENOMIC,PAIRED,0,0,ILLUMINA,Illumina HiSeq 2000,SRP144493,PRJNA448733,,448733,SRS540665,SAMN02585159,simple,9615,Canis lupus familiaris,DQZA80,,,,,female,,no,,,,,NHGRI,SRA699439,,public,F7E4F98A4A26EF687CA5D2C602074743,DE403D51748B4265785F0BB947FBE9CC
SRR7107719,2018-05-17 00:10:08,2018-05-11 10:00:22,202709281,40541856200,202709281,200,15494,GCF_000002285.3,https://sra-downloadb.be-md.ncbi.nlm.nih.gov/sos12/sra-pub-zq-1214/SRR007/107/SRR7107719.sralite.1,SRX4035956,DQZA81,WGS,unspecified,GENOMIC,PAIRED,0,0,ILLUMINA,Illumina HiSeq 2000,SRP144493,PRJNA448733,,448733,SRS540671,SAMN02585160,simple,9615,Canis lupus familiaris,DQZA81,,,,,female,,no,,,,,NHGRI,SRA699439,,public,2CC3EED5E5E7AED509B89F24F3A5C66C,F2E4F482A87B71910D69DBBBFFAE730D
SRR7107721,2018-05-09 00:10:51,2018-05-03 19:29:28,210203199,42040639800,210203199,200,15614,GCF_000002285.3,https://sra-downloadb.be-md.ncbi.nlm.nih.gov/sos12/sra-pub-zq-1214/SRR007/107/SRR7107721.sralite.1,SRX4035958,DQ28,WGS,unspecified,GENOMIC,PAIRED,0,0,ILLUMINA,Illumina HiSeq 2000,SRP144493,PRJNA448733,,448733,SRS540594,SAMN02585162,simple,9615,Canis lupus familiaris,DQ28,,,,,female,,no,,,,,NHGRI,SRA699439,,public,64D1CDCE2B4D920A9E1CC0333FD0E16A,CEE3CAB2F18A396E1F2FF6D28F382FA7
SRR7107722,2018-05-09 00:10:51,2018-05-03 19:22:46,184116548,36823309600,184116548,200,14178,GCF_000002285.3,https://sra-downloadb.be-md.ncbi.nlm.nih.gov/sos12/sra-pub-zq-1214/SRR007/107/SRR7107722.sralite.1,SRX4035959,DQ29,WGS,unspecified,GENOMIC,PAIRED,0,0,ILLUMINA,Illumina HiSeq 2000,SRP144493,PRJNA448733,,448733,SRS540597,SAMN02585163,simple,9615,Canis lupus familiaris,DQ29,,,,,male,,no,,,,,NHGRI,SRA699439,,public,DD99210BEF7B6C8C825C74E215E0CE4D,A45230477860FD92D3967040C44E3252
SRR7107723,2018-05-09 00:10:51,2018-05-03 20:12:34,191990464,38398092800,191990464,200,15498,GCF_000002285.3,https://sra-downloadb.be-md.ncbi.nlm.nih.gov/sos12/sra-pub-zq-1214/SRR007/107/SRR7107723.sralite.1,SRX4035960,DQ32,WGS,unspecified,GENOMIC,PAIRED,0,0,ILLUMINA,Illumina HiSeq 2000,SRP144493,PRJNA448733,,448733,SRS540596,SAMN02585164,simple,9615,Canis lupus familiaris,DQ32,,,,,male,,no,,,,,NHGRI,SRA699439,,public,2A1628C070AB424D27154E06B7EE0EB7,159690455F16A640565126AF51669DE1
SRR7107724,2018-05-09 00:10:51,2018-05-03 19:47:47,201081902,40216380400,201081902,200,14843,GCF_000002285.3,https://sra-downloadb.be-md.ncbi.nlm.nih.gov/sos12/sra-pub-zq-1214/SRR007/107/SRR7107724.sralite.1,SRX4035961,DQ33,WGS,unspecified,GENOMIC,PAIRED,0,0,ILLUMINA,Illumina HiSeq 2000,SRP144493,PRJNA448733,,448733,SRS540598,SAMN02585165,simple,9615,Canis lupus familiaris,DQ33,,,,,female,,no,,,,,NHGRI,SRA699439,,public,D33E9616540CBD1F7884A200CE2CF6B9,C75F85AEB6E5476BE3938E3C9188EF51
SRR7107725,2018-05-09 00:10:51,2018-05-03 19:16:51,168341613,33668322600,168341613,200,12389,GCF_000002285.3,https://sra-downloadb.be-md.ncbi.nlm.nih.gov/sos12/sra-pub-zq-1214/SRR007/107/SRR7107725.sralite.1,SRX4035962,DQ45,WGS,unspecified,GENOMIC,PAIRED,0,0,ILLUMINA,Illumina HiSeq 2000,SRP144493,PRJNA448733,,448733,SRS540599,SAMN02585166,simple,9615,Canis lupus familiaris,DQ45,,,,,female,,no,,,,,NHGRI,SRA699439,,public,F8910EA500D9B6F5C1A2B46EA6D3DA0E,DC73E1F6FBC337D8241A17878BCFBA5C
SRR7107726,2018-05-09 00:10:51,2018-05-03 20:22:58,206645542,41329108400,206645542,200,16019,GCF_000002285.3,https://sra-downloadb.be-md.ncbi.nlm.nih.gov/sos12/sra-pub-zq-1214/SRR007/107/SRR7107726.sralite.1,SRX4035963,DQ52,WGS,unspecified,GENOMIC,PAIRED,0,0,ILLUMINA,Illumina HiSeq 2000,SRP144493,PRJNA448733,,448733,SRS540600,SAMN02585167,simple,9615,Canis lupus familiaris,DQ52,,,,,male,,no,,,,,NHGRI,SRA699439,,public,B5DC5A65F9791E160B2655E5BA8E17C0,60A11EEAB765D87B0A5FDD21338D71CD
SRR7107727,2018-05-09 00:10:51,2018-05-03 19:25:36,161332324,32266464800,161332324,200,12070,GCF_000002285.3,https://sra-downloadb.be-md.ncbi.nlm.nih.gov/sos12/sra-pub-zq-1214/SRR007/107/SRR7107727.sralite.1,SRX4035964,DQ54,WGS,unspecified,GENOMIC,PAIRED,0,0,ILLUMINA,Illumina HiSeq 2000,SRP144493,PRJNA448733,,448733,SRS540601,SAMN02585168,simple,9615,Canis lupus familiaris,DQ54,,,,,male,,no,,,,,NHGRI,SRA699439,,public,C2B2F535183DF91CA62EE4223010892D,EEB5A7F1C65DB6C6516D158AC4291CB1
SRR7107728,2018-05-09 00:10:51,2018-05-03 20:15:14,180169980,36394335960,180169980,202,14084,GCF_000002285.3,https://sra-downloadb.be-md.ncbi.nlm.nih.gov/sos12/sra-pub-zq-1214/SRR007/107/SRR7107728.sralite.1,SRX4035965,DQ59,WGS,unspecified,GENOMIC,PAIRED,0,0,ILLUMINA,Illumina HiSeq 2000,SRP144493,PRJNA448733,,448733,SRS540602,SAMN02585169,simple,9615,Canis lupus familiaris,DQ59,,,,,female,,no,,,,,NHGRI,SRA699439,,public,FB92A64E8F50F59FE901F6D741569C89,C4F612D7A8A38F9D523C3F1567002355
SRR7107729,2018-05-09 00:10:51,2018-05-03 20:16:28,199471207,39894241400,199471207,200,14711,GCF_000002285.3,https://sra-downloadb.be-md.ncbi.nlm.nih.gov/sos12/sra-pub-zq-1214/SRR007/107/SRR7107729.sralite.1,SRX4035966,DQ60,WGS,unspecified,GENOMIC,PAIRED,0,0,ILLUMINA,Illumina HiSeq 2000,SRP144493,PRJNA448733,,448733,SRS540603,SAMN02585170,simple,9615,Canis lupus familiaris,DQ60,,,,,male,,no,,,,,NHGRI,SRA699439,,public,561ABA32110A49B36DB2AF539241B78D,5D9E6A2611C324777BCC5E5FF65F6A28
SRR7107730,2018-05-09 00:10:51,2018-05-03 20:48:14,203196889,40639377800,203196889,200,14548,GCF_000002285.3,https://sra-downloadb.be-md.ncbi.nlm.nih.gov/sos12/sra-pub-zq-1214/SRR007/107/SRR7107730.sralite.1,SRX4035967,LJ1,WGS,unspecified,GENOMIC,PAIRED,0,0,ILLUMINA,Illumina HiSeq 2000,SRP144493,PRJNA448733,,448733,SRS540563,SAMN02585171,simple,9615,Canis lupus familiaris,LJ1,,,,,male,,no,,,,,NHGRI,SRA699439,,public,FC0D786006C99A012D32D8E8F1FEBB7E,5814369DE3B26CDAE6D9F7A70084AAC8
SRR7107731,2018-05-09 00:10:51,2018-05-03 21:01:30,202815944,40563188800,202815944,200,14797,GCF_000002285.3,https://sra-downloadb.be-md.ncbi.nlm.nih.gov/sos12/sra-pub-zq-1214/SRR007/107/SRR7107731.sralite.1,SRX4035968,LJ12,WGS,unspecified,GENOMIC,PAIRED,0,0,ILLUMINA,Illumina HiSeq 2000,SRP144493,PRJNA448733,,448733,SRS540568,SAMN02585172,simple,9615,Canis lupus familiaris,LJ12,,,,,male,,no,,,,,NHGRI,SRA699439,,public,EF469079CD2E994CA1936869B051333B,A0896FFE279357B35D0265B5D93981A9
SRR7107732,2018-05-09 00:10:51,2018-05-03 19:43:33,193705762,38741152400,193705762,200,14107,GCF_000002285.3,https://sra-downloadb.be-md.ncbi.nlm.nih.gov/sos12/sra-pub-zq-1214/SRR007/107/SRR7107732.sralite.1,SRX4035969,LJ13,WGS,unspecified,GENOMIC,PAIRED,0,0,ILLUMINA,Illumina HiSeq 2000,SRP144493,PRJNA448733,,448733,SRS540575,SAMN02585173,simple,9615,Canis lupus familiaris,LJ13,,,,,female,,no,,,,,NHGRI,SRA699439,,public,D020FEAC4327333704F4A303EDB1A5B9,5299B62CB03480C9040154A2B1C21EB4
SRR7107733,2018-05-09 00:10:51,2018-05-03 21:20:39,174003807,34800761400,174003807,200,12495,GCF_000002285.3,https://sra-downloadb.be-md.ncbi.nlm.nih.gov/sos12/sra-pub-zq-1214/SRR007/107/SRR7107733.sralite.1,SRX4035970,LJ2,WGS,unspecified,GENOMIC,PAIRED,0,0,ILLUMINA,Illumina HiSeq 2000,SRP144493,PRJNA448733,,448733,SRS540586,SAMN02585174,simple,9615,Canis lupus familiaris,LJ2,,,,,female,,no,,,,,NHGRI,SRA699439,,public,A5DDE2F88198BCF9DAE15176935D4DB0,81E28C52F936763ABA7CCDFE4F3EB26C
SRR7107734,2018-05-09 00:10:51,2018-05-03 19:47:26,185496761,37099352200,185496761,200,14341,GCF_000002285.3,https://sra-downloadb.be-md.ncbi.nlm.nih.gov/sos12/sra-pub-zq-1214/SRR007/107/SRR7107734.sralite.1,SRX4035971,LJ6,WGS,unspecified,GENOMIC,PAIRED,0,0,ILLUMINA,Illumina HiSeq 2000,SRP144493,PRJNA448733,,448733,SRS540587,SAMN02585175,simple,9615,Canis lupus familiaris,LJ6,,,,,female,,no,,,,,NHGRI,SRA699439,,public,EE4463BB8DE0C77F95D0826441DBEA93,AF33171373F5BBF879BC030C0723A478
SRR7107735,2018-05-09 00:10:51,2018-05-03 20:25:34,191699941,38339988200,191699941,200,14670,GCF_000002285.3,https://sra-downloadb.be-md.ncbi.nlm.nih.gov/sos12/sra-pub-zq-1214/SRR007/107/SRR7107735.sralite.1,SRX4035972,LJ8,WGS,unspecified,GENOMIC,PAIRED,0,0,ILLUMINA,Illumina HiSeq 2000,SRP144493,PRJNA448733,,448733,SRS540588,SAMN02585176,simple,9615,Canis lupus familiaris,LJ8,,,,,female,,no,,,,,NHGRI,SRA699439,,public,786CD74B1097BEEC7DCDF52879B5FE18,58BC20C5BD17D1D72BDCC3D8C5A19A8A
SRR7107740,2018-05-09 00:10:51,2018-05-03 20:36:04,204543250,40908650000,204543250,200,15365,GCF_000002285.3,https://sra-downloadb.be-md.ncbi.nlm.nih.gov/sos12/sra-pub-zq-1214/SRR007/107/SRR7107740.sralite.1,SRX4035977,YJ01,WGS,unspecified,GENOMIC,PAIRED,0,0,ILLUMINA,Illumina HiSeq 2000,SRP144493,PRJNA448733,,448733,SRS540533,SAMN02585181,simple,9615,Canis lupus familiaris,YJ01,,,,,male,,no,,,,,NHGRI,SRA699439,,public,680E2D5D92031652ECA4148433A4EE2F,62D9077A04F897101BEC8067F1F62D18
SRR7107736,2018-05-09 00:10:51,2018-05-03 19:53:29,164002524,32800504800,164002524,200,11710,GCF_000002285.3,https://sra-downloadb.be-md.ncbi.nlm.nih.gov/sos12/sra-pub-zq-1214/SRR007/107/SRR7107736.sralite.1,SRX4035973,WM3,WGS,unspecified,GENOMIC,PAIRED,0,0,ILLUMINA,Illumina HiSeq 2000,SRP144493,PRJNA448733,,448733,SRS540589,SAMN02585177,simple,9615,Canis lupus familiaris,WM3,,,,,female,,no,,,,,NHGRI,SRA699439,,public,D71D52CDAD246E0E85860C9297EBF147,C261C3EA6FE83A70ACEF4B498134407E
SRR7107737,2018-05-09 00:10:51,2018-05-03 20:14:51,194805451,38961090200,194805451,200,14668,GCF_000002285.3,https://sra-downloadb.be-md.ncbi.nlm.nih.gov/sos12/sra-pub-zq-1214/SRR007/107/SRR7107737.sralite.1,SRX4035974,YL1,WGS,unspecified,GENOMIC,PAIRED,0,0,ILLUMINA,Illumina HiSeq 2000,SRP144493,PRJNA448733,,448733,SRS540590,SAMN02585178,simple,9615,Canis lupus familiaris,YL1,,,,,male,,no,,,,,NHGRI,SRA699439,,public,A00F4CAA4510C529AB47EF448F8C6047,47B5B634DB3C750449880B810EC34FE0
SRR7107738,2018-05-09 00:10:51,2018-05-03 20:13:00,194731910,38946382000,194731910,200,14485,GCF_000002285.3,https://sra-downloadb.be-md.ncbi.nlm.nih.gov/sos12/sra-pub-zq-1214/SRR007/107/SRR7107738.sralite.1,SRX4035975,YL5,WGS,unspecified,GENOMIC,PAIRED,0,0,ILLUMINA,Illumina HiSeq 2000,SRP144493,PRJNA448733,,448733,SRS540591,SAMN02585179,simple,9615,Canis lupus familiaris,YL5,,,,,male,,no,,,,,NHGRI,SRA699439,,public,DB800965C0DA361670881E772954E669,87A1FA4F5A667D7FC65613F11E1E9B93
SRR7107739,2018-05-09 00:10:51,2018-05-03 20:08:04,186961335,37392267000,186961335,200,13526,GCF_000002285.3,https://sra-downloadb.be-md.ncbi.nlm.nih.gov/sos12/sra-pub-zq-1214/SRR007/107/SRR7107739.sralite.1,SRX4035976,YL7,WGS,unspecified,GENOMIC,PAIRED,0,0,ILLUMINA,Illumina HiSeq 2000,SRP144493,PRJNA448733,,448733,SRS540592,SAMN02585180,simple,9615,Canis lupus familiaris,YL7,,,,,male,,no,,,,,NHGRI,SRA699439,,public,C7BDF0BA8630D908B65B5CFF2C66542C,A237C46500D24E65A2AB2B2F9ABFCD84
SRR7107741,2018-05-09 00:10:51,2018-05-03 20:05:17,182682428,36536485600,182682428,200,15210,GCF_000002285.3,https://sra-downloadb.be-md.ncbi.nlm.nih.gov/sos12/sra-pub-zq-1214/SRR007/107/SRR7107741.sralite.1,SRX4035978,YJ03,WGS,unspecified,GENOMIC,PAIRED,0,0,ILLUMINA,Illumina HiSeq 2000,SRP144493,PRJNA448733,,448733,SRS540534,SAMN02585182,simple,9615,Canis lupus familiaris,YJ03,,,,,male,,no,,,,,NHGRI,SRA699439,,public,4F44F596E6B53CAE01DBC69DE9B7FDE2,9D454F3A8FA54B100C0F2B906FA9A1E0
SRR7107742,2018-05-09 00:10:51,2018-05-03 20:01:40,178796858,35759371600,178796858,200,14976,GCF_000002285.3,https://sra-downloadb.be-md.ncbi.nlm.nih.gov/sos12/sra-pub-zq-1214/SRR007/107/SRR7107742.sralite.1,SRX4035979,YJ08,WGS,unspecified,GENOMIC,PAIRED,0,0,ILLUMINA,Illumina HiSeq 2000,SRP144493,PRJNA448733,,448733,SRS540535,SAMN02585183,simple,9615,Canis lupus familiaris,YJ08,,,,,female,,no,,,,,NHGRI,SRA699439,,public,7DE4955729939AF23C829F7BD2835585,D146D4AB23C07DA28A8CA2D7EA158F45
SRR7107743,2018-05-09 00:10:51,2018-05-03 20:21:03,181537499,36307499800,181537499,200,15494,GCF_000002285.3,https://sra-downloadb.be-md.ncbi.nlm.nih.gov/sos12/sra-pub-zq-1214/SRR007/107/SRR7107743.sralite.1,SRX4035980,YJ10,WGS,unspecified,GENOMIC,PAIRED,0,0,ILLUMINA,Illumina HiSeq 2000,SRP144493,PRJNA448733,,448733,SRS540536,SAMN02585184,simple,9615,Canis lupus familiaris,YJ10,,,,,male,,no,,,,,NHGRI,SRA699439,,public,FE008614FE5E72EB48B05D400A68951E,9CCD5B56A6BECC06AD75E68ABC99B8CE
SRR7107744,2018-05-09 00:10:51,2018-05-03 20:21:54,175072504,35014500800,175072504,200,14942,GCF_000002285.3,https://sra-downloadb.be-md.ncbi.nlm.nih.gov/sos12/sra-pub-zq-1214/SRR007/107/SRR7107744.sralite.1,SRX4035981,YJ14,WGS,unspecified,GENOMIC,PAIRED,0,0,ILLUMINA,Illumina HiSeq 2000,SRP144493,PRJNA448733,,448733,SRS540537,SAMN02585185,simple,9615,Canis lupus familiaris,YJ14,,,,,female,,no,,,,,NHGRI,SRA699439,,public,BCAECC34965B0171FB47F90DE389D15E,EA29301316608CA9525A23E8DF5AED29
SRR7107745,2018-05-09 00:10:51,2018-05-03 19:58:00,190383130,38076626000,190383130,200,15394,GCF_000002285.3,https://sra-downloadb.be-md.ncbi.nlm.nih.gov/sos12/sra-pub-zq-1214/SRR007/107/SRR7107745.sralite.1,SRX4035982,YJ15,WGS,unspecified,GENOMIC,PAIRED,0,0,ILLUMINA,Illumina HiSeq 2000,SRP144493,PRJNA448733,,448733,SRS540538,SAMN02585186,simple,9615,Canis lupus familiaris,YJ15,,,,,female,,no,,,,,NHGRI,SRA699439,,public,BA1C958EB2E3C3E8FB6133D0DDBD7F4B,B8E516197369787241DBC8353E52747F
SRR7107750,2018-05-14 00:07:23,2018-05-07 08:39:51,145599883,29351371102,145599883,201,11951,GCF_000002285.3,https://sra-downloadb.be-md.ncbi.nlm.nih.gov/sos12/sra-pub-zq-1214/SRR007/107/SRR7107750.sralite.1,SRX4035987,KD106,WGS,unspecified,GENOMIC,PAIRED,0,0,ILLUMINA,Illumina HiSeq 1500,SRP144493,PRJNA448733,,448733,SRS539232,SAMN02585191,simple,9615,Canis lupus familiaris,KD106,,,,,female,,no,,,,,NHGRI,SRA699439,,public,FE2FFC9F00602E117610D6DBA40BBB62,9FA2BBF482985FAB54B7159E75730FA0
SRR7107746,2018-05-09 00:10:51,2018-05-03 20:38:15,184698014,36939602800,184698014,200,15560,GCF_000002285.3,https://sra-downloadb.be-md.ncbi.nlm.nih.gov/sos12/sra-pub-zq-1214/SRR007/107/SRR7107746.sralite.1,SRX4035983,YJ16,WGS,unspecified,GENOMIC,PAIRED,0,0,ILLUMINA,Illumina HiSeq 2000,SRP144493,PRJNA448733,,448733,SRS540543,SAMN02585187,simple,9615,Canis lupus familiaris,YJ16,,,,,male,,no,,,,,NHGRI,SRA699439,,public,11938C750D2280BBD30E68B5C93F3405,50BD8DFDB741A08C500446EB2D706CA8
SRR7107747,2018-05-09 00:10:51,2018-05-03 20:15:52,189042176,37808435200,189042176,200,15639,GCF_000002285.3,https://sra-downloadb.be-md.ncbi.nlm.nih.gov/sos12/sra-pub-zq-1214/SRR007/107/SRR7107747.sralite.1,SRX4035984,YJ17,WGS,unspecified,GENOMIC,PAIRED,0,0,ILLUMINA,Illumina HiSeq 2000,SRP144493,PRJNA448733,,448733,SRS540544,SAMN02585188,simple,9615,Canis lupus familiaris,YJ17,,,,,male,,no,,,,,NHGRI,SRA699439,,public,D847C89CFE82D4514B23468C2FF12F71,4A828FAF746277ACAFC32089996F5897
SRR7107748,2018-05-09 00:10:51,2018-05-03 20:03:31,188900228,37780045600,188900228,200,15311,GCF_000002285.3,https://sra-downloadb.be-md.ncbi.nlm.nih.gov/sos12/sra-pub-zq-1214/SRR007/107/SRR7107748.sralite.1,SRX4035985,YJ21,WGS,unspecified,GENOMIC,PAIRED,0,0,ILLUMINA,Illumina HiSeq 2000,SRP144493,PRJNA448733,,448733,SRS540545,SAMN02585189,simple,9615,Canis lupus familiaris,YJ21,,,,,female,,no,,,,,NHGRI,SRA699439,,public,CDCE1037272B9B6DE52536ECACBA0F21,171D0A3812C8B30B6110BE5ED9C17211
SRR7107749,2018-05-10 00:06:32,2018-05-03 23:22:57,197213246,39442649200,197213246,200,16031,GCF_000002285.3,https://sra-downloadb.be-md.ncbi.nlm.nih.gov/sos12/sra-pub-zq-1214/SRR007/107/SRR7107749.sralite.1,SRX4035986,YJ26,WGS,unspecified,GENOMIC,PAIRED,0,0,ILLUMINA,Illumina HiSeq 2000,SRP144493,PRJNA448733,,448733,SRS540546,SAMN02585190,simple,9615,Canis lupus familiaris,YJ26,,,,,female,,no,,,,,NHGRI,SRA699439,,public,6CBE1C35770FC02B143388AE27BC42AF,45EDB4FE9E75A88E4B082EF7CF5A026B
SRR7107751,2018-05-14 00:07:23,2018-05-07 09:15:23,208197173,42055828946,208197173,202,16202,GCF_000002285.3,https://sra-downloadb.be-md.ncbi.nlm.nih.gov/sos12/sra-pub-zq-1214/SRR007/107/SRR7107751.sralite.1,SRX4035988,KD107,WGS,unspecified,GENOMIC,PAIRED,0,0,ILLUMINA,Illumina HiSeq 2000,SRP144493,PRJNA448733,,448733,SRS539424,SAMN02585192,simple,9615,Canis lupus familiaris,KD107,,,,,female,,no,,,,,NHGRI,SRA699439,,public,414290DED835225B53F5792210CB35C9,F698203FA57969A542AAAFFCCC5F470C
SRR7107752,2018-05-14 00:07:23,2018-05-07 11:08:10,199814821,39962964200,199814821,200,15521,GCF_000002285.3,https://sra-downloadb.be-md.ncbi.nlm.nih.gov/sos12/sra-pub-zq-1214/SRR007/107/SRR7107752.sralite.1,SRX4035989,KD110,WGS,unspecified,GENOMIC,PAIRED,0,0,ILLUMINA,Illumina HiSeq 2000,SRP144493,PRJNA448733,,448733,SRS539482,SAMN02585193,simple,9615,Canis lupus familiaris,KD110,,,,,female,,no,,,,,NHGRI,SRA699439,,public,B6E28DED001926555913D240E3DCE96D,141A6E5845C468AC7C22A4688C7BA39E
SRR7107753,2018-05-14 00:07:23,2018-05-07 10:30:46,205205985,41041197000,205205985,200,15795,GCF_000002285.3,https://sra-downloadb.be-md.ncbi.nlm.nih.gov/sos12/sra-pub-zq-1214/SRR007/107/SRR7107753.sralite.1,SRX4035990,KD113,WGS,unspecified,GENOMIC,PAIRED,0,0,ILLUMINA,Illumina HiSeq 2000,SRP144493,PRJNA448733,,448733,SRS540006,SAMN02585194,simple,9615,Canis lupus familiaris,KD113,,,,,female,,no,,,,,NHGRI,SRA699439,,public,4811CD6054EC04909A84F875284ECCAB,7AE717D0AE57185D3F0A0D9DEE7B14B2
SRR7107754,2018-05-14 00:07:23,2018-05-07 09:33:49,203233051,40646610200,203233051,200,15836,GCF_000002285.3,https://sra-downloadb.be-md.ncbi.nlm.nih.gov/sos12/sra-pub-zq-1214/SRR007/107/SRR7107754.sralite.1,SRX4035991,KD117,WGS,unspecified,GENOMIC,PAIRED,0,0,ILLUMINA,Illumina HiSeq 2000,SRP144493,PRJNA448733,,448733,SRS540015,SAMN02585195,simple,9615,Canis lupus familiaris,KD117,,,,,female,,no,,,,,NHGRI,SRA699439,,public,D98529861345E117A3FDF725BAF5D02D,7047C29684571E255760854A645F6A15
SRR7107755,2018-05-14 00:07:23,2018-05-07 09:09:15,195624522,39516153444,195624522,202,15000,GCF_000002285.3,https://sra-downloadb.be-md.ncbi.nlm.nih.gov/sos12/sra-pub-zq-1214/SRR007/107/SRR7107755.sralite.1,SRX4035992,KD207,WGS,unspecified,GENOMIC,PAIRED,0,0,ILLUMINA,Illumina HiSeq 2000,SRP144493,PRJNA448733,,448733,SRS540528,SAMN02585196,simple,9615,Canis lupus familiaris,KD207,,,,,male,,no,,,,,NHGRI,SRA699439,,public,59D1D65AE48F90BF22FB327921BA9DE2,FEFA1063C8C8A5E7C7A2114422E12DDD
SRR7107760,2018-05-14 00:07:23,2018-05-07 15:36:39,190357919,38071583800,190357919,200,15228,GCF_000002285.3,https://sra-downloadb.be-md.ncbi.nlm.nih.gov/sos12/sra-pub-zq-1214/SRR007/107/SRR7107760.sralite.1,SRX4035997,DKD301,WGS,unspecified,GENOMIC,PAIRED,0,0,ILLUMINA,Illumina HiSeq 2000,SRP144493,PRJNA448733,,448733,SRS534399,SAMN02585201,simple,9615,Canis lupus familiaris,DKD301,,,,,female,,no,,,,,NHGRI,SRA699439,,public,887F635A44DE4E0CED9B3DD4D1E50898,EB9C9B449FF153C51E5D821E0621FE2F
SRR7107756,2018-05-14 00:07:23,2018-05-07 09:10:24,218849781,44207655762,218849781,202,18407,GCF_000002285.3,https://sra-downloadb.be-md.ncbi.nlm.nih.gov/sos12/sra-pub-zq-1214/SRR007/107/SRR7107756.sralite.1,SRX4035993,KD208,WGS,unspecified,GENOMIC,PAIRED,0,0,ILLUMINA,Illumina HiSeq 2000,SRP144493,PRJNA448733,,448733,SRS540529,SAMN02585197,simple,9615,Canis lupus familiaris,KD208,,,,,male,,no,,,,,NHGRI,SRA699439,,public,4FDDA7199A50687EDC54983F495FF70C,48BCCC23A965F923210FD19B7AECC631
SRR7107757,2018-05-14 00:07:23,2018-05-07 10:06:51,173778719,35103301238,173778719,202,13350,GCF_000002285.3,https://sra-downloadb.be-md.ncbi.nlm.nih.gov/sos12/sra-pub-zq-1214/SRR007/107/SRR7107757.sralite.1,SRX4035994,KD215,WGS,unspecified,GENOMIC,PAIRED,0,0,ILLUMINA,Illumina HiSeq 2000,SRP144493,PRJNA448733,,448733,SRS540530,SAMN02585198,simple,9615,Canis lupus familiaris,KD215,,,,,male,,no,,,,,NHGRI,SRA699439,,public,C83C6DB9851FF84025073168D114CE5E,2B7FACFBCDA40868F9E0C3E67D1A6596
SRR7107758,2018-05-14 00:07:23,2018-05-07 09:24:40,177706928,35807810554,177706928,201,14336,GCF_000002285.3,https://sra-downloadb.be-md.ncbi.nlm.nih.gov/sos12/sra-pub-zq-1214/SRR007/107/SRR7107758.sralite.1,SRX4035995,KD222,WGS,unspecified,GENOMIC,PAIRED,0,0,ILLUMINA,Illumina HiSeq 2000,SRP144493,PRJNA448733,,448733,SRS540531,SAMN02585199,simple,9615,Canis lupus familiaris,KD222,,,,,male,,no,,,,,NHGRI,SRA699439,,public,C3D0DD739964F66D9F74FD108A7ABFCD,87B9BD1E72CD9C66F6960C453E4AAB99
SRR7107759,2018-05-14 00:07:23,2018-05-07 09:55:16,208120187,42040277774,208120187,202,15757,GCF_000002285.3,https://sra-downloadb.be-md.ncbi.nlm.nih.gov/sos12/sra-pub-zq-1214/SRR007/107/SRR7107759.sralite.1,SRX4035996,KD223,WGS,unspecified,GENOMIC,PAIRED,0,0,ILLUMINA,Illumina HiSeq 2000,SRP144493,PRJNA448733,,448733,SRS540532,SAMN02585200,simple,9615,Canis lupus familiaris,KD223,,,,,male,,no,,,,,NHGRI,SRA699439,,public,D0E37BDEC7D39243980C06989749A027,A0A89E178B6E8291AC1DBCE0A98C52DF
SRR7107761,2018-05-14 00:07:23,2018-05-07 15:35:37,199655110,39931022000,199655110,200,15905,GCF_000002285.3,https://sra-downloadb.be-md.ncbi.nlm.nih.gov/sos12/sra-pub-zq-1214/SRR007/107/SRR7107761.sralite.1,SRX4035998,DKD302,WGS,unspecified,GENOMIC,PAIRED,0,0,ILLUMINA,Illumina HiSeq 2000,SRP144493,PRJNA448733,,448733,SRS536446,SAMN02585202,simple,9615,Canis lupus familiaris,DKD302,,,,,female,,no,,,,,NHGRI,SRA699439,,public,2AA66668ED00A80623AF87113BAE50DD,DF499B419F8A175988152BF69668153B
SRR7107762,2018-05-14 00:07:23,2018-05-07 15:50:13,195038581,39007716200,195038581,200,15466,GCF_000002285.3,https://sra-downloadb.be-md.ncbi.nlm.nih.gov/sos12/sra-pub-zq-1214/SRR007/107/SRR7107762.sralite.1,SRX4035999,DKD303,WGS,unspecified,GENOMIC,PAIRED,0,0,ILLUMINA,Illumina HiSeq 2000,SRP144493,PRJNA448733,,448733,SRS536570,SAMN02585203,simple,9615,Canis lupus familiaris,DKD303,,,,,female,,no,,,,,NHGRI,SRA699439,,public,B5B4836852F818A82C6285D709158F3B,12F78FE3E1A607C916F8E693DF484819
SRR7107763,2018-05-14 00:07:24,2018-05-07 15:45:08,194141819,38828363800,194141819,200,15629,GCF_000002285.3,https://sra-downloadb.be-md.ncbi.nlm.nih.gov/sos12/sra-pub-zq-1214/SRR007/107/SRR7107763.sralite.1,SRX4036000,DKD304,WGS,unspecified,GENOMIC,PAIRED,0,0,ILLUMINA,Illumina HiSeq 2000,SRP144493,PRJNA448733,,448733,SRS538159,SAMN02585204,simple,9615,Canis lupus familiaris,DKD304,,,,,female,,no,,,,,NHGRI,SRA699439,,public,0E84EC1C36C976923F82A02648AE8146,D86D53EA2D91D407622F41EA98F43493
SRR7107764,2018-05-14 00:07:24,2018-05-07 16:08:39,186984492,37396898400,186984492,200,14688,GCF_000002285.3,https://sra-downloadb.be-md.ncbi.nlm.nih.gov/sos12/sra-pub-zq-1214/SRR007/107/SRR7107764.sralite.1,SRX4036001,DKD305,WGS,unspecified,GENOMIC,PAIRED,0,0,ILLUMINA,Illumina HiSeq 2000,SRP144493,PRJNA448733,,448733,SRS538173,SAMN02585205,simple,9615,Canis lupus familiaris,DKD305,,,,,female,,no,,,,,NHGRI,SRA699439,,public,2FEEBA318706404C7C7D955AF705708F,F708E535A5BB9AADF5E754FF2D0359FB
SRR7107765,2018-05-14 00:07:24,2018-05-07 16:24:49,197560612,39512122400,197560612,200,15721,GCF_000002285.3,https://sra-downloadb.be-md.ncbi.nlm.nih.gov/sos12/sra-pub-zq-1214/SRR007/107/SRR7107765.sralite.1,SRX4036002,DKD306,WGS,unspecified,GENOMIC,PAIRED,0,0,ILLUMINA,Illumina HiSeq 2000,SRP144493,PRJNA448733,,448733,SRS538424,SAMN02585206,simple,9615,Canis lupus familiaris,DKD306,,,,,male,,no,,,,,NHGRI,SRA699439,,public,7D2020325A439378BEF7C60CE4AAF901,50E61B49C9D591F899367CB77DB7ECC8
SRR7107766,2018-05-14 00:07:24,2018-05-07 16:58:58,205223030,41044606000,205223030,200,15713,GCF_000002285.3,https://sra-downloadb.be-md.ncbi.nlm.nih.gov/sos12/sra-pub-zq-1214/SRR007/107/SRR7107766.sralite.1,SRX4036003,DKD307,WGS,unspecified,GENOMIC,PAIRED,0,0,ILLUMINA,Illumina HiSeq 2000,SRP144493,PRJNA448733,,448733,SRS538440,SAMN02585207,simple,9615,Canis lupus familiaris,DKD307,,,,,male,,no,,,,,NHGRI,SRA699439,,public,EE2EC722744694E97524A3238A5174DC,833D03C651B65C748EB9FE523D395C9B
SRR7107767,2018-05-14 00:07:24,2018-05-07 16:42:33,188797150,37759430000,188797150,200,15497,GCF_000002285.3,https://sra-downloadb.be-md.ncbi.nlm.nih.gov/sos12/sra-pub-zq-1214/SRR007/107/SRR7107767.sralite.1,SRX4036004,DKD308,WGS,unspecified,GENOMIC,PAIRED,0,0,ILLUMINA,Illumina HiSeq 2000,SRP144493,PRJNA448733,,448733,SRS538663,SAMN02585208,simple,9615,Canis lupus familiaris,DKD308,,,,,male,,no,,,,,NHGRI,SRA699439,,public,A5D2868D837077FD3DC92C62CB8EA8E5,53378FA4BE3EC7DCBA34C41378F3C762
SRR7107768,2018-05-14 00:07:24,2018-05-07 17:08:57,206439304,41287860800,206439304,200,15977,GCF_000002285.3,https://sra-downloadb.be-md.ncbi.nlm.nih.gov/sos12/sra-pub-zq-1214/SRR007/107/SRR7107768.sralite.1,SRX4036005,DKD309,WGS,unspecified,GENOMIC,PAIRED,0,0,ILLUMINA,Illumina HiSeq 2000,SRP144493,PRJNA448733,,448733,SRS538664,SAMN02585209,simple,9615,Canis lupus familiaris,DKD309,,,,,male,,no,,,,,NHGRI,SRA699439,,public,AE9F662767D45A5963BCB04197BC340A,AEA8B0D5BB5331C49E080ECCFF60F28C
SRR7107769,2018-05-14 00:07:24,2018-05-07 17:34:36,194166764,38833352800,194166764,200,15635,GCF_000002285.3,https://sra-downloadb.be-md.ncbi.nlm.nih.gov/sos12/sra-pub-zq-1214/SRR007/107/SRR7107769.sralite.1,SRX4036006,DKD310,WGS,unspecified,GENOMIC,PAIRED,0,0,ILLUMINA,Illumina HiSeq 2000,SRP144493,PRJNA448733,,448733,SRS539231,SAMN02585210,simple,9615,Canis lupus familiaris,DKD310,,,,,male,,no,,,,,NHGRI,SRA699439,,public,070090490A7ED0DB0214450D07B828E5,552C46EBB975B5D5312F55B84600925F
SRR7107770,2018-05-10 00:06:32,2018-05-03 21:02:59,324184315,64836863000,324184315,200,26733,GCF_000002285.3,https://sra-downloadb.be-md.ncbi.nlm.nih.gov/sos12/sra-pub-zq-1214/SRR007/107/SRR7107770.sralite.1,SRX4036007,cac,WGS,RANDOM,GENOMIC,PAIRED,0,0,ILLUMINA,Illumina HiSeq 1500,SRP144493,PRJNA448733,,448733,SRS661477,SAMN02921301,simple,9614,Canis latrans,cac,,,,,missing,,no,,,,,NHGRI,SRA699439,,public,3D67BD6F641E43C21675290F8A555F8F,DF1E55D59E92A3037947B5CCB8F3D72D
SRR7107771,2018-05-09 00:10:52,2018-05-03 18:19:35,92795983,18559196600,92795983,200,7552,GCF_000002285.3,https://sra-downloadb.be-md.ncbi.nlm.nih.gov/sos12/sra-pub-zq-1214/SRR007/107/SRR7107771.sralite.1,SRX4036008,alc,WGS,RANDOM,GENOMIC,PAIRED,0,0,ILLUMINA,Illumina HiSeq 1000,SRP144493,PRJNA448733,,448733,SRS661478,SAMN02921302,simple,9614,Canis latrans,alc,,,,,missing,,no,,,,,NHGRI,SRA699439,,public,FBA4DD930D4D27BA614AA03E8A0D5224,9D58DA79432B74576E39F35B273157C7
SRR7107773,2018-05-10 00:06:32,2018-05-04 00:12:23,357496165,72214225330,357496165,202,29186,GCF_000002285.3,https://sra-downloadb.be-md.ncbi.nlm.nih.gov/sos12/sra-pub-zq-1214/SRR007/107/SRR7107773.sralite.1,SRX4036010,bxr,WGS,RANDOM,GENOMIC,PAIRED,0,0,ILLUMINA,Illumina HiSeq 1000,SRP144493,PRJNA448733,,448733,SRS661481,SAMN02921305,simple,9615,Canis lupus familiaris,bxr,,,,,missing,,no,,,,,NHGRI,SRA699439,,public,ECC27647B41820208BDD8C4FD1610BDB,06EE87A685E9FCE4D95DE4F8EDB543AF
SRR7107774,2018-05-09 00:10:52,2018-05-03 20:06:13,142457192,28491438400,142457192,200,12225,GCF_000002285.3,https://sra-downloadb.be-md.ncbi.nlm.nih.gov/sos12/sra-pub-zq-1214/SRR007/107/SRR7107774.sralite.1,SRX4036011,cec,WGS,RANDOM,GENOMIC,PAIRED,0,0,ILLUMINA,Illumina HiSeq 1000,SRP144493,PRJNA448733,,448733,SRS661482,SAMN02921306,simple,9615,Canis lupus familiaris,cec,,,,,missing,,no,,,,,NHGRI,SRA699439,,public,AD0F1C86CF2ACBF5453E13F7C992F78A,DFAEE138E4617E22D2F54C447A103F9F
SRR7107775,2018-05-17 00:10:08,2018-05-11 15:06:55,229725457,55134109680,229725457,240,21764,GCF_000002285.3,https://sra-downloadb.be-md.ncbi.nlm.nih.gov/sos12/sra-pub-zq-1214/SRR007/107/SRR7107775.sralite.1,SRX4036012,jcc,WGS,RANDOM,GENOMIC,PAIRED,0,0,ILLUMINA,Illumina HiSeq 1000,SRP144493,PRJNA448733,,448733,SRS661484,SAMN02921308,simple,9615,Canis lupus familiaris,jcc,,,,,missing,,no,,,,,NHGRI,SRA699439,,public,4F06F4603D867C2A984ECFB41265D3DD,9A4CE56622D695998B58AE307E92803C
SRR7107772,2018-05-09 00:10:52,2018-05-03 18:17:27,109908386,21981677200,109908386,200,8977,GCF_000002285.3,https://sra-downloadb.be-md.ncbi.nlm.nih.gov/sos12/sra-pub-zq-1214/SRR007/107/SRR7107772.sralite.1,SRX4036009,mwc,WGS,RANDOM,GENOMIC,PAIRED,0,0,ILLUMINA,Illumina HiSeq 1000,SRP144493,PRJNA448733,,448733,SRS661479,SAMN02921303,simple,9614,Canis latrans,mwc,,,,,missing,,no,,,,,NHGRI,SRA699439,,public,A24701ED989E79C285EB7FFC307BBCD3,5320F32F5CCDD9ADC3BE16FC864A750F
SRR7107776,2018-05-10 00:06:32,2018-05-04 00:05:29,323355211,64671042200,323355211,200,25568,GCF_000002285.3,https://sra-downloadb.be-md.ncbi.nlm.nih.gov/sos12/sra-pub-zq-1214/SRR007/107/SRR7107776.sralite.1,SRX4036013,glw,WGS,RANDOM,GENOMIC,PAIRED,0,0,ILLUMINA,Illumina HiSeq 1500,SRP144493,PRJNA448733,,448733,SRS661486,SAMN02921310,simple,9612,Canis lupus,glw,,,,,missing,,no,,,,,NHGRI,SRA699439,,public,433EF8FB45234F97B848ED62566B5D24,B3D745D8918494A6617F319C4827F28B
SRR7107777,2018-05-10 00:06:32,2018-05-03 21:56:26,330848358,66169671600,330848358,200,27132,GCF_000002285.3,https://sra-downloadb.be-md.ncbi.nlm.nih.gov/sos12/sra-pub-zq-1214/SRR007/107/SRR7107777.sralite.1,SRX4036014,inw,WGS,RANDOM,GENOMIC,PAIRED,0,0,ILLUMINA,Illumina HiSeq 1500,SRP144493,PRJNA448733,,448733,SRS661487,SAMN02921311,simple,9612,Canis lupus,inw,,,,,missing,,no,,,,,NHGRI,SRA699439,,public,DEC04FDBCFBF82E1C8CE026721BB9565,ACF14C44090C19660F98DBAA96FE9B1C
SRR7107778,2018-05-09 00:10:52,2018-05-03 20:19:59,363740160,72748032000,363740160,200,29244,GCF_000002285.3,https://sra-downloadb.be-md.ncbi.nlm.nih.gov/sos12/sra-pub-zq-1214/SRR007/107/SRR7107778.sralite.1,SRX4036015,irw,WGS,RANDOM,GENOMIC,PAIRED,0,0,ILLUMINA,Illumina HiSeq 1000,SRP144493,PRJNA448733,,448733,SRS661488,SAMN02921312,simple,9612,Canis lupus,irw,,,,,missing,,no,,,,,NHGRI,SRA699439,,public,92E133B36927EA9C21F6C6DECD26A391,548322066C7A638B77E34471358F6872
SRR7107779,2018-05-09 00:10:52,2018-05-03 18:34:30,101737464,19330118160,101737464,190,8479,GCF_000002285.3,https://sra-downloadb.be-md.ncbi.nlm.nih.gov/sos12/sra-pub-zq-1214/SRR007/107/SRR7107779.sralite.1,SRX4036016,ita,WGS,RANDOM,GENOMIC,PAIRED,0,0,ILLUMINA,Illumina HiSeq 1000,SRP144493,PRJNA448733,,448733,SRS661489,SAMN02921313,simple,9612,Canis lupus,ita,,,,,missing,,no,,,,,NHGRI,SRA699439,,public,7E648F577000022C9EA834B942FD562B,A4560F0AFDA523C28A00A7A041F47B99
SRR7107780,2018-05-10 00:06:32,2018-05-03 21:09:18,309360136,61872027200,309360136,200,25389,GCF_000002285.3,https://sra-downloadb.be-md.ncbi.nlm.nih.gov/sos12/sra-pub-zq-1214/SRR007/107/SRR7107780.sralite.1,SRX4036017,mxa,WGS,RANDOM,GENOMIC,PAIRED,0,0,ILLUMINA,Illumina HiSeq 1000,SRP144493,PRJNA448733,,448733,SRS661490,SAMN02921314,simple,9612,Canis lupus,mxa,,,,,missing,,no,,,,,NHGRI,SRA699439,,public,26EFD9A357EEC3212952FC0279235487,A88AC78ABE2A01EE74A676B70E3543F0
SRR7107781,2018-05-09 00:10:52,2018-05-03 18:21:56,94903548,18031674120,94903548,190,8268,GCF_000002285.3,https://sra-downloadb.be-md.ncbi.nlm.nih.gov/sos12/sra-pub-zq-1214/SRR007/107/SRR7107781.sralite.1,SRX4036018,mxb,WGS,RANDOM,GENOMIC,PAIRED,0,0,ILLUMINA,Illumina HiSeq 1000,SRP144493,PRJNA448733,,448733,SRS661491,SAMN02921315,simple,9612,Canis lupus,mxb,,,,,missing,,no,,,,,NHGRI,SRA699439,,public,F303CC0ACFBC6D7F37C01F4581B462F4,7B7D0467B4705E8E062327E8BC77AE79
SRR7107782,2018-05-10 00:06:32,2018-05-04 02:51:24,343359918,68671983600,343359918,200,28123,GCF_000002285.3,https://sra-downloadb.be-md.ncbi.nlm.nih.gov/sos12/sra-pub-zq-1214/SRR007/107/SRR7107782.sralite.1,SRX4036019,ptw,WGS,RANDOM,GENOMIC,PAIRED,0,0,ILLUMINA,Illumina HiSeq 1500,SRP144493,PRJNA448733,,448733,SRS661492,SAMN02921316,simple,9612,Canis lupus,ptw,,,,,missing,,no,,,,,NHGRI,SRA699439,,public,0699B54100ED0B5C7E750AAE28B401F3,E8165EBB13F8D12EE4BC7D939328E4CC
SRR7107783,2018-05-10 00:06:32,2018-05-04 03:41:46,349238003,69847600600,349238003,200,28047,GCF_000002285.3,https://sra-downloadb.be-md.ncbi.nlm.nih.gov/sos12/sra-pub-zq-1214/SRR007/107/SRR7107783.sralite.1,SRX4036020,rwa,WGS,RANDOM,GENOMIC,PAIRED,0,0,ILLUMINA,Illumina HiSeq 1000,SRP144493,PRJNA448733,,448733,SRS661493,SAMN02921317,simple,9612,Canis lupus,rwa,,,,,missing,,no,,,,,NHGRI,SRA699439,,public,B9A74614CF8A3EA5AF0136349263D7DA,9165A9E5D07C9D6D80FCACE9D7375EC5
SRR7107784,2018-05-09 00:10:52,2018-05-03 18:22:32,103470289,19659354910,103470289,190,8028,GCF_000002285.3,https://sra-downloadb.be-md.ncbi.nlm.nih.gov/sos12/sra-pub-zq-1214/SRR007/107/SRR7107784.sralite.1,SRX4036021,rwb,WGS,RANDOM,GENOMIC,PAIRED,0,0,ILLUMINA,Illumina HiSeq 1000,SRP144493,PRJNA448733,,448733,SRS661494,SAMN02921318,simple,9612,Canis lupus,rwb,,,,,missing,,no,,,,,NHGRI,SRA699439,,public,750B5E58DF75668D5BA07DEC849870A7,26A8137AB18AAB1F502D240FCEB7F277
SRR7107785,2018-05-10 00:06:32,2018-05-03 20:44:53,348412685,69682537000,348412685,200,28555,GCF_000002285.3,https://sra-downloadb.be-md.ncbi.nlm.nih.gov/sos12/sra-pub-zq-1214/SRR007/107/SRR7107785.sralite.1,SRX4036022,spw,WGS,RANDOM,GENOMIC,PAIRED,0,0,ILLUMINA,Illumina HiSeq 1000,SRP144493,PRJNA448733,,448733,SRS661495,SAMN02921319,simple,9612,Canis lupus,spw,,,,,missing,,no,,,,,NHGRI,SRA699439,,public,901FC5D098BFE85AA5917219C88A1506,7A4858165D3DA7A5293D3B27B8F7B468
SRR7107789,2018-05-14 00:07:24,2018-05-08 16:17:01,758459956,153208911112,758459956,202,66784,GCF_000002285.3,https://sra-downloadb.be-md.ncbi.nlm.nih.gov/sos12/sra-pub-zq-1214/SRR007/107/SRR7107789.sralite.1,SRX4036026,Sage-68630,WGS,RANDOM,GENOMIC,PAIRED,0,0,ILLUMINA,Illumina HiSeq 2000,SRP144493,PRJNA448733,,448733,SRS700769,SAMN03067872,simple,9615,Canis lupus familiaris,PRJNA247491.26436N,,,,,,,no,,,,,NHGRI,SRA699439,,public,F00403CDDA11FADF649C19F79C29F57E,2C0F6D3FD6F824BA296BC5D4428DEF71
SRR7107790,2018-05-14 00:07:24,2018-05-08 19:34:37,978738325,197705141650,978738325,202,84064,GCF_000002285.3,https://sra-downloadb.be-md.ncbi.nlm.nih.gov/sos12/sra-pub-zq-1214/SRR007/107/SRR7107790.sralite.1,SRX4036027,Sage-68627,WGS,RANDOM,GENOMIC,PAIRED,0,0,ILLUMINA,Illumina HiSeq 2000,SRP144493,PRJNA448733,,448733,SRS700770,SAMN03067873,simple,9615,Canis lupus familiaris,PRJNA247491.26458N_2,,,,,,,no,,,,,NHGRI,SRA699439,,public,75D77AB40D6576CBC8BEE0648690DD30,8886CD4F5917433524649FF04886FA9B
SRR7107786,2018-05-09 00:10:52,2018-05-03 19:56:48,340357438,68071487600,340357438,200,28271,GCF_000002285.3,https://sra-downloadb.be-md.ncbi.nlm.nih.gov/sos12/sra-pub-zq-1214/SRR007/107/SRR7107786.sralite.1,SRX4036023,ysa,WGS,RANDOM,GENOMIC,PAIRED,0,0,ILLUMINA,Illumina HiSeq 1000,SRP144493,PRJNA448733,,448733,SRS661496,SAMN02921320,simple,9612,Canis lupus,ysa,,,,,missing,,no,,,,,NHGRI,SRA699439,,public,96FCD296C6F4E25DA12AB129D328F8F4,A1E6ECCBBBF498FDE5050DB91DC12209
SRR7107787,2018-05-10 00:06:32,2018-05-04 00:19:22,315788557,63157711400,315788557,200,25830,GCF_000002285.3,https://sra-downloadb.be-md.ncbi.nlm.nih.gov/sos12/sra-pub-zq-1214/SRR007/107/SRR7107787.sralite.1,SRX4036024,ysb,WGS,RANDOM,GENOMIC,PAIRED,0,0,ILLUMINA,Illumina HiSeq 1000,SRP144493,PRJNA448733,,448733,SRS661497,SAMN02921321,simple,9612,Canis lupus,ysb,,,,,missing,,no,,,,,NHGRI,SRA699439,,public,44A59465EB36EFF2918BF95F6F524974,9C7245DE048E107B48955CB0D897B791
SRR7107788,2018-05-09 00:10:52,2018-05-03 18:17:48,113130014,21494702660,113130014,190,10410,GCF_000002285.3,https://sra-downloadb.be-md.ncbi.nlm.nih.gov/sos12/sra-pub-zq-1214/SRR007/107/SRR7107788.sralite.1,SRX4036025,ysc,WGS,RANDOM,GENOMIC,PAIRED,0,0,ILLUMINA,Illumina HiSeq 1000,SRP144493,PRJNA448733,,448733,SRS661498,SAMN02921322,simple,9612,Canis lupus,ysc,,,,,missing,,no,,,,,NHGRI,SRA699439,,public,6C28548D4F9288EDB55B3B6EE6A7C7E7,0F1E9A75EC84FD0780A187F53C4CA830
SRR7107794,2018-05-14 00:07:24,2018-05-08 16:39:20,544003789,109888765277,544003788,201,46447,GCF_000002285.3,https://sra-downloadb.be-md.ncbi.nlm.nih.gov/sos12/sra-pub-zq-1214/SRR007/107/SRR7107794.sralite.1,SRX4036031,Sage-68621,WGS,RANDOM,GENOMIC,PAIRED,0,0,ILLUMINA,Illumina HiSeq 2000,SRP144493,PRJNA448733,,448733,SRS700784,SAMN03067882,simple,9615,Canis lupus familiaris,PRJNA247491.29147N,,,,,,,no,,,,,NHGRI,SRA699439,,public,6E97F3102CAFC81C0F7014318C733604,06EB031B89168B816E2C368B03410719
SRR7107791,2018-05-15 06:24:40,2018-05-09 02:59:09,1050690933,212239568466,1050690933,202,91965,GCF_000002285.3,https://sra-downloadb.be-md.ncbi.nlm.nih.gov/sos12/sra-pub-zq-1214/SRR007/107/SRR7107791.sralite.1,SRX4036028,Sage-68638,WGS,RANDOM,GENOMIC,PAIRED,0,0,ILLUMINA,Illumina HiSeq 2000,SRP144493,PRJNA448733,,448733,SRS700771,SAMN03067874,simple,9615,Canis lupus familiaris,PRJNA247491.393483.BN,,,,,,,no,,,,,NHGRI,SRA699439,,public,488B3557BDE4AC1049F506EDBCC2EC9D,3D6E149ADA4A1AD1F22ACB46DCF92CBE
SRR7107795,2018-05-14 00:07:24,2018-05-08 20:40:59,820827307,165807116014,820827307,202,71274,GCF_000002285.3,https://sra-downloadb.be-md.ncbi.nlm.nih.gov/sos12/sra-pub-zq-1214/SRR007/107/SRR7107795.sralite.1,SRX4036032,Sage-68645,WGS,RANDOM,GENOMIC,PAIRED,0,0,ILLUMINA,Illumina HiSeq 2000,SRP144493,PRJNA448733,,448733,SRS700793,SAMN03067890,simple,9615,Canis lupus familiaris,PRJNA247491.408985.MN,,,,,,,no,,,,,NHGRI,SRA699439,,public,9A177B1DCE38460EF05F76D9D9F04F05,2353FECB55CA4F2A0F073320D5F02FF8
SRR7107793,2018-05-14 00:07:24,2018-05-08 01:52:01,595028156,120195687512,595028156,202,45526,GCF_000002285.3,https://sra-downloadb.be-md.ncbi.nlm.nih.gov/sos12/sra-pub-zq-1214/SRR007/107/SRR7107793.sralite.1,SRX4036030,Solexa-61338,WGS,RANDOM,GENOMIC,PAIRED,0,0,ILLUMINA,Illumina HiSeq 2000,SRP144493,PRJNA448733,,448733,SRS700779,SAMN03067878,simple,9615,Canis lupus familiaris,PRJNA247491.NEWMET_Normal,,,,,,,no,,,,,NHGRI,SRA699439,,public,AD4A40723CEA82B4C432FF7AA08C505B,EDA2808FCF3CF70818AAAC30655BF1C5
SRR7107792,2018-05-14 00:07:24,2018-05-08 13:45:48,665257031,134381920262,665257031,202,49151,GCF_000002285.3,https://sra-downloadb.be-md.ncbi.nlm.nih.gov/sos12/sra-pub-zq-1214/SRR007/107/SRR7107792.sralite.1,SRX4036029,Solexa-61334,WGS,RANDOM,GENOMIC,PAIRED,0,0,ILLUMINA,Illumina HiSeq 2000,SRP144493,PRJNA448733,,448733,SRS700773,SAMN03067876,simple,9615,Canis lupus familiaris,PRJNA247491.SHAKIT_Normal,,,,,,,no,,,,,NHGRI,SRA699439,,public,A4C414576D02871272EABC7587FADD3D,2B356680E578E2FA26D764276243737D
SRR7107796,2018-05-14 00:07:24,2018-05-08 01:03:22,593941046,119976091292,593941046,202,45589,GCF_000002285.3,https://sra-downloadb.be-md.ncbi.nlm.nih.gov/sos12/sra-pub-zq-1214/SRR007/107/SRR7107796.sralite.1,SRX4036033,Solexa-61336,WGS,RANDOM,GENOMIC,PAIRED,0,0,ILLUMINA,Illumina HiSeq 2000,SRP144493,PRJNA448733,,448733,SRS700794,SAMN03067891,simple,9615,Canis lupus familiaris,PRJNA247491.MB140_Normal,,,,,,,no,,,,,NHGRI,SRA699439,,public,F07DF45C715B787C58FC60A57CECEC5F,A9CEFB03AF2DE96391CF2EAB07CD5BD2
SRR7107797,2018-05-14 00:07:24,2018-05-08 05:31:46,602857899,121777295598,602857899,202,44124,GCF_000002285.3,https://sra-downloadb.be-md.ncbi.nlm.nih.gov/sos12/sra-pub-zq-1214/SRR007/107/SRR7107797.sralite.1,SRX4036034,Solexa-61319,WGS,RANDOM,GENOMIC,PAIRED,0,0,ILLUMINA,Illumina HiSeq 2000,SRP144493,PRJNA448733,,448733,SRS700797,SAMN03067893,simple,9615,Canis lupus familiaris,PRJNA247491.MB2C13_Normal,,,,,,,no,,,,,NHGRI,SRA699439,,public,DE083E01536CC6497A0368D33C4648C2,2C8D68F05F31E46F33E946D70F63DEAE
SRR7107798,2018-05-14 00:07:24,2018-05-07 23:47:25,550697321,111240858842,550697321,202,40394,GCF_000002285.3,https://sra-downloadb.be-md.ncbi.nlm.nih.gov/sos12/sra-pub-zq-1214/SRR007/107/SRR7107798.sralite.1,SRX4036035,Solexa-61340,WGS,RANDOM,GENOMIC,PAIRED,0,0,ILLUMINA,Illumina HiSeq 2000,SRP144493,PRJNA448733,,448733,SRS700802,SAMN03067895,simple,9615,Canis lupus familiaris,PRJNA247491.MB2A11_Normal,,,,,,,no,,,,,NHGRI,SRA699439,,public,6CF310C0E0F88B3F6935859403BE1ED3,3005C180DDCB115F10152D6A616FA407
SRR7107799,2018-05-15 06:24:40,2018-05-09 01:26:02,971218744,196186186288,971218744,202,83394,GCF_000002285.3,https://sra-downloadb.be-md.ncbi.nlm.nih.gov/sos12/sra-pub-zq-1214/SRR007/107/SRR7107799.sralite.1,SRX4036036,Sage-68617,WGS,RANDOM,GENOMIC,PAIRED,0,0,ILLUMINA,Illumina HiSeq 2000,SRP144493,PRJNA448733,,448733,SRS700820,SAMN03068228,simple,9615,Canis lupus familiaris,PRJNA247491.89974_AKC5_1,,,,,,,no,,,,,NHGRI,SRA699439,,public,6EE212CAC2C1ED477035D7B1FFC35568,D8D736A3A379539DE5203F70D304FF24
SRR7107800,2018-05-14 00:07:24,2018-05-08 19:29:03,682952173,137956338946,682952173,202,58208,GCF_000002285.3,https://sra-downloadb.be-md.ncbi.nlm.nih.gov/sos12/sra-pub-zq-1214/SRR007/107/SRR7107800.sralite.1,SRX4036037,Sage-68626,WGS,RANDOM,GENOMIC,PAIRED,0,0,ILLUMINA,Illumina HiSeq 2000,SRP144493,PRJNA448733,,448733,SRS700837,SAMN03068229,simple,9615,Canis lupus familiaris,PRJNA247491.34710N,,,,,,,no,,,,,NHGRI,SRA699439,,public,FF9929927A88A6F0560422B5406FCEF7,C69C05DAAAAC0E3BC618CA0A68A2A070
SRR7107802,2018-05-17 00:10:08,2018-05-11 20:10:07,365079276,72531944939,365079276,198,32189,GCF_000002285.3,https://sra-downloadb.be-md.ncbi.nlm.nih.gov/sos12/sra-pub-zq-1214/SRR007/107/SRR7107802.sralite.1,SRX4036039,73322_Woody,WGS,unspecified,GENOMIC,PAIRED,0,0,ILLUMINA,Illumina HiSeq 2000,SRP144493,PRJNA448733,,448733,SRS732549,SAMN03145702,simple,9615,Canis lupus familiaris,73322_Woody,,,,,male,,no,,,,,NHGRI,SRA699439,,public,38BD535B748F08267170BD98133FD231,807A7F331E286B6919A16A0E61BFAEF8
SRR7107803,2018-05-18 00:09:25,2018-05-12 04:47:44,349734047,69481864376,349734047,198,30433,GCF_000002285.3,https://sra-downloadb.be-md.ncbi.nlm.nih.gov/sos12/sra-pub-zq-1214/SRR007/107/SRR7107803.sralite.1,SRX4036040,73323_Tango,WGS,unspecified,GENOMIC,PAIRED,0,0,ILLUMINA,Illumina HiSeq 2000,SRP144493,PRJNA448733,,448733,SRS732550,SAMN03145703,simple,9615,Canis lupus familiaris,73323_Tango,,,,,female,,no,,,,,NHGRI,SRA699439,,public,301A16A3971C3457C58D9F97EA29E235,7FF2AF992851E55E487501883AB76CD9
SRR7107804,2018-05-18 00:09:25,2018-05-12 00:25:11,311085007,61903719146,311085007,198,24098,GCF_000002285.3,https://sra-downloadb.be-md.ncbi.nlm.nih.gov/sos12/sra-pub-zq-1214/SRR007/107/SRR7107804.sralite.1,SRX4036041,86409_Mavis,WGS,unspecified,GENOMIC,PAIRED,0,0,ILLUMINA,Illumina HiSeq 2000,SRP144493,PRJNA448733,,448733,SRS732551,SAMN03145704,simple,9615,Canis lupus familiaris,86409_Mavis,,,,,female,,no,,,,,NHGRI,SRA699439,,public,8A080CD8CDAE0DD95685EE7BFFD4F5E2,0FAF3AF4CE514538A8BBC125CD465D7F
SRR7107805,2018-05-09 00:10:52,2018-05-03 20:25:56,212883631,43854027986,212883631,206,20195,GCF_000002285.3,https://sra-downloadb.be-md.ncbi.nlm.nih.gov/sos12/sra-pub-zq-1214/SRR007/107/SRR7107805.sralite.1,SRX4036042,FAMICHN00004_PE665,WGS,RANDOM,GENOMIC,PAIRED,0,0,ILLUMINA,Illumina HiSeq 2000,SRP144493,PRJNA448733,,448733,SRS1135612,SAMN03168352,simple,9615,Canis lupus familiaris,FAMICHN00004,,,,,missing,,no,,,,,NHGRI,SRA699439,,public,5ADF943B6AEA9D963E7827169E3ED7E8,4A0922A5803FF1BE9BB5296513BD9E84
SRR7107801,2018-05-17 00:10:08,2018-05-11 14:03:57,450830021,89701796079,450830021,198,37605,GCF_000002285.3,https://sra-downloadb.be-md.ncbi.nlm.nih.gov/sos12/sra-pub-zq-1214/SRR007/107/SRR7107801.sralite.1,SRX4036038,CFA.88178.AP,WGS,unspecified,GENOMIC,PAIRED,0,0,ILLUMINA,Illumina HiSeq 2000,SRP144493,PRJNA448733,,448733,SRS713815,SAMN03075611,simple,9615,Canis lupus familiaris,Sundae_88178,,,,,male,,no,,,,,NHGRI,SRA699439,,public,2D629B71CA59AB6B12714C1A07D82955,FCD04BF895F9A5BEC307860D0AADC466
SRR7107806,2018-05-10 00:06:32,2018-05-03 21:36:50,223817695,49239892900,223817695,220,21149,GCF_000002285.3,https://sra-downloadb.be-md.ncbi.nlm.nih.gov/sos12/sra-pub-zq-1214/SRR007/107/SRR7107806.sralite.1,SRX4036043,FAMICHN00005_PE623,WGS,RANDOM,GENOMIC,PAIRED,0,0,ILLUMINA,Illumina HiSeq 2000,SRP144493,PRJNA448733,,448733,SRS1135611,SAMN03168353,simple,9615,Canis lupus familiaris,FAMICHN00005,,,,,missing,,no,,,,,NHGRI,SRA699439,,public,85219BFD868A0F23ED34B08F0D37247E,FBD02A991D2718F02E8BB0A408317777
SRR7107807,2018-05-10 00:06:32,2018-05-03 23:42:53,219403542,45197129652,219403542,206,19021,GCF_000002285.3,https://sra-downloadb.be-md.ncbi.nlm.nih.gov/sos12/sra-pub-zq-1214/SRR007/107/SRR7107807.sralite.1,SRX4036044,FAMICHN00006_PE650,WGS,RANDOM,GENOMIC,PAIRED,0,0,ILLUMINA,Illumina HiSeq 2000,SRP144493,PRJNA448733,,448733,SRS1135610,SAMN03168354,simple,9615,Canis lupus familiaris,FAMICHN00006,,,,,missing,,no,,,,,NHGRI,SRA699439,,public,5915E777F98278B739E7DD9E53C4261F,FFF1E546DBD7E58A330CD5B4832EC8F7
SRR7107808,2018-05-09 00:10:52,2018-05-03 20:54:41,205279838,45161564360,205279838,220,19317,GCF_000002285.3,https://sra-downloadb.be-md.ncbi.nlm.nih.gov/sos12/sra-pub-zq-1214/SRR007/107/SRR7107808.sralite.1,SRX4036045,FAMICHN00007_PE636,WGS,RANDOM,GENOMIC,PAIRED,0,0,ILLUMINA,Illumina HiSeq 2000,SRP144493,PRJNA448733,,448733,SRS1135609,SAMN03168355,simple,9615,Canis lupus familiaris,FAMICHN00007,,,,,missing,,no,,,,,NHGRI,SRA699439,,public,E4BEEBF06C78B3B1DD68E05C0542D46C,B39C1D896047F88CBD258F8BBD67AE12
SRR7107809,2018-05-09 00:10:52,2018-05-03 20:57:08,228053333,46978986598,228053333,206,20323,GCF_000002285.3,https://sra-downloadb.be-md.ncbi.nlm.nih.gov/sos12/sra-pub-zq-1214/SRR007/107/SRR7107809.sralite.1,SRX4036046,FAMICHN00012_PE644,WGS,RANDOM,GENOMIC,PAIRED,0,0,ILLUMINA,Illumina HiSeq 2000,SRP144493,PRJNA448733,,448733,SRS1135605,SAMN03168356,simple,9615,Canis lupus familiaris,FAMICHN00012,,,,,missing,,no,,,,,NHGRI,SRA699439,,public,E51A6C3CF795D2CFCADCEBE51E33C027,4A97EBF0817882FDC29791863000A224
SRR7107810,2018-05-09 00:10:52,2018-05-03 21:02:24,236031524,47206304800,236031524,200,18513,GCF_000002285.3,https://sra-downloadb.be-md.ncbi.nlm.nih.gov/sos12/sra-pub-zq-1214/SRR007/107/SRR7107810.sralite.1,SRX4036047,FAMICHN00014_PE550,WGS,RANDOM,GENOMIC,PAIRED,0,0,ILLUMINA,Illumina HiSeq 2000,SRP144493,PRJNA448733,,448733,SRS1135624,SAMN03168357,simple,9615,Canis lupus familiaris,FAMICHN00014,,,,,missing,,no,,,,,NHGRI,SRA699439,,public,7409E28DB15C634C43C637707F4B3DCD,85471DB97161CF3042F9FCAA7CB74A42
SRR7107815,2018-05-10 00:06:33,2018-05-03 21:47:47,212043026,46649465720,212043026,220,18965,GCF_000002285.3,https://sra-downloadb.be-md.ncbi.nlm.nih.gov/sos12/sra-pub-zq-1214/SRR007/107/SRR7107815.sralite.1,SRX4036052,FAMICHN00010_PE629,WGS,RANDOM,GENOMIC,PAIRED,0,0,ILLUMINA,Illumina HiSeq 2000,SRP144493,PRJNA448733,,448733,SRS1135608,SAMN03168363,simple,9615,Canis lupus familiaris,FAMICHN00010,,,,,missing,,no,,,,,NHGRI,SRA699439,,public,19EB1FC5F67ED240F49F79B24FA99424,CFFE265ECD63824EA2952A6098B09923
SRR7107811,2018-05-09 00:10:52,2018-05-03 21:01:01,211559894,43581338164,211559894,206,18487,GCF_000002285.3,https://sra-downloadb.be-md.ncbi.nlm.nih.gov/sos12/sra-pub-zq-1214/SRR007/107/SRR7107811.sralite.1,SRX4036048,FAMICHN00015_PE694,WGS,RANDOM,GENOMIC,PAIRED,0,0,ILLUMINA,Illumina HiSeq 2000,SRP144493,PRJNA448733,,448733,SRS1135606,SAMN03168358,simple,9615,Canis lupus familiaris,FAMICHN00015,,,,,missing,,no,,,,,NHGRI,SRA699439,,public,E140FBD86339CFDD21638D318C7AB363,C88D1E8634230CA58FDD859D92095A25
SRR7107812,2018-05-09 00:10:52,2018-05-03 20:42:02,218347816,48036519520,218347816,220,20719,GCF_000002285.3,https://sra-downloadb.be-md.ncbi.nlm.nih.gov/sos12/sra-pub-zq-1214/SRR007/107/SRR7107812.sralite.1,SRX4036049,FAMICHN00016_PE608,WGS,RANDOM,GENOMIC,PAIRED,0,0,ILLUMINA,Illumina HiSeq 2000,SRP144493,PRJNA448733,,448733,SRS1135604,SAMN03168359,simple,9615,Canis lupus familiaris,FAMICHN00016,,,,,missing,,no,,,,,NHGRI,SRA699439,,public,2E35B4CD1BB653177E2E51D03F144D96,3EFB452F94879096ED925615B7FF6840
SRR7107813,2018-05-09 00:10:52,2018-05-03 20:29:48,156746568,32289793008,156746568,206,12851,GCF_000002285.3,https://sra-downloadb.be-md.ncbi.nlm.nih.gov/sos12/sra-pub-zq-1214/SRR007/107/SRR7107813.sralite.1,SRX4036050,FAMICHN00017_PE685,WGS,RANDOM,GENOMIC,PAIRED,0,0,ILLUMINA,Illumina HiSeq 2000,SRP144493,PRJNA448733,,448733,SRS1135603,SAMN03168360,simple,9615,Canis lupus familiaris,FAMICHN00017,,,,,missing,,no,,,,,NHGRI,SRA699439,,public,C2B7ED50A693F302E05375A6AB3E909E,9D03FC6F6F1827BC425AF8B5B42FA736
SRR7107814,2018-05-10 00:06:32,2018-05-03 21:35:31,233789871,43017336264,233789871,184,19773,GCF_000002285.3,https://sra-downloadb.be-md.ncbi.nlm.nih.gov/sos12/sra-pub-zq-1214/SRR007/107/SRR7107814.sralite.1,SRX4036051,FAMICHN00019_PE579,WGS,RANDOM,GENOMIC,PAIRED,0,0,ILLUMINA,Illumina HiSeq 2000,SRP144493,PRJNA448733,,448733,SRS1135602,SAMN03168361,simple,9615,Canis lupus familiaris,FAMICHN00019,,,,,missing,,no,,,,,NHGRI,SRA699439,,public,C388B8FAD61BF8CBBBA174FBFFE88752,53E1EBA01CFF3F4117F0856E9234F9DC
SRR7107820,2018-05-10 00:06:33,2018-05-03 21:14:41,202620761,44576567420,202620761,220,20253,GCF_000002285.3,https://sra-downloadb.be-md.ncbi.nlm.nih.gov/sos12/sra-pub-zq-1214/SRR007/107/SRR7107820.sralite.1,SRX4036057,FAMIVNM00001_PE661,WGS,RANDOM,GENOMIC,PAIRED,0,0,ILLUMINA,Illumina HiSeq 2000,SRP144493,PRJNA448733,,448733,SRS1135594,SAMN03168368,simple,9615,Canis lupus familiaris,FAMIVNM00001,,,,,missing,,no,,,,,NHGRI,SRA699439,,public,3FDC249D58F33160D0A05CEC78C1137D,E376750EB56AADCB56185451FF1FD798
SRR7107819,2018-05-09 00:10:52,2018-05-03 20:25:15,135515010,28187122080,135515010,208,14675,GCF_000002285.3,https://sra-downloadb.be-md.ncbi.nlm.nih.gov/sos12/sra-pub-zq-1214/SRR007/107/SRR7107819.sralite.1,SRX4036056,FAMICHN00025_PE624,WGS,RANDOM,GENOMIC,PAIRED,0,0,ILLUMINA,Illumina HiSeq 2000,SRP144493,PRJNA448733,,448733,SRS1135599,SAMN03168367,simple,9615,Canis lupus familiaris,FAMICHN00025,,,,,missing,,no,,,,,NHGRI,SRA699439,,public,F2EA7DBDF8B7DFB5B1835C222E63B7B7,3D319664BACF9368C84C09BD56BDF947
SRR7107818,2018-05-10 00:06:33,2018-05-03 21:44:34,222139180,45760671080,222139180,206,19855,GCF_000002285.3,https://sra-downloadb.be-md.ncbi.nlm.nih.gov/sos12/sra-pub-zq-1214/SRR007/107/SRR7107818.sralite.1,SRX4036055,FAMICHN00023_PE650,WGS,RANDOM,GENOMIC,PAIRED,0,0,ILLUMINA,Illumina HiSeq 2000,SRP144493,PRJNA448733,,448733,SRS1135600,SAMN03168366,simple,9615,Canis lupus familiaris,FAMICHN00023,,,,,missing,,no,,,,,NHGRI,SRA699439,,public,B91A2CF0E384A2F93F74ABC6E4CCB889,892833483A88411D627B9C65641E11CA
SRR7107817,2018-05-09 00:10:52,2018-05-03 20:18:18,200280540,40056108000,200280540,200,16831,GCF_000002285.3,https://sra-downloadb.be-md.ncbi.nlm.nih.gov/sos12/sra-pub-zq-1214/SRR007/107/SRR7107817.sralite.1,SRX4036054,FAMICHN00021_PE649,WGS,RANDOM,GENOMIC,PAIRED,0,0,ILLUMINA,Illumina HiSeq 2000,SRP144493,PRJNA448733,,448733,SRS1135601,SAMN03168365,simple,9615,Canis lupus familiaris,FAMICHN00021,,,,,missing,,no,,,,,NHGRI,SRA699439,,public,06F0206374721A048D52BCA7B3D1A560,309224DA6F7AF394AE57B1E508AD1176
SRR7107816,2018-05-09 00:10:52,2018-05-03 20:47:57,216887713,43377542600,216887713,200,18962,GCF_000002285.3,https://sra-downloadb.be-md.ncbi.nlm.nih.gov/sos12/sra-pub-zq-1214/SRR007/107/SRR7107816.sralite.1,SRX4036053,FAMICHN00011_PE600,WGS,RANDOM,GENOMIC,PAIRED,0,0,ILLUMINA,Illumina HiSeq 2000,SRP144493,PRJNA448733,,448733,SRS1135607,SAMN03168364,simple,9615,Canis lupus familiaris,FAMICHN00011,,,,,missing,,no,,,,,NHGRI,SRA699439,,public,80A11E3B87B087FC6072A76DFA75A116,C8AFDDE3E9ADF2536C231FD23357F491
SRR7107825,2018-05-09 00:10:52,2018-05-03 20:50:31,215659300,43131860000,215659300,200,18441,GCF_000002285.3,https://sra-downloadb.be-md.ncbi.nlm.nih.gov/sos12/sra-pub-zq-1214/SRR007/107/SRR7107825.sralite.1,SRX4036062,FAMINGR00001_PE612,WGS,RANDOM,GENOMIC,PAIRED,0,0,ILLUMINA,Illumina HiSeq 2000,SRP144493,PRJNA448733,,448733,SRS1135597,SAMN03168373,simple,9615,Canis lupus familiaris,FAMINGR00001,,,,,missing,,no,,,,,NHGRI,SRA699439,,public,303CE5BCB6C429324D4B75CB43B76C10,530D7872A257918D71007068893397CD
SRR7107821,2018-05-10 00:06:33,2018-05-03 21:39:14,211616756,46555686320,211616756,220,20770,GCF_000002285.3,https://sra-downloadb.be-md.ncbi.nlm.nih.gov/sos12/sra-pub-zq-1214/SRR007/107/SRR7107821.sralite.1,SRX4036058,FAMIVNM00002_PE659,WGS,RANDOM,GENOMIC,PAIRED,0,0,ILLUMINA,Illumina HiSeq 2000,SRP144493,PRJNA448733,,448733,SRS1135633,SAMN03168369,simple,9615,Canis lupus familiaris,FAMIVNM00002,,,,,missing,,no,,,,,NHGRI,SRA699439,,public,5BD8771809C2CC5CFA9BB10568545CE3,3C93ED31592E328445BAF45ADF6160BB
SRR7107822,2018-05-09 00:10:52,2023-08-04 18:19:09,189147013,41612342860,189147013,220,19481,GCF_000002285.3,https://sra-downloadb.be-md.ncbi.nlm.nih.gov/sos13/sra-pub-zq-1303/SRR007/7107/SRR7107822/SRR7107822.lite.2,SRX4036059,FAMIVNM00003_PE633,WGS,RANDOM,GENOMIC,PAIRED,0,0,ILLUMINA,Illumina HiSeq 2000,SRP144493,PRJNA448733,,448733,SRS1135632,SAMN03168370,simple,9615,Canis lupus familiaris,FAMIVNM00003,,,,,missing,,no,,,,,NHGRI,SRA699439,,public,1237038CA503219B4201E3FC3726F2D5,F029C6B670F4E1E07C4B4A8366D49181
SRR7107823,2018-05-10 00:06:33,2018-05-03 21:15:13,221218307,48668027540,221218307,220,20527,GCF_000002285.3,https://sra-downloadb.be-md.ncbi.nlm.nih.gov/sos12/sra-pub-zq-1214/SRR007/107/SRR7107823.sralite.1,SRX4036060,FAMIVNM00004_PE636,WGS,RANDOM,GENOMIC,PAIRED,0,0,ILLUMINA,Illumina HiSeq 2000,SRP144493,PRJNA448733,,448733,SRS1135631,SAMN03168371,simple,9615,Canis lupus familiaris,FAMIVNM00004,,,,,missing,,no,,,,,NHGRI,SRA699439,,public,7C384B2806B3A74A04A172DF4FBBFE19,9780692DFFAA1CDC9E45B59450382E25
SRR7107824,2018-05-09 00:10:52,2018-05-03 20:43:56,215598390,47431645800,215598390,220,21022,GCF_000002285.3,https://sra-downloadb.be-md.ncbi.nlm.nih.gov/sos12/sra-pub-zq-1214/SRR007/107/SRR7107824.sralite.1,SRX4036061,FAMIVNM00005_PE640,WGS,RANDOM,GENOMIC,PAIRED,0,0,ILLUMINA,Illumina HiSeq 2000,SRP144493,PRJNA448733,,448733,SRS1135630,SAMN03168372,simple,9615,Canis lupus familiaris,FAMIVNM00005,,,,,missing,,no,,,,,NHGRI,SRA699439,,public,DDC88F269D3D33218BEF4E8B2B843608,8DCD60D00AEFBFF87D6B2DDDE846804E
SRR7107829,2018-05-09 00:10:52,2018-05-03 20:31:00,215148525,43029705000,215148525,200,18179,GCF_000002285.3,https://sra-downloadb.be-md.ncbi.nlm.nih.gov/sos12/sra-pub-zq-1214/SRR007/107/SRR7107829.sralite.1,SRX4036066,FAMBAFG00001_PE726,WGS,RANDOM,GENOMIC,PAIRED,0,0,ILLUMINA,Illumina HiSeq 2000,SRP144493,PRJNA448733,,448733,SRS1129578,SAMN03168377,simple,9615,Canis lupus familiaris,FAMBAFG00001,,,,,missing,,no,,,,,NHGRI,SRA699439,,public,DFB369EC15BE068F7A81C08C18CC272B,6DC92115023EA080264DAB0C2ABC5DAE
SRR7107830,2018-05-09 00:10:52,2018-05-03 20:25:09,197999352,39599870400,197999352,200,16402,GCF_000002285.3,https://sra-downloadb.be-md.ncbi.nlm.nih.gov/sos12/sra-pub-zq-1214/SRR007/107/SRR7107830.sralite.1,SRX4036067,FAMBALM00001_PE760,WGS,RANDOM,GENOMIC,PAIRED,0,0,ILLUMINA,Illumina HiSeq 2000,SRP144493,PRJNA448733,,448733,SRS1129580,SAMN03168378,simple,9615,Canis lupus familiaris,FAMBALM00001,,,,,missing,,no,,,,,NHGRI,SRA699439,,public,6C466DBAA3550ADA3986B1C31B56B32D,B96ECF5A559E0A4FE206628F5EEAAA9A
SRR7107826,2018-05-09 00:10:52,2018-05-03 21:14:02,215621770,43124354000,215621770,200,19078,GCF_000002285.3,https://sra-downloadb.be-md.ncbi.nlm.nih.gov/sos12/sra-pub-zq-1214/SRR007/107/SRR7107826.sralite.1,SRX4036063,FAMINGR00002_PE594,WGS,RANDOM,GENOMIC,PAIRED,0,0,ILLUMINA,Illumina HiSeq 2000,SRP144493,PRJNA448733,,448733,SRS1135598,SAMN03168374,simple,9615,Canis lupus familiaris,FAMINGR00002,,,,,missing,,no,,,,,NHGRI,SRA699439,,public,BBED33BA29A1770925E4300BFCBA9AAD,86FCFEC189C5AA1F9EEC6092032AC2EA
SRR7107827,2018-05-10 00:06:33,2018-05-03 21:30:32,201059221,40211844200,201059221,200,19011,GCF_000002285.3,https://sra-downloadb.be-md.ncbi.nlm.nih.gov/sos12/sra-pub-zq-1214/SRR007/107/SRR7107827.sralite.1,SRX4036064,FAMINGR00003_PE609,WGS,RANDOM,GENOMIC,PAIRED,0,0,ILLUMINA,Illumina HiSeq 2000,SRP144493,PRJNA448733,,448733,SRS1135596,SAMN03168375,simple,9615,Canis lupus familiaris,FAMINGR00003,,,,,missing,,no,,,,,NHGRI,SRA699439,,public,897F80A72FD5E8195E0EEA5672431BE7,7CD32CA69BA6C67720A634285A14C182
SRR7107828,2018-05-09 00:10:52,2018-05-03 20:46:24,220533692,44106738400,220533692,200,19861,GCF_000002285.3,https://sra-downloadb.be-md.ncbi.nlm.nih.gov/sos12/sra-pub-zq-1214/SRR007/107/SRR7107828.sralite.1,SRX4036065,FAMINGR00004_PE577,WGS,RANDOM,GENOMIC,PAIRED,0,0,ILLUMINA,Illumina HiSeq 2000,SRP144493,PRJNA448733,,448733,SRS1135595,SAMN03168376,simple,9615,Canis lupus familiaris,FAMINGR00004,,,,,missing,,no,,,,,NHGRI,SRA699439,,public,7A495262BAABCBB00C6BED72DABCF8B0,F0340A3C43EC7D86EA0464D386BB5DB8
SRR7107831,2018-05-17 00:10:08,2018-05-11 14:40:23,225252781,45050556200,225252781,200,20219,GCF_000002285.3,https://sra-downloadb.be-md.ncbi.nlm.nih.gov/sos12/sra-pub-zq-1214/SRR007/107/SRR7107831.sralite.1,SRX4036068,FAMBCHI00001_PE600,WGS,RANDOM,GENOMIC,PAIRED,0,0,ILLUMINA,Illumina HiSeq 2000,SRP144493,PRJNA448733,,448733,SRS1129798,SAMN03168379,simple,9615,Canis lupus familiaris,FAMBCHI00001,,,,,missing,,no,,,,,NHGRI,SRA699439,,public,22F162E06CC7F6008E496FE1F56E83DF,474B23270E82668919D39896200D884F
SRR7107832,2018-05-17 00:10:08,2018-05-11 16:38:49,208773352,43424857216,208773352,208,17956,GCF_000002285.3,https://sra-downloadb.be-md.ncbi.nlm.nih.gov/sos12/sra-pub-zq-1214/SRR007/107/SRR7107832.sralite.1,SRX4036069,FAMBGAL00001_PE672,WGS,RANDOM,GENOMIC,PAIRED,0,0,ILLUMINA,Illumina HiSeq 2000,SRP144493,PRJNA448733,,448733,SRS1129833,SAMN03168380,simple,9615,Canis lupus familiaris,FAMBGAL00001,,,,,missing,,no,,,,,NHGRI,SRA699439,,public,511C40A8D67D778B83A495246425CADF,CE73ED4E4FDFBCFDC2FB42B308FC09BD
SRR7107834,2018-05-17 00:10:08,2018-05-11 17:23:20,225968292,47001404736,225968292,208,19027,GCF_000002285.3,https://sra-downloadb.be-md.ncbi.nlm.nih.gov/sos12/sra-pub-zq-1214/SRR007/107/SRR7107834.sralite.1,SRX4036071,FAMBGNE00001_PE619,WGS,RANDOM,GENOMIC,PAIRED,0,0,ILLUMINA,Illumina HiSeq 2000,SRP144493,PRJNA448733,,448733,SRS1129834,SAMN03168382,simple,9615,Canis lupus familiaris,FAMBGNE00001,,,,,missing,,no,,,,,NHGRI,SRA699439,,public,CFFCB11D8A2AD52511F6114B588FD5C0,0FDEADEBD622B694DA8E33730A9CEEB4
SRR7107833,2018-05-14 00:07:24,2018-05-08 05:58:48,202557128,42131882624,202557128,208,17317,GCF_000002285.3,https://sra-downloadb.be-md.ncbi.nlm.nih.gov/sos12/sra-pub-zq-1214/SRR007/107/SRR7107833.sralite.1,SRX4036070,FAMBGRD00001_PE618,WGS,RANDOM,GENOMIC,PAIRED,0,0,ILLUMINA,Illumina HiSeq 2000,SRP144493,PRJNA448733,,448733,SRS1129835,SAMN03168381,simple,9615,Canis lupus familiaris,FAMBGRD00001,,,,,missing,,no,,,,,NHGRI,SRA699439,,public,9250BE763171C80C73497DC16B4AFC37,C67E179451BD591AC1FD395C1DD5A985
SRR7107835,2018-05-14 00:07:24,2018-05-07 11:11:41,442750712,92092148096,442750712,208,38504,GCF_000002285.3,https://sra-downloadb.be-md.ncbi.nlm.nih.gov/sos12/sra-pub-zq-1214/SRR007/107/SRR7107835.sralite.1,SRX4036072,FAMBJAM00001_PE600_1,WGS,RANDOM,GENOMIC,PAIRED,0,0,ILLUMINA,Illumina HiSeq 2000,SRP144493,PRJNA448733,,448733,SRS1135625,SAMN03168383,simple,9615,Canis lupus familiaris,FAMBJAM00001,,,,,missing,,no,,,,,NHGRI,SRA699439,,public,D9C0D09A4E39602E495FC0FF8882CB15,B75BD76CB554D42329BBDD4723304204
SRR7107836,2018-05-18 00:09:25,2018-05-12 00:43:10,193618797,40272709776,193618797,208,16477,GCF_000002285.3,https://sra-downloadb.be-md.ncbi.nlm.nih.gov/sos12/sra-pub-zq-1214/SRR007/107/SRR7107836.sralite.1,SRX4036073,FAMBLAH00001_PE621,WGS,RANDOM,GENOMIC,PAIRED,0,0,ILLUMINA,Illumina HiSeq 2000,SRP144493,PRJNA448733,,448733,SRS1129836,SAMN03168384,simple,9615,Canis lupus familiaris,FAMBLAH00001,,,,,missing,,no,,,,,NHGRI,SRA699439,,public,1FA3D9D5CAEA137BB34B21EF1F3EE682,F16841FB9A16CBC72F4481A81FC73D3F
SRR7107837,2018-05-17 00:10:08,2018-05-11 17:20:51,199727187,39945437400,199727187,200,17157,GCF_000002285.3,https://sra-downloadb.be-md.ncbi.nlm.nih.gov/sos12/sra-pub-zq-1214/SRR007/107/SRR7107837.sralite.1,SRX4036074,FAMBMEN00001_PE650_1,WGS,RANDOM,GENOMIC,PAIRED,0,0,ILLUMINA,Illumina HiSeq 2000,SRP144493,PRJNA448733,,448733,SRS1135618,SAMN03168385,simple,9615,Canis lupus familiaris,FAMBMEN00001,,,,,missing,,no,,,,,NHGRI,SRA699439,,public,8DFFF07E9E0B86FB205EACC5488896A8,E6DDF8DC28B74E176B46EE31668BCA4E
SRR7107838,2018-05-17 00:10:08,2018-05-11 18:39:00,216645807,43329161400,216645807,200,18502,GCF_000002285.3,https://sra-downloadb.be-md.ncbi.nlm.nih.gov/sos12/sra-pub-zq-1214/SRR007/107/SRR7107838.sralite.1,SRX4036075,FAMBPEN00001_PE650_2,WGS,RANDOM,GENOMIC,PAIRED,0,0,ILLUMINA,Illumina HiSeq 2000,SRP144493,PRJNA448733,,448733,SRS1135617,SAMN03168386,simple,9615,Canis lupus familiaris,FAMBPEN00001,,,,,missing,,no,,,,,NHGRI,SRA699439,,public,1CD789A738E5F0E12893CA440817DEFB,745E22310D5A9D30508D7594CA4A3A21
SRR7107840,2018-05-19 06:29:09,2018-05-12 23:19:50,202241083,42066145264,202241083,208,17591,GCF_000002285.3,https://sra-downloadb.be-md.ncbi.nlm.nih.gov/sos12/sra-pub-zq-1214/SRR007/107/SRR7107840.sralite.1,SRX4036077,FAMBSAM00001_PE698,WGS,RANDOM,GENOMIC,PAIRED,0,0,ILLUMINA,Illumina HiSeq 2000,SRP144493,PRJNA448733,,448733,SRS1135616,SAMN03168388,simple,9615,Canis lupus familiaris,FAMBSAM00001,,,,,missing,,no,,,,,NHGRI,SRA699439,,public,5E45627ED2E079CBF669BDB8AF2F01D8,62DC7DFCC765DFF98E951B88069CC2E2
SRR7107839,2018-05-17 00:10:08,2018-05-11 17:42:38,206784730,43011223840,206784730,208,17370,GCF_000002285.3,https://sra-downloadb.be-md.ncbi.nlm.nih.gov/sos12/sra-pub-zq-1214/SRR007/107/SRR7107839.sralite.1,SRX4036076,FAMBSWL00001_PE599,WGS,RANDOM,GENOMIC,PAIRED,0,0,ILLUMINA,Illumina HiSeq 2000,SRP144493,PRJNA448733,,448733,SRS1135613,SAMN03168387,simple,9615,Canis lupus familiaris,FAMBSWL00001,,,,,missing,,no,,,,,NHGRI,SRA699439,,public,C2683C7EF690823216D2A38FF2400A83,29CD910BF8A23EA37054C5C71F3A0328
SRR7107842,2018-05-10 00:06:33,2018-05-03 22:37:07,212515489,42503097800,212515489,200,18768,GCF_000002285.3,https://sra-downloadb.be-md.ncbi.nlm.nih.gov/sos12/sra-pub-zq-1214/SRR007/107/SRR7107842.sralite.1,SRX4036079,FAMBESL00001_PE800,WGS,RANDOM,GENOMIC,PAIRED,0,0,ILLUMINA,Illumina HiSeq 2000,SRP144493,PRJNA448733,,448733,SRS1129824,SAMN03168390,simple,9615,Canis lupus familiaris,FAMBESL00001,,,,,missing,,no,,,,,NHGRI,SRA699439,,public,F120E66A13AB06403ED1E0F8608A2AC8,184BA2628F61158B859F21A2CE8FAB0B
SRR7107843,2018-05-09 00:10:52,2018-05-03 20:55:29,207557149,43171886992,207557149,208,17398,GCF_000002285.3,https://sra-downloadb.be-md.ncbi.nlm.nih.gov/sos12/sra-pub-zq-1214/SRR007/107/SRR7107843.sralite.1,SRX4036080,FAMBFIL00001_PE601,WGS,RANDOM,GENOMIC,PAIRED,0,0,ILLUMINA,Illumina HiSeq 2000,SRP144493,PRJNA448733,,448733,SRS1129832,SAMN03168391,simple,9615,Canis lupus familiaris,FAMBFIL00001,,,,,missing,,no,,,,,NHGRI,SRA699439,,public,B4D119EF4FCCF0D091EACFA28497531D,57AF2EA3D4D824CCCB15C29AC211A3A2
SRR7107841,2018-05-17 00:10:08,2018-05-11 18:36:07,215990999,43198199800,215990999,200,18673,GCF_000002285.3,https://sra-downloadb.be-md.ncbi.nlm.nih.gov/sos12/sra-pub-zq-1214/SRR007/107/SRR7107841.sralite.1,SRX4036078,FAMBSIH00001_PE650,WGS,RANDOM,GENOMIC,PAIRED,0,0,ILLUMINA,Illumina HiSeq 2000,SRP144493,PRJNA448733,,448733,SRS1135615,SAMN03168389,simple,9615,Canis lupus familiaris,FAMBSIH00001,,,,,missing,,no,,,,,NHGRI,SRA699439,,public,ABD64EA1C2379518625E8F3D616BFCF1,2426E95AC0346F25031D8EE53A698946
SRR7107844,2018-05-17 00:10:08,2018-05-11 20:00:39,231659193,48185112144,231659193,208,19711,GCF_000002285.3,https://sra-downloadb.be-md.ncbi.nlm.nih.gov/sos12/sra-pub-zq-1214/SRR007/107/SRR7107844.sralite.1,SRX4036081,FAMBSLO00001_PE720,WGS,RANDOM,GENOMIC,PAIRED,0,0,ILLUMINA,Illumina HiSeq 2000,SRP144493,PRJNA448733,,448733,SRS1135614,SAMN03168392,simple,9615,Canis lupus familiaris,FAMBSLO00001,,,,,missing,,no,,,,,NHGRI,SRA699439,,public,74950011BAE7ECC3449D19CDDB6A9C60,91135E5E412B7C15A6E29C21CD2FC597
SRR7107845,2018-05-10 00:06:33,2018-05-03 22:30:07,186318018,35961813132,186318018,193,17025,GCF_000002285.3,https://sra-downloadb.be-md.ncbi.nlm.nih.gov/sos12/sra-pub-zq-1214/SRR007/107/SRR7107845.sralite.1,SRX4036082,LUPZCHN00002_PE611_1,WGS,RANDOM,GENOMIC,PAIRED,0,0,ILLUMINA,Illumina HiSeq 2000,SRP144493,PRJNA448733,,448733,SRS1135621,SAMN03168393,simple,9612,Canis lupus,LUPZCHN00002,,,,,missing,,no,,,,,NHGRI,SRA699439,,public,DDBD385840CDE2D373ADA5BA4819B4DF,3BC200AB79136E5F72A3A9E92D829376
SRR7107846,2018-05-10 00:06:33,2018-05-03 22:01:49,203527399,41926644194,203527399,206,19742,GCF_000002285.3,https://sra-downloadb.be-md.ncbi.nlm.nih.gov/sos12/sra-pub-zq-1214/SRR007/107/SRR7107846.sralite.1,SRX4036083,LUPWCHN00003_PE611,WGS,RANDOM,GENOMIC,PAIRED,0,0,ILLUMINA,Illumina HiSeq 2000,SRP144493,PRJNA448733,,448733,SRS1135629,SAMN03168394,simple,9612,Canis lupus,LUPWCHN00003,,,,,missing,,no,,,,,NHGRI,SRA699439,,public,597D8351BD11DCD5743B8653D2AADB7D,49906375F80651E9280B44391FE78A9F
SRR7107849,2018-05-10 00:06:33,2018-05-03 23:33:02,212597937,39118020408,212597937,184,19340,GCF_000002285.3,https://sra-downloadb.be-md.ncbi.nlm.nih.gov/sos12/sra-pub-zq-1214/SRR007/107/SRR7107849.sralite.1,SRX4036086,LUPWCHN00008_PE653,WGS,RANDOM,GENOMIC,PAIRED,0,0,ILLUMINA,Illumina HiSeq 2000,SRP144493,PRJNA448733,,448733,SRS1135628,SAMN03168397,simple,9612,Canis lupus,LUPWCHN00008,,,,,missing,,no,,,,,NHGRI,SRA699439,,public,B28D82704B617BBB69B7A0A4B0AF35E9,44187350B6D680F393B794F9799316E2
SRR7107850,2018-05-10 00:06:33,2018-05-03 22:12:35,381801164,76360232800,381801164,200,33733,GCF_000002285.3,https://sra-downloadb.be-md.ncbi.nlm.nih.gov/sos12/sra-pub-zq-1214/SRR007/107/SRR7107850.sralite.1,SRX4036087,LUPWCHN00009_PE644,WGS,RANDOM,GENOMIC,PAIRED,0,0,ILLUMINA,Illumina HiSeq 2000,SRP144493,PRJNA448733,,448733,SRS1135623,SAMN03168398,simple,9612,Canis lupus,LUPWCHN00009,,,,,missing,,no,,,,,NHGRI,SRA699439,,public,7F17DD8A00F02BEE5D785695B6E988B2,8C5099D84C1DA336ADE6A7403B5A522B
SRR7107847,2018-05-09 00:10:52,2018-05-03 20:23:50,149940415,27975982440,149940415,186,13690,GCF_000002285.3,https://sra-downloadb.be-md.ncbi.nlm.nih.gov/sos12/sra-pub-zq-1214/SRR007/107/SRR7107847.sralite.1,SRX4036084,LUPZCHN00005_PE607_1,WGS,RANDOM,GENOMIC,PAIRED,0,0,ILLUMINA,Illumina HiSeq 2000,SRP144493,PRJNA448733,,448733,SRS1135620,SAMN03168395,simple,9612,Canis lupus,LUPZCHN00005,,,,,missing,,no,,,,,NHGRI,SRA699439,,public,CF53AFBBC1B6DE0A0EF21331D3C356A7,F83986CF4A6C5C0BA638DB74A1DD331E
SRR7107848,2018-05-09 00:10:52,2018-05-03 21:02:27,210749119,43414318514,210749119,206,19192,GCF_000002285.3,https://sra-downloadb.be-md.ncbi.nlm.nih.gov/sos12/sra-pub-zq-1214/SRR007/107/SRR7107848.sralite.1,SRX4036085,LUPZCHN00006_PE637,WGS,RANDOM,GENOMIC,PAIRED,0,0,ILLUMINA,Illumina HiSeq 2000,SRP144493,PRJNA448733,,448733,SRS1135626,SAMN03168396,simple,9612,Canis lupus,LUPZCHN00006,,,,,missing,,no,,,,,NHGRI,SRA699439,,public,B702E9B64C732D02C5F451FA1860B021,11F7C9E65DADF32555E1EF5961A2FE9E
SRR7107854,2018-05-14 00:07:24,2018-05-08 03:49:25,541435743,82298232936,541435743,152,30736,GCF_000002285.3,https://sra-downloadb.be-md.ncbi.nlm.nih.gov/sos12/sra-pub-zq-1214/SRR007/107/SRR7107854.sralite.1,SRX4036091,Solexa-143984,WGS,RANDOM,GENOMIC,PAIRED,0,0,ILLUMINA,Illumina HiSeq 2000,SRP144493,PRJNA448733,,448733,SRS809791,SAMN03275921,simple,9615,Canis lupus familiaris,PRJNA247491.11264,,,,,,,no,,,,,NHGRI,SRA699439,,public,D02F35541C418B28CE1319C36525CC03,037885FA5DBB30D9375B0A8FC1B2BB7A
SRR7107855,2018-05-14 00:07:24,2018-05-08 05:48:47,648796374,98617048848,648796374,152,37927,GCF_000002285.3,https://sra-downloadb.be-md.ncbi.nlm.nih.gov/sos12/sra-pub-zq-1214/SRR007/107/SRR7107855.sralite.1,SRX4036092,Solexa-143986,WGS,RANDOM,GENOMIC,PAIRED,0,0,ILLUMINA,Illumina HiSeq 2000,SRP144493,PRJNA448733,,448733,SRS809792,SAMN03275922,simple,9615,Canis lupus familiaris,PRJNA247491.31364,,,,,,,no,,,,,NHGRI,SRA699439,,public,9E32A72015775A44F3E4589D984141C1,071DCEE224C49E465B16C1C0DE36C1E3
SRR7107853,2018-05-10 00:06:33,2018-05-03 21:23:47,548518848,109703769600,548518848,200,42021,GCF_000002285.3,https://sra-downloadb.be-md.ncbi.nlm.nih.gov/sos12/sra-pub-zq-1214/SRR007/107/SRR7107853.sralite.1,SRX4036090,RUFZCHN00001_PE435_1,WGS,RANDOM,GENOMIC,PAIRED,0,0,ILLUMINA,Illumina HiSeq 2000,SRP144493,PRJNA448733,,448733,SRS1135619,SAMN03168405,simple,68730,Cuon alpinus,RUFZCHN00001,,,,,missing,,no,,,,,NHGRI,SRA699439,,public,79C681C094DA2E09CB57E218AF00EDD2,6C79EE6A0311F6C6294F9FF41362E62A
SRR7107852,2018-05-10 00:06:33,2018-05-03 20:39:43,285205677,57041135400,285205677,200,30812,GCF_000002285.3,https://sra-downloadb.be-md.ncbi.nlm.nih.gov/sos12/sra-pub-zq-1214/SRR007/107/SRR7107852.sralite.1,SRX4036089,LUPWCHN00013_PE636_1,WGS,RANDOM,GENOMIC,PAIRED,0,0,ILLUMINA,Illumina HiSeq 2000,SRP144493,PRJNA448733,,448733,SRS1135622,SAMN03168400,simple,9612,Canis lupus,LUPWCHN00013,,,,,missing,,no,,,,,NHGRI,SRA699439,,public,A9F1CCF2EC3B8A6BBFF3F98AD285846A,7DFCB6FEB6F4AD5CC3D4894A3C16ED76
SRR7107851,2018-05-09 00:10:52,2018-05-03 20:33:08,225716968,46497695408,225716968,206,19840,GCF_000002285.3,https://sra-downloadb.be-md.ncbi.nlm.nih.gov/sos12/sra-pub-zq-1214/SRR007/107/SRR7107851.sralite.1,SRX4036088,LUPWCHN00010_PE600,WGS,RANDOM,GENOMIC,PAIRED,0,0,ILLUMINA,Illumina HiSeq 2000,SRP144493,PRJNA448733,,448733,SRS1135627,SAMN03168399,simple,9612,Canis lupus,LUPWCHN00010,,,,,missing,,no,,,,,NHGRI,SRA699439,,public,AC0496EAB1C400DC0CAE4FBD6DD6BC6F,AB4562C829DBEB40E924D5A567A92B8B
SRR7107856,2018-05-14 00:07:24,2018-05-08 01:03:24,518772112,78853361024,518772112,152,29974,GCF_000002285.3,https://sra-downloadb.be-md.ncbi.nlm.nih.gov/sos12/sra-pub-zq-1214/SRR007/107/SRR7107856.sralite.1,SRX4036093,Solexa-143985,WGS,RANDOM,GENOMIC,PAIRED,0,0,ILLUMINA,Illumina HiSeq 2000,SRP144493,PRJNA448733,,448733,SRS809793,SAMN03275923,simple,9615,Canis lupus familiaris,PRJNA247491.2135,,,,,,,no,,,,,NHGRI,SRA699439,,public,75C0A767FB7BD7382AFDBC40D225DD23,4ABBBB1302551F97CAAAE5EEA9E0BFC7
SRR7107857,2018-05-14 00:07:24,2018-05-08 04:14:01,515638277,78377018104,515638277,152,29668,GCF_000002285.3,https://sra-downloadb.be-md.ncbi.nlm.nih.gov/sos12/sra-pub-zq-1214/SRR007/107/SRR7107857.sralite.1,SRX4036094,Solexa-143983,WGS,RANDOM,GENOMIC,PAIRED,0,0,ILLUMINA,Illumina HiSeq 2000,SRP144493,PRJNA448733,,448733,SRS809794,SAMN03275924,simple,9615,Canis lupus familiaris,PRJNA247491.14940,,,,,,,no,,,,,NHGRI,SRA699439,,public,E3CF8FEA7E999269E2508FE72B9A4D16,6AE8C121B8F62508035F1AEFD3985A26
SRR7107858,2018-05-10 00:06:33,2018-05-04 01:13:32,498591815,99214492040,498591815,198,42443,GCF_000002285.3,https://sra-downloadb.be-md.ncbi.nlm.nih.gov/sos12/sra-pub-zq-1214/SRR007/107/SRR7107858.sralite.1,SRX4036095,86399_Misha,WGS,PCR,GENOMIC,PAIRED,0,0,ILLUMINA,Illumina HiSeq 2000,SRP144493,PRJNA448733,,448733,SRS833812,SAMN03323668,simple,9615,Canis lupus familiaris,86399_Misha,,,,,female,,no,,,,,NHGRI,SRA699439,,public,C404818FE73A964C540CD27514F6D8E1,2DF702E571C9C30185DDEC35795E92F9
SRR7107859,2018-05-14 00:07:24,2018-05-08 01:32:22,253649784,50471429048,253649784,198,20008,GCF_000002285.3,https://sra-downloadb.be-md.ncbi.nlm.nih.gov/sos12/sra-pub-zq-1214/SRR007/107/SRR7107859.sralite.1,SRX4036096,92567_Mabel,WGS,unspecified,GENOMIC,PAIRED,0,0,ILLUMINA,Illumina HiSeq 2000,SRP144493,PRJNA448733,,448733,SRS834021,SAMN03323669,simple,9615,Canis lupus familiaris,92567_Mabel,,,,,female,,no,,,,,NHGRI,SRA699439,,public,78123F0D4440B24799085C1DAF39E230,7BBCCB2878DA6FAF576B4FA50D509728
SRR7107860,2018-05-17 00:10:08,2018-05-11 20:05:13,274500096,54610997192,274500096,198,24273,GCF_000002285.3,https://sra-downloadb.be-md.ncbi.nlm.nih.gov/sos12/sra-pub-zq-1214/SRR007/107/SRR7107860.sralite.1,SRX4036097,71101_Maggie,WGS,PCR,GENOMIC,PAIRED,0,0,ILLUMINA,Illumina HiSeq 2000,SRP144493,PRJNA448733,,448733,SRS834052,SAMN03323670,simple,9615,Canis lupus familiaris,71101_Maggie,,,,,female,,no,,,,,NHGRI,SRA699439,,public,9984C5712326776A8709D0BC8987BBA2,B7264E9C4720D2446C65773C73FA03EB
SRR7107862,2018-05-09 00:10:52,2018-05-03 18:36:08,114952953,22574041892,114952953,196,10091,GCF_000002285.3,https://sra-downloadb.be-md.ncbi.nlm.nih.gov/sos12/sra-pub-zq-1214/SRR007/107/SRR7107862.sralite.1,SRX4036099,72021_Clifford,WGS,PCR,GENOMIC,PAIRED,0,0,ILLUMINA,Illumina HiSeq 2000,SRP144493,PRJNA448733,,448733,SRS834055,SAMN03323672,simple,9615,Canis lupus familiaris,72021_Clifford,,,,,male,,no,,,,,NHGRI,SRA699439,,public,ED0463428D21D5AA29061A84EEB5515A,9EC9207A1970C13EDDF31E40F75CA88B
SRR7107861,2018-05-17 00:10:08,2018-05-11 20:48:38,141661438,28168852918,141661438,198,11228,GCF_000002285.3,https://sra-downloadb.be-md.ncbi.nlm.nih.gov/sos12/sra-pub-zq-1214/SRR007/107/SRR7107861.sralite.1,SRX4036098,88988_Cody?,WGS,unspecified,GENOMIC,PAIRED,0,0,ILLUMINA,Illumina HiSeq 2000,SRP144493,PRJNA448733,,448733,SRS834054,SAMN03323671,simple,9615,Canis lupus familiaris,88988_Cody?,,,,,male,,no,,,,,NHGRI,SRA699439,,public,2F3A1AE5E902E7B812906CB994EE6B7B,EBB049ACB8CF9C6372BC8EA9FA18389B
SRR7107863,2018-05-09 00:10:52,2018-05-03 20:25:38,176178243,35053233253,176178243,198,13715,GCF_000002285.3,https://sra-downloadb.be-md.ncbi.nlm.nih.gov/sos12/sra-pub-zq-1214/SRR007/107/SRR7107863.sralite.1,SRX4036100,89448_Gypsy,WGS,unspecified,GENOMIC,PAIRED,0,0,ILLUMINA,Illumina HiSeq 2000,SRP144493,PRJNA448733,,448733,SRS834057,SAMN03323673,simple,9615,Canis lupus familiaris,89448_Gypsy,,,,,female,,no,,,,,NHGRI,SRA699439,,public,088729A66D210D905DEE048DD2EC5D09,5D15E14F436F69F2B2AF81A21FD8D428
SRR7107864,2018-05-18 00:09:25,2018-05-12 02:49:14,365291008,72654269142,365291008,198,28733,GCF_000002285.3,https://sra-downloadb.be-md.ncbi.nlm.nih.gov/sos12/sra-pub-zq-1214/SRR007/107/SRR7107864.sralite.1,SRX4036101,89450_Guiness,WGS,unspecified,GENOMIC,PAIRED,0,0,ILLUMINA,Illumina HiSeq 2000,SRP144493,PRJNA448733,,448733,SRS834058,SAMN03323674,simple,9615,Canis lupus familiaris,89450_Guiness,,,,,female,,no,,,,,NHGRI,SRA699439,,public,6E5F59861E3B30D9BD38B9137B5E10F5,037525137883F57D23FACA7BF244C57B
SRR7107865,2018-05-18 00:09:25,2018-05-12 11:12:49,298111665,59315256248,298111665,198,23374,GCF_000002285.3,https://sra-downloadb.be-md.ncbi.nlm.nih.gov/sos12/sra-pub-zq-1214/SRR007/107/SRR7107865.sralite.1,SRX4036102,92564_Berra,WGS,unspecified,GENOMIC,PAIRED,0,0,ILLUMINA,Illumina HiSeq 2000,SRP144493,PRJNA448733,,448733,SRS834060,SAMN03323675,simple,9615,Canis lupus familiaris,92564_Berra,,,,,male,,no,,,,,NHGRI,SRA699439,,public,AB17E3AC5B8F156D72EEB80BDDBCC993,79A513E8FE755B9A39E2ECB6880DC4D9
SRR7107867,2018-05-10 00:06:33,2018-05-03 21:37:58,362839714,72200025902,362839714,198,20907,GCF_000002285.3,https://sra-downloadb.be-md.ncbi.nlm.nih.gov/sos12/sra-pub-zq-1214/SRR007/107/SRR7107867.sralite.1,SRX4036104,92751_Mazzy,WGS,unspecified,GENOMIC,PAIRED,0,0,ILLUMINA,Illumina HiSeq 2000,SRP144493,PRJNA448733,,448733,SRS834022,SAMN03323677,simple,9615,Canis lupus familiaris,92751_Mazzy,,,,,female,,no,,,,,NHGRI,SRA699439,,public,4A25BB2B90EFC348D5762C6E96A6F370,18B78258EDACE12960B6F161DE440DAA
SRR7107866,2018-05-18 00:09:25,2018-05-12 02:20:24,218290866,43434589799,218290866,198,17618,GCF_000002285.3,https://sra-downloadb.be-md.ncbi.nlm.nih.gov/sos12/sra-pub-zq-1214/SRR007/107/SRR7107866.sralite.1,SRX4036103,88650_Rider,WGS,unspecified,GENOMIC,PAIRED,0,0,ILLUMINA,Illumina HiSeq 2000,SRP144493,PRJNA448733,,448733,SRS834062,SAMN03323676,simple,9615,Canis lupus familiaris,88650_Rider,,,,,male,,no,,,,,NHGRI,SRA699439,,public,91F2919F10DF96335320F45511C49D33,663F3F2A40314814086FED06A3A6A9FC
SRR7107870,2018-05-09 00:10:52,2018-05-03 18:34:00,88060094,17788138988,88060094,202,6666,GCF_000002285.3,https://sra-downloadb.be-md.ncbi.nlm.nih.gov/sos12/sra-pub-zq-1214/SRR007/107/SRR7107870.sralite.1,SRX4036107,IsraeliWolf@BRISCO,WGS,RANDOM,GENOMIC,PAIRED,0,0,ILLUMINA,Illumina HiSeq 2000,SRP144493,PRJNA448733,,448733,SRS1025423,SAMN03366710,simple,9612,Canis lupus,RKW13759,,,,,female,,no,,,,,NHGRI,SRA699439,,public,CF4982BBD509A1AADFBA80F44036FA11,C0C487AE6657C5637B915D63FF58F7DF
SRR7107869,2018-05-09 00:10:52,2018-05-03 18:27:20,85541565,17108313000,85541565,200,6421,GCF_000002285.3,https://sra-downloadb.be-md.ncbi.nlm.nih.gov/sos12/sra-pub-zq-1214/SRR007/107/SRR7107869.sralite.1,SRX4036106,Dingo2x100@HWI-ST430,WGS,RANDOM,GENOMIC,PAIRED,0,0,ILLUMINA,Illumina HiSeq 2000,SRP144493,PRJNA448733,,448733,SRS1025425,SAMN03366709,simple,286419,Canis lupus dingo,RKW13760,,,,,male,,no,,,,,NHGRI,SRA699439,,public,DD86C4F7B07915655982A101EE9415A3,72412D3923C33F7269B79B9057D99BA4
SRR7107868,2018-05-09 00:10:52,2018-05-03 18:26:56,77988740,15597748000,77988740,200,5825,GCF_000002285.3,https://sra-downloadb.be-md.ncbi.nlm.nih.gov/sos12/sra-pub-zq-1214/SRR007/107/SRR7107868.sralite.1,SRX4036105,Basenji2x100@HWI-ST43,WGS,RANDOM,GENOMIC,PAIRED,0,0,ILLUMINA,Illumina HiSeq 2000,SRP144493,PRJNA448733,,448733,SRS1025426,SAMN03366708,simple,9615,Canis lupus familiaris,RKW13764,,,,,male,,no,,,,,NHGRI,SRA699439,,public,09223B2F5DABD3AA66E42B325958E264,81F35D5B678BF96CA26C79625E3949DA
SRR7107874,2018-05-18 00:09:25,2018-05-12 02:49:16,275099377,58392930100,275099377,212,24371,GCF_000002285.3,https://sra-downloadb.be-md.ncbi.nlm.nih.gov/sos12/sra-pub-zq-1214/SRR007/107/SRR7107874.sralite.1,SRX4036111,CFA.70666.AP,WGS,RANDOM,GENOMIC,PAIRED,0,0,ILLUMINA,Illumina HiSeq 2000,SRP144493,PRJNA448733,,448733,SRS932171,SAMN03580380,simple,9615,Canis lupus familiaris,70666,,,,,male,,no,,,,,NHGRI,SRA699439,,public,4F06CCA42AF97D41C35FB71ECE8D46BA,226BCEFD62B6841DEA9B9F0D69C6857E
SRR7107875,2018-05-09 00:10:53,2018-05-03 20:58:31,184257132,43606046200,184257132,236,21721,GCF_000002285.3,https://sra-downloadb.be-md.ncbi.nlm.nih.gov/sos12/sra-pub-zq-1214/SRR007/107/SRR7107875.sralite.1,SRX4036112,CFA.70667.AP,WGS,RANDOM,GENOMIC,PAIRED,0,0,ILLUMINA,Illumina HiSeq 2000,SRP144493,PRJNA448733,,448733,SRS932170,SAMN03580381,simple,9615,Canis lupus familiaris,70667,,,,,male,,no,,,,,NHGRI,SRA699439,,public,958B36D812C951DD47228E8713C831E8,B2229F13367A3B312D5000F20938B56D
SRR7107873,2018-05-09 00:10:53,2018-05-03 18:44:06,70323286,14064657200,70323286,200,4761,GCF_000002285.3,https://sra-downloadb.be-md.ncbi.nlm.nih.gov/sos12/sra-pub-zq-1214/SRR007/107/SRR7107873.sralite.1,SRX4036110,GoldenJackal2x100@HWI-ST430,WGS,RANDOM,GENOMIC,PAIRED,0,0,ILLUMINA,Illumina HiSeq 2000,SRP144493,PRJNA448733,,448733,SRS1025419,SAMN03366713,simple,68724,Canis aureus,RKW1332,,,,,female,,no,,,,,NHGRI,SRA699439,,public,AEB750D69340BB352FA6F5C91FB8BDF6,5084FF950B9C26CD3AC74B50E0BAFD56
SRR7107871,2018-05-10 00:06:33,2018-05-03 22:34:46,347024323,69404864600,347024323,200,26314,GCF_000002285.3,https://sra-downloadb.be-md.ncbi.nlm.nih.gov/sos12/sra-pub-zq-1214/SRR007/107/SRR7107871.sralite.1,SRX4036108,ChineseWolf2x100@FCC0D8CACXX,WGS,RANDOM,GENOMIC,PAIRED,0,0,ILLUMINA,Illumina HiSeq 2000,SRP144493,PRJNA448733,,448733,SRS1025418,SAMN03366711,simple,9612,Canis lupus,RKW13451,,,,,female,,no,,,,,NHGRI,SRA699439,,public,81226004D1DD0D73397366510F7B0B9E,C2F94F30B32875FBB01B2A785EA74F47
SRR7107872,2018-05-09 00:10:53,2018-05-03 18:55:36,116221006,23476643212,116221006,202,9348,GCF_000002285.3,https://sra-downloadb.be-md.ncbi.nlm.nih.gov/sos12/sra-pub-zq-1214/SRR007/107/SRR7107872.sralite.1,SRX4036109,CroatianWolf2x100@BRISCOE,WGS,RANDOM,GENOMIC,PAIRED,0,0,ILLUMINA,Illumina HiSeq 2000,SRP144493,PRJNA448733,,448733,SRS1025420,SAMN03366712,simple,9612,Canis lupus,RKW3919,,,,,female,,no,,,,,NHGRI,SRA699439,,public,E6877138F4F51ADED9C85379A23DBA56,991339B7B1D78F35873EC15F2C199405
SRR7107876,2018-05-18 00:09:25,2018-05-12 03:26:49,252467715,49631367741,252467715,196,20958,GCF_000002285.3,https://sra-downloadb.be-md.ncbi.nlm.nih.gov/sos12/sra-pub-zq-1214/SRR007/107/SRR7107876.sralite.1,SRX4036113,CFA.72024.AP,WGS,RANDOM,GENOMIC,PAIRED,0,0,ILLUMINA,Illumina HiSeq 2000,SRP144493,PRJNA448733,,448733,SRS932169,SAMN03580382,simple,9615,Canis lupus familiaris,72024,,,,,female,,no,,,,,NHGRI,SRA699439,,public,337E3287F420243930BC9910A0B48176,BB3694845A6D3ED311BC0BF587E0CC4E
SRR7107877,2018-05-10 00:06:33,2018-05-03 21:59:10,339660692,67449530311,339660692,198,29969,GCF_000002285.3,https://sra-downloadb.be-md.ncbi.nlm.nih.gov/sos12/sra-pub-zq-1214/SRR007/107/SRR7107877.sralite.1,SRX4036114,CFA.73324.AP,WGS,RANDOM,GENOMIC,PAIRED,0,0,ILLUMINA,Illumina HiSeq 2000,SRP144493,PRJNA448733,,448733,SRS932168,SAMN03580383,simple,9615,Canis lupus familiaris,73324,,,,,female,,no,,,,,NHGRI,SRA699439,,public,248CBAEE3A91D96BA4A24CE6141EDFAC,B85B01BE3128D4801978112DB04F79CC
SRR7107878,2018-05-14 00:07:24,2018-05-07 23:23:37,414531939,82465006955,414531939,198,38399,GCF_000002285.3,https://sra-downloadb.be-md.ncbi.nlm.nih.gov/sos12/sra-pub-zq-1214/SRR007/107/SRR7107878.sralite.1,SRX4036115,CFA.73913.AP,WGS,RANDOM,GENOMIC,PAIRED,0,0,ILLUMINA,Illumina HiSeq 2000,SRP144493,PRJNA448733,,448733,SRS932167,SAMN03580384,simple,9615,Canis lupus familiaris,73913,,,,,male,,no,,,,,NHGRI,SRA699439,,public,D8AA2F34C93BFA47553B412F4DBBC411,22D881878E2E2A4A5E1AFDA688A2E8D1
SRR7107879,2018-05-18 00:09:25,2018-05-12 07:19:18,343322942,68287840179,343322942,198,30727,GCF_000002285.3,https://sra-downloadb.be-md.ncbi.nlm.nih.gov/sos12/sra-pub-zq-1214/SRR007/107/SRR7107879.sralite.1,SRX4036116,CFA.73915.AP,WGS,RANDOM,GENOMIC,PAIRED,0,0,ILLUMINA,Illumina HiSeq 2000,SRP144493,PRJNA448733,,448733,SRS932165,SAMN03580386,simple,9615,Canis lupus familiaris,73915,,,,,male,,no,,,,,NHGRI,SRA699439,,public,D05AB0F562EA16D0F3EF2CB826CE5636,90B2C70603A8D21F937E89E3B7B34162
SRR7107880,2018-05-18 00:09:25,2018-05-12 05:39:09,343806282,68761256400,343806282,200,27071,GCF_000002285.3,https://sra-downloadb.be-md.ncbi.nlm.nih.gov/sos12/sra-pub-zq-1214/SRR007/107/SRR7107880.sralite.1,SRX4036117,CFA.74408.AP,WGS,RANDOM,GENOMIC,PAIRED,0,0,ILLUMINA,Illumina HiSeq 2000,SRP144493,PRJNA448733,,448733,SRS932164,SAMN03580387,simple,9615,Canis lupus familiaris,74408,,,,,female,,no,,,,,NHGRI,SRA699439,,public,4136BDA60D9EE0F4F5D70566A4956957,7DB662E33F04C1CEF7FC606656011AE0
SRR7107885,2018-05-10 00:06:33,2018-05-04 00:15:06,349940829,69988165800,349940829,200,27397,GCF_000002285.3,https://sra-downloadb.be-md.ncbi.nlm.nih.gov/sos12/sra-pub-zq-1214/SRR007/107/SRR7107885.sralite.1,SRX4036122,CFA.80704.AP,WGS,RANDOM,GENOMIC,PAIRED,0,0,ILLUMINA,Illumina HiSeq 2000,SRP144493,PRJNA448733,,448733,SRS932158,SAMN03580393,simple,9615,Canis lupus familiaris,80704,,,,,female,,no,,,,,NHGRI,SRA699439,,public,8296B676318F507F0B4260E4C76D203E,B17B8F2E5CA7FFB0ABF7FADC5C37E418
SRR7107884,2018-05-14 00:07:24,2018-05-07 19:48:08,378861139,75772227800,378861139,200,28970,GCF_000002285.3,https://sra-downloadb.be-md.ncbi.nlm.nih.gov/sos12/sra-pub-zq-1214/SRR007/107/SRR7107884.sralite.1,SRX4036121,CFA.80703.AP,WGS,RANDOM,GENOMIC,PAIRED,0,0,ILLUMINA,Illumina HiSeq 2000,SRP144493,PRJNA448733,,448733,SRS932159,SAMN03580392,simple,9615,Canis lupus familiaris,80703,,,,,male,,no,,,,,NHGRI,SRA699439,,public,F863B1923E15D2D223B33F68485E55B4,0B6D845517961C22AA6E257117F90CA1
SRR7107883,2018-05-10 00:06:33,2018-05-03 22:52:34,406968239,81393647800,406968239,200,32623,GCF_000002285.3,https://sra-downloadb.be-md.ncbi.nlm.nih.gov/sos12/sra-pub-zq-1214/SRR007/107/SRR7107883.sralite.1,SRX4036120,CFA.80702.AP,WGS,RANDOM,GENOMIC,PAIRED,0,0,ILLUMINA,Illumina HiSeq 2000,SRP144493,PRJNA448733,,448733,SRS932160,SAMN03580391,simple,9615,Canis lupus familiaris,80702,,,,,male,,no,,,,,NHGRI,SRA699439,,public,C77686A6B697E34F39425F502B49A897,D481C77AC80FA497623743C86EC5AF02
SRR7107882,2018-05-10 00:06:33,2018-05-04 04:48:31,442004896,88499533534,442004896,200,36996,GCF_000002285.3,https://sra-downloadb.be-md.ncbi.nlm.nih.gov/sos12/sra-pub-zq-1214/SRR007/107/SRR7107882.sralite.1,SRX4036119,CFA.74411.AP,WGS,RANDOM,GENOMIC,PAIRED,0,0,ILLUMINA,Illumina HiSeq 2000,SRP144493,PRJNA448733,,448733,SRS932161,SAMN03580390,simple,9615,Canis lupus familiaris,74411,,,,,female,,no,,,,,NHGRI,SRA699439,,public,B9B82806B1432F456F8E1F8426792BA3,A0735774D09524D0499FE3EC092EDEB0
SRR7107881,2018-05-18 00:09:25,2018-05-12 07:09:42,356968079,70998202907,356968079,198,30375,GCF_000002285.3,https://sra-downloadb.be-md.ncbi.nlm.nih.gov/sos12/sra-pub-zq-1214/SRR007/107/SRR7107881.sralite.1,SRX4036118,CFA.74409.AP,WGS,RANDOM,GENOMIC,PAIRED,0,0,ILLUMINA,Illumina HiSeq 2000,SRP144493,PRJNA448733,,448733,SRS932163,SAMN03580388,simple,9615,Canis lupus familiaris,74409,,,,,male,,no,,,,,NHGRI,SRA699439,,public,317A07DAC6A87243E56AF4FC1300341B,B54D2FA9F89D90254BD18242ACE383F4
SRR7107890,2018-05-18 00:09:25,2018-05-12 15:47:25,481787932,95869472317,481787932,198,40034,GCF_000002285.3,https://sra-downloadb.be-md.ncbi.nlm.nih.gov/sos12/sra-pub-zq-1214/SRR007/107/SRR7107890.sralite.1,SRX4036127,CFA.86397.AP,WGS,RANDOM,GENOMIC,PAIRED,0,0,ILLUMINA,Illumina HiSeq 2000,SRP144493,PRJNA448733,,448733,SRS932153,SAMN03580398,simple,9615,Canis lupus familiaris,86397,,,,,MISSING,,no,,,,,NHGRI,SRA699439,,public,3376A26096D0582EAE34083F4E0A487B,6B2AEBD7F22BBBE33AB63B6289CB506D
SRR7107889,2018-05-19 06:29:09,2018-05-13 03:55:40,512682567,102036993933,512682567,199,43084,GCF_000002285.3,https://sra-downloadb.be-md.ncbi.nlm.nih.gov/sos12/sra-pub-zq-1214/SRR007/107/SRR7107889.sralite.1,SRX4036126,CFA.86396.AP,WGS,RANDOM,GENOMIC,PAIRED,0,0,ILLUMINA,Illumina HiSeq 2000,SRP144493,PRJNA448733,,448733,SRS932154,SAMN03580397,simple,9615,Canis lupus familiaris,86396,,,,,MISSING,,no,,,,,NHGRI,SRA699439,,public,ED130C5B6B72D8171C7E02937A1EC493,C1C5207C7E1106F4AD887620ED04A7DA
SRR7107888,2018-05-19 06:29:09,2018-05-12 23:01:20,506292012,100753569765,506292012,199,42447,GCF_000002285.3,https://sra-downloadb.be-md.ncbi.nlm.nih.gov/sos12/sra-pub-zq-1214/SRR007/107/SRR7107888.sralite.1,SRX4036125,CFA.86395.AP,WGS,RANDOM,GENOMIC,PAIRED,0,0,ILLUMINA,Illumina HiSeq 2000,SRP144493,PRJNA448733,,448733,SRS932155,SAMN03580396,simple,9615,Canis lupus familiaris,86395,,,,,MISSING,,no,,,,,NHGRI,SRA699439,,public,604A9BD40800CE27510F001E0F9A8B82,D4FA590324649A9C635BB3EBF760EDB3
SRR7107887,2018-05-19 06:29:09,2018-05-12 22:44:14,506745262,100841749540,506745262,198,44589,GCF_000002285.3,https://sra-downloadb.be-md.ncbi.nlm.nih.gov/sos12/sra-pub-zq-1214/SRR007/107/SRR7107887.sralite.1,SRX4036124,CFA.86394.AP,WGS,RANDOM,GENOMIC,PAIRED,0,0,ILLUMINA,Illumina HiSeq 2000,SRP144493,PRJNA448733,,448733,SRS932156,SAMN03580395,simple,9615,Canis lupus familiaris,86394,,,,,MISSING,,no,,,,,NHGRI,SRA699439,,public,B1A903CA49894ACBAE06C43763FF07C8,CE13CE2EFA107CA630AA5F4B8F597D56
SRR7107886,2018-05-18 00:09:25,2018-05-12 07:08:18,463879094,92310264448,463879094,198,37618,GCF_000002285.3,https://sra-downloadb.be-md.ncbi.nlm.nih.gov/sos12/sra-pub-zq-1214/SRR007/107/SRR7107886.sralite.1,SRX4036123,CFA.86393.AP,WGS,RANDOM,GENOMIC,PAIRED,0,0,ILLUMINA,Illumina HiSeq 2000,SRP144493,PRJNA448733,,448733,SRS932157,SAMN03580394,simple,9615,Canis lupus familiaris,86393,,,,,MISSING,,no,,,,,NHGRI,SRA699439,,public,F2DA01ABE9E753486213235DA8CFB8B0,9A0AF043D1C9A02304EB5EF4C0967A5D
SRR7107891,2018-05-19 06:29:09,2018-05-13 03:33:23,494749921,98450501650,494749921,198,41864,GCF_000002285.3,https://sra-downloadb.be-md.ncbi.nlm.nih.gov/sos12/sra-pub-zq-1214/SRR007/107/SRR7107891.sralite.1,SRX4036128,CFA.86398.AP,WGS,RANDOM,GENOMIC,PAIRED,0,0,ILLUMINA,Illumina HiSeq 2000,SRP144493,PRJNA448733,,448733,SRS932152,SAMN03580399,simple,9615,Canis lupus familiaris,86398,,,,,female,,no,,,,,NHGRI,SRA699439,,public,382DC07012F3C5DDCBF733F04CBDA68B,B15D0A053B8D9C7D07D6E5E6BBDF3DF8
SRR7107892,2018-05-14 00:07:24,2018-05-07 11:21:52,473279357,94131222140,473279357,198,38318,GCF_000002285.3,https://sra-downloadb.be-md.ncbi.nlm.nih.gov/sos12/sra-pub-zq-1214/SRR007/107/SRR7107892.sralite.1,SRX4036129,CFA.86400.AP,WGS,RANDOM,GENOMIC,PAIRED,0,0,ILLUMINA,Illumina HiSeq 2000,SRP144493,PRJNA448733,,448733,SRS932151,SAMN03580400,simple,9615,Canis lupus familiaris,86400,,,,,female,,no,,,,,NHGRI,SRA699439,,public,1A66AB406D369EF961AC1BE11AD14262,B5734FED5013F78736BCB2035926D59B
SRR7107893,2018-05-18 00:09:25,2018-05-12 16:33:12,310990247,61860447609,310990247,198,25229,GCF_000002285.3,https://sra-downloadb.be-md.ncbi.nlm.nih.gov/sos12/sra-pub-zq-1214/SRR007/107/SRR7107893.sralite.1,SRX4036130,CFA.86401.AP,WGS,RANDOM,GENOMIC,PAIRED,0,0,ILLUMINA,Illumina HiSeq 2000,SRP144493,PRJNA448733,,448733,SRS932150,SAMN03580401,simple,9615,Canis lupus familiaris,86401,,,,,male,,no,,,,,NHGRI,SRA699439,,public,93EAF279E5632138525A7FC45027AD48,DD66A786B1F210DB4642545E47133CA5
SRR7107894,2018-05-14 00:07:24,2018-05-08 04:33:15,394356771,78432434918,394356771,198,32727,GCF_000002285.3,https://sra-downloadb.be-md.ncbi.nlm.nih.gov/sos12/sra-pub-zq-1214/SRR007/107/SRR7107894.sralite.1,SRX4036131,CFA.86402.AP,WGS,RANDOM,GENOMIC,PAIRED,0,0,ILLUMINA,Illumina HiSeq 2000,SRP144493,PRJNA448733,,448733,SRS932149,SAMN03580402,simple,9615,Canis lupus familiaris,86402,,,,,male,,no,,,,,NHGRI,SRA699439,,public,DDF946E13DB74AF7A53520A11B6A6258,E0198D49EA883DFEE6733F26AB09776C
SRR7107895,2018-05-22 00:11:00,2018-05-15 02:00:44,343885457,68416867627,343885457,198,27798,GCF_000002285.3,https://sra-downloadb.be-md.ncbi.nlm.nih.gov/sos12/sra-pub-zq-1214/SRR007/107/SRR7107895.sralite.1,SRX4036132,CFA.86403.AP,WGS,RANDOM,GENOMIC,PAIRED,0,0,ILLUMINA,Illumina HiSeq 2000,SRP144493,PRJNA448733,,448733,SRS932148,SAMN03580403,simple,9615,Canis lupus familiaris,86403,,,,,male,,no,,,,,NHGRI,SRA699439,,public,A6DD5BDAE6BD729430D9B8CE724EBFC8,155C1BB51CD3FDC8796CD9453067B011
SRR7107900,2018-05-18 00:09:25,2018-05-12 16:28:02,276357019,54992212431,276357019,198,21846,GCF_000002285.3,https://sra-downloadb.be-md.ncbi.nlm.nih.gov/sos12/sra-pub-zq-1214/SRR007/107/SRR7107900.sralite.1,SRX4036137,CFA.86408.AP,WGS,RANDOM,GENOMIC,PAIRED,0,0,ILLUMINA,Illumina HiSeq 2000,SRP144493,PRJNA448733,,448733,SRS932143,SAMN03580408,simple,9615,Canis lupus familiaris,86408,,,,,male,,no,,,,,NHGRI,SRA699439,,public,4F3D5C2CE59FE7ABFDCD2275F9E1C914,628FB430C593A5A24231BB3BAFD15D63
SRR7107899,2018-05-10 00:06:33,2018-05-03 21:34:18,295297467,58761259258,295297467,198,24138,GCF_000002285.3,https://sra-downloadb.be-md.ncbi.nlm.nih.gov/sos12/sra-pub-zq-1214/SRR007/107/SRR7107899.sralite.1,SRX4036136,CFA.86407.AP,WGS,RANDOM,GENOMIC,PAIRED,0,0,ILLUMINA,Illumina HiSeq 2000,SRP144493,PRJNA448733,,448733,SRS932144,SAMN03580407,simple,9615,Canis lupus familiaris,86407,,,,,female,,no,,,,,NHGRI,SRA699439,,public,E2B83AF46192B7C0D0554391E5D2583C,C5395752833D1A479BECB0483E723347
SRR7107898,2018-05-22 00:11:00,2018-05-15 00:23:51,291092057,57913957675,291092057,198,23001,GCF_000002285.3,https://sra-downloadb.be-md.ncbi.nlm.nih.gov/sos12/sra-pub-zq-1214/SRR007/107/SRR7107898.sralite.1,SRX4036135,CFA.86406.AP,WGS,RANDOM,GENOMIC,PAIRED,0,0,ILLUMINA,Illumina HiSeq 2000,SRP144493,PRJNA448733,,448733,SRS932145,SAMN03580406,simple,9615,Canis lupus familiaris,86406,,,,,male,,no,,,,,NHGRI,SRA699439,,public,8F79FC0949B0BAE93CDA563FB967C7E9,B5C33268047CE2009A29B557D3A1EE40
SRR7107897,2018-05-10 00:06:33,2018-05-04 00:48:38,309995627,61653201433,309995627,198,25154,GCF_000002285.3,https://sra-downloadb.be-md.ncbi.nlm.nih.gov/sos12/sra-pub-zq-1214/SRR007/107/SRR7107897.sralite.1,SRX4036134,CFA.86405.AP,WGS,RANDOM,GENOMIC,PAIRED,0,0,ILLUMINA,Illumina HiSeq 2000,SRP144493,PRJNA448733,,448733,SRS932146,SAMN03580405,simple,9615,Canis lupus familiaris,86405,,,,,female,,no,,,,,NHGRI,SRA699439,,public,02E095AD97C2992D1A75CA87CAF29DCB,EF0A70F8E9284E8877663CDE7937628C
SRR7107896,2018-05-14 00:07:24,2018-05-07 09:53:35,331475773,65861090169,331475773,198,27111,GCF_000002285.3,https://sra-downloadb.be-md.ncbi.nlm.nih.gov/sos12/sra-pub-zq-1214/SRR007/107/SRR7107896.sralite.1,SRX4036133,CFA.86404.AP,WGS,RANDOM,GENOMIC,PAIRED,0,0,ILLUMINA,Illumina HiSeq 2000,SRP144493,PRJNA448733,,448733,SRS932147,SAMN03580404,simple,9615,Canis lupus familiaris,86404,,,,,female,,no,,,,,NHGRI,SRA699439,,public,8909053B579314E3D1F2D5BAC908E00A,4EF48B54A2223B725CFBCE81B318F3C7
SRR7107905,2018-05-18 00:09:25,2018-05-12 16:50:09,348275962,69269237771,348275962,198,28074,GCF_000002285.3,https://sra-downloadb.be-md.ncbi.nlm.nih.gov/sos12/sra-pub-zq-1214/SRR007/107/SRR7107905.sralite.1,SRX4036142,CFA.88649.AP,WGS,RANDOM,GENOMIC,PAIRED,0,0,ILLUMINA,Illumina HiSeq 2000,SRP144493,PRJNA448733,,448733,SRS932138,SAMN03580413,simple,9615,Canis lupus familiaris,88649,,,,,male,,no,,,,,NHGRI,SRA699439,,public,D3D39AA571DDBCBCE12276D93F381EC9,7AE959F21CB009CBBFC0561809D97849
SRR7107904,2018-05-10 00:06:33,2018-05-03 23:24:44,241840752,48119380462,241840752,198,21093,GCF_000002285.3,https://sra-downloadb.be-md.ncbi.nlm.nih.gov/sos12/sra-pub-zq-1214/SRR007/107/SRR7107904.sralite.1,SRX4036141,CFA.88177.AP,WGS,RANDOM,GENOMIC,PAIRED,0,0,ILLUMINA,Illumina HiSeq 2000,SRP144493,PRJNA448733,,448733,SRS932139,SAMN03580412,simple,9615,Canis lupus familiaris,88177,,,,,MISSING,,no,,,,,NHGRI,SRA699439,,public,D611C5AA560D6888B839880B03381DAB,E096929C461A6458FE56F94F2630F349
SRR7107903,2018-05-18 00:09:25,2018-05-12 14:20:48,234781083,46714607390,234781083,198,19606,GCF_000002285.3,https://sra-downloadb.be-md.ncbi.nlm.nih.gov/sos12/sra-pub-zq-1214/SRR007/107/SRR7107903.sralite.1,SRX4036140,CFA.88176.AP,WGS,RANDOM,GENOMIC,PAIRED,0,0,ILLUMINA,Illumina HiSeq 2000,SRP144493,PRJNA448733,,448733,SRS932140,SAMN03580411,simple,9615,Canis lupus familiaris,88176,,,,,MISSING,,no,,,,,NHGRI,SRA699439,,public,178BB97D7D4BB436B7BE7918F1A55F4B,EAF3B0576AD8154966254BE04F44D404
SRR7107902,2018-05-18 00:09:25,2018-05-12 14:49:17,236965081,47147593655,236965081,198,19924,GCF_000002285.3,https://sra-downloadb.be-md.ncbi.nlm.nih.gov/sos12/sra-pub-zq-1214/SRR007/107/SRR7107902.sralite.1,SRX4036139,CFA.88175.AP,WGS,RANDOM,GENOMIC,PAIRED,0,0,ILLUMINA,Illumina HiSeq 2000,SRP144493,PRJNA448733,,448733,SRS932141,SAMN03580410,simple,9615,Canis lupus familiaris,88175,,,,,MISSING,,no,,,,,NHGRI,SRA699439,,public,A2C3B869B7BFD873346FF3EFCFAF480B,B6498B76D26D8AC1A0FFC03C206FE891
SRR7107901,2018-05-10 00:06:33,2018-05-03 20:59:30,372622195,74004962026,372622195,198,31518,GCF_000002285.3,https://sra-downloadb.be-md.ncbi.nlm.nih.gov/sos12/sra-pub-zq-1214/SRR007/107/SRR7107901.sralite.1,SRX4036138,CFA.86414.AP,WGS,RANDOM,GENOMIC,PAIRED,0,0,ILLUMINA,Illumina HiSeq 2000,SRP144493,PRJNA448733,,448733,SRS932142,SAMN03580409,simple,9615,Canis lupus familiaris,86414,,,,,male,,no,,,,,NHGRI,SRA699439,,public,FD047B48094246D99A6D9FA98CE02247,9C8A7466EE8E1C358234F0BB07301EE1
SRR7107907,2018-05-09 00:10:53,2018-05-03 19:59:09,379685886,68343459480,379685886,180,26156,GCF_000002285.3,https://sra-downloadb.be-md.ncbi.nlm.nih.gov/sos12/sra-pub-zq-1214/SRR007/107/SRR7107907.sralite.1,SRX4036144,SZAXPI012802-14,WGS,other,GENOMIC,PAIRED,0,0,ILLUMINA,Illumina HiSeq 2000,SRP144493,PRJNA448733,,448733,SRS933415,SAMN03652998,simple,246881,Canis lupus chanco,BGI-01505070002,,,,,,,no,,,,,NHGRI,SRA699439,,public,C5FBB22848912822CB0BD1C360981E99,51426A9C6D300A0B4B521BD1858CEAEC
SRR7107910,2018-05-09 00:10:53,2018-05-03 20:04:15,381624023,68692324140,381624023,180,26116,GCF_000002285.3,https://sra-downloadb.be-md.ncbi.nlm.nih.gov/sos12/sra-pub-zq-1214/SRR007/107/SRR7107910.sralite.1,SRX4036147,SZAXPI012808-15,WGS,other,GENOMIC,PAIRED,0,0,ILLUMINA,Illumina HiSeq 2000,SRP144493,PRJNA448733,,448733,SRS933418,SAMN03653001,simple,246881,Canis lupus chanco,BGI-01505070003,,,,,,,no,,,,,NHGRI,SRA699439,,public,643924911A6A8D267A4C9A3E6A1F592D,4B33A6A09D54E6FBA406382EDB547895
SRR7107908,2018-05-10 00:06:33,2018-05-03 22:45:53,380640293,68515252740,380640293,180,26808,GCF_000002285.3,https://sra-downloadb.be-md.ncbi.nlm.nih.gov/sos12/sra-pub-zq-1214/SRR007/107/SRR7107908.sralite.1,SRX4036145,SZAXPI012803-19,WGS,other,GENOMIC,PAIRED,0,0,ILLUMINA,Illumina HiSeq 2000,SRP144493,PRJNA448733,,448733,SRS933416,SAMN03652999,simple,246881,Canis lupus chanco,BGI-01505070005,,,,,,,no,,,,,NHGRI,SRA699439,,public,87F7C58A17C292B54EEB031C2A3EDDAB,B84E253B2E57308FDE1CC358DC99DEAB
SRR7107909,2018-05-10 00:06:33,2018-05-04 03:00:05,343304311,61794775980,343304311,180,24913,GCF_000002285.3,https://sra-downloadb.be-md.ncbi.nlm.nih.gov/sos12/sra-pub-zq-1214/SRR007/107/SRR7107909.sralite.1,SRX4036146,SZAXPI012804-22,WGS,other,GENOMIC,PAIRED,0,0,ILLUMINA,Illumina HiSeq 2000,SRP144493,PRJNA448733,,448733,SRS933417,SAMN03653000,simple,246881,Canis lupus chanco,BGI-01505070007,,,,,,,no,,,,,NHGRI,SRA699439,,public,169BD53E1B0E649003AF5F58D1A8DF17,A492790C807F5038963E49E6E0915E29
SRR7107906,2018-05-09 00:10:53,2018-05-03 20:28:23,378057760,68050396800,378057760,180,26174,GCF_000002285.3,https://sra-downloadb.be-md.ncbi.nlm.nih.gov/sos12/sra-pub-zq-1214/SRR007/107/SRR7107906.sralite.1,SRX4036143,SZAXPI014377-129,WGS,other,GENOMIC,PAIRED,0,0,ILLUMINA,Illumina HiSeq 2000,SRP144493,PRJNA448733,,448733,SRS933414,SAMN03652997,simple,246881,Canis lupus chanco,BGI-01505070008,,,,,,,no,,,,,NHGRI,SRA699439,,public,EED0830038F072FE9DED1D0E1A65C032,3835713B0D70EE65E9F2BBF328B3FC0F
SRR7107914,2018-05-14 00:07:24,2018-05-07 23:17:42,383797031,76759406200,383797031,200,31418,GCF_000002285.3,https://sra-downloadb.be-md.ncbi.nlm.nih.gov/sos12/sra-pub-zq-1214/SRR007/107/SRR7107914.sralite.1,SRX4036151,DOGxwbRRDCEAAPEI-4,WGS,other,GENOMIC,PAIRED,0,0,ILLUMINA,Illumina HiSeq 2000,SRP144493,PRJNA448733,,448733,SRS1124623,SAMN04195504,simple,9615,Canis lupus familiaris,Astro_origin,,,,,male,,no,,,,,NHGRI,SRA699439,,public,ED091771F7B250CFB2EABDE655A55664,2113E00DA5AAFF70EBC6B04C87183BCB
SRR7107912,2018-05-09 00:10:53,2018-05-03 19:57:21,375205868,67537056240,375205868,180,27380,GCF_000002285.3,https://sra-downloadb.be-md.ncbi.nlm.nih.gov/sos12/sra-pub-zq-1214/SRR007/107/SRR7107912.sralite.1,SRX4036149,SZAXPI012813-13,WGS,other,GENOMIC,PAIRED,0,0,ILLUMINA,Illumina HiSeq 2000,SRP144493,PRJNA448733,,448733,SRS933420,SAMN03653003,simple,246881,Canis lupus chanco,BGI-01505070001,,,,,,,no,,,,,NHGRI,SRA699439,,public,07BE23F47E13892F261241CC670510C9,5C6CBA1D0EA26F36E4AC80CB82B10005
SRR7107913,2018-05-09 00:10:53,2018-05-03 19:54:36,359505333,64710959940,359505333,180,26771,GCF_000002285.3,https://sra-downloadb.be-md.ncbi.nlm.nih.gov/sos12/sra-pub-zq-1214/SRR007/107/SRR7107913.sralite.1,SRX4036150,SZAXPI012815-18,WGS,other,GENOMIC,PAIRED,0,0,ILLUMINA,Illumina HiSeq 2000,SRP144493,PRJNA448733,,448733,SRS933421,SAMN03653004,simple,246881,Canis lupus chanco,BGI-01505070004,,,,,,,no,,,,,NHGRI,SRA699439,,public,9BC5291B8A94475A0B4114F413D840AE,01252301743287807606861E0D91B5F8
SRR7107911,2018-05-10 00:06:33,2018-05-04 02:40:04,378972646,68215076280,378972646,180,26647,GCF_000002285.3,https://sra-downloadb.be-md.ncbi.nlm.nih.gov/sos12/sra-pub-zq-1214/SRR007/107/SRR7107911.sralite.1,SRX4036148,SZAXPI012812-26,WGS,other,GENOMIC,PAIRED,0,0,ILLUMINA,Illumina HiSeq 2000,SRP144493,PRJNA448733,,448733,SRS933419,SAMN03653002,simple,246881,Canis lupus chanco,BGI-01505070006,,,,,,,no,,,,,NHGRI,SRA699439,,public,76E5FE2A7949F632D26CE992FDD3693D,7F9BFD4EA6B3244A15AC5C3EC8C39567
SRR7107915,2018-05-14 00:07:24,2018-05-07 12:41:21,356830554,71366110800,356830554,200,29366,GCF_000002285.3,https://sra-downloadb.be-md.ncbi.nlm.nih.gov/sos12/sra-pub-zq-1214/SRR007/107/SRR7107915.sralite.1,SRX4036152,DOGxwbRRDDEAAPEI-1,WGS,other,GENOMIC,PAIRED,0,0,ILLUMINA,Illumina HiSeq 2000,SRP144493,PRJNA448733,,448733,SRS1124619,SAMN04195507,simple,9615,Canis lupus familiaris,Trakr_origin,,,,,male,,no,,,,,NHGRI,SRA699439,,public,53B03AF36D09ABAAA10E0E6CE09928CC,AEAC87A8560B30623A0F6CE1A51F9E1B
SRR7107920,2018-05-18 00:09:25,2018-05-12 16:23:06,152010995,30402199000,152010995,200,13256,GCF_000002285.3,https://sra-downloadb.be-md.ncbi.nlm.nih.gov/sos12/sra-pub-zq-1214/SRR007/107/SRR7107920.sralite.1,SRX4036157,CFA.72023.AP,WGS,RANDOM,GENOMIC,PAIRED,0,0,ILLUMINA,Illumina HiSeq 2000,SRP144493,PRJNA448733,,448733,SRS1124463,SAMN04196848,simple,9615,Canis lupus familiaris,72023,,,,,male,,no,,,,,NHGRI,SRA699439,,public,8A66ADF4D53407B37933467104675A1F,4FFDF47B5D21FEE82FC0C73510A1E7DB
SRR7107919,2018-05-18 00:09:25,2018-05-12 14:43:34,103835881,20767176200,103835881,200,9585,GCF_000002285.3,https://sra-downloadb.be-md.ncbi.nlm.nih.gov/sos12/sra-pub-zq-1214/SRR007/107/SRR7107919.sralite.1,SRX4036156,CFA.72022.AP,WGS,RANDOM,GENOMIC,PAIRED,0,0,ILLUMINA,Illumina HiSeq 2000,SRP144493,PRJNA448733,,448733,SRS1124464,SAMN04196847,simple,9615,Canis lupus familiaris,72022,,,,,female,,no,,,,,NHGRI,SRA699439,,public,EDA43B61F6D91AE97B3C7330F67BAD00,7E14CB714F12D955F59A2853829C7731
SRR7107918,2018-05-09 00:10:53,2018-05-03 20:00:45,329625470,65925094000,329625470,200,32675,GCF_000002285.3,https://sra-downloadb.be-md.ncbi.nlm.nih.gov/sos12/sra-pub-zq-1214/SRR007/107/SRR7107918.sralite.1,SRX4036155,CFA.71102.AP,WGS,RANDOM,GENOMIC,PAIRED,0,0,ILLUMINA,Illumina HiSeq 2000,SRP144493,PRJNA448733,,448733,SRS1124465,SAMN04196846,simple,9615,Canis lupus familiaris,71102,,,,,male,,no,,,,,NHGRI,SRA699439,,public,167EB3589B714F249A364803E487A11E,3DDE541875CAB063BC6CE319F5F34A28
SRR7107917,2018-05-09 00:10:53,2018-05-03 20:57:17,142309528,35643380000,142309528,250,18118,GCF_000002285.3,https://sra-downloadb.be-md.ncbi.nlm.nih.gov/sos12/sra-pub-zq-1214/SRR007/107/SRR7107917.sralite.1,SRX4036154,CFA.70668.AP,WGS,RANDOM,GENOMIC,PAIRED,0,0,ILLUMINA,Illumina HiSeq 2000,SRP144493,PRJNA448733,,448733,SRS1124466,SAMN04196845,simple,9615,Canis lupus familiaris,70668,,,,,female,,no,,,,,NHGRI,SRA699439,,public,144F0C0B4A59C065D98B5B4A9C223F6E,8DB89A6412A2C0CD0DF2DA042579DFDD
SRR7107916,2018-05-18 00:09:25,2018-05-12 21:53:17,396098720,79219744000,396098720,200,32661,GCF_000002285.3,https://sra-downloadb.be-md.ncbi.nlm.nih.gov/sos12/sra-pub-zq-1214/SRR007/107/SRR7107916.sralite.1,SRX4036153,DOGxwbRRDAEAAPEI-7,WGS,other,GENOMIC,PAIRED,0,0,ILLUMINA,Illumina HiSeq 2000,SRP144493,PRJNA448733,,448733,SRS1124644,SAMN04195509,simple,9615,Canis lupus familiaris,Yorkshire_1,,,,,not applicable,,no,,,,,NHGRI,SRA699439,,public,1B57CD8E5237BF297007F58F23C481E8,ACE3B5C80B7CB55E44C1C36C3CF63B5B
SRR7107921,2018-05-09 00:10:53,2018-05-03 19:49:13,318246007,63429766446,318246007,199,28192,GCF_000002285.3,https://sra-downloadb.be-md.ncbi.nlm.nih.gov/sos12/sra-pub-zq-1214/SRR007/107/SRR7107921.sralite.1,SRX4036158,CFA.88986.AP,WGS,RANDOM,GENOMIC,PAIRED,0,0,ILLUMINA,Illumina HiSeq 2500,SRP144493,PRJNA448733,,448733,SRS1124462,SAMN04196849,simple,9615,Canis lupus familiaris,88986,,,,,female,,no,,,,,NHGRI,SRA699439,,public,CE37CA004D32AEA3AA611B638F0F4449,597258CDA53EB6870FFF371B02BB656E
SRR7107922,2018-05-10 00:06:33,2018-05-04 02:31:29,295179577,58749174821,295179577,199,24659,GCF_000002285.3,https://sra-downloadb.be-md.ncbi.nlm.nih.gov/sos12/sra-pub-zq-1214/SRR007/107/SRR7107922.sralite.1,SRX4036159,CFA.88987.AP,WGS,RANDOM,GENOMIC,PAIRED,0,0,ILLUMINA,Illumina HiSeq 2500,SRP144493,PRJNA448733,,448733,SRS1124461,SAMN04196850,simple,9615,Canis lupus familiaris,88987,,,,,male,,no,,,,,NHGRI,SRA699439,,public,DED9C891C9BF55BA30FBCF4D06909D42,89DA9175C3BB213ECDE5B79DAFBCA68A
SRR7107923,2018-05-14 00:07:24,2018-05-07 09:44:24,284395273,56633692219,284395273,199,24128,GCF_000002285.3,https://sra-downloadb.be-md.ncbi.nlm.nih.gov/sos12/sra-pub-zq-1214/SRR007/107/SRR7107923.sralite.1,SRX4036160,CFA.88989.AP,WGS,RANDOM,GENOMIC,PAIRED,0,0,ILLUMINA,Illumina HiSeq 2500,SRP144493,PRJNA448733,,448733,SRS1124460,SAMN04196851,simple,9615,Canis lupus familiaris,88989,,,,,female,,no,,,,,NHGRI,SRA699439,,public,BAC32631848ACC00F2141557145A36F3,5641CD0FAF33D3E462ACD28A205E154D
SRR7107924,2018-05-14 00:07:24,2018-05-07 12:46:40,333393564,66328662606,333393564,198,26604,GCF_000002285.3,https://sra-downloadb.be-md.ncbi.nlm.nih.gov/sos12/sra-pub-zq-1214/SRR007/107/SRR7107924.sralite.1,SRX4036161,CFA.89447.AP,WGS,RANDOM,GENOMIC,PAIRED,0,0,ILLUMINA,Illumina HiSeq 2000,SRP144493,PRJNA448733,,448733,SRS1124459,SAMN04196852,simple,9615,Canis lupus familiaris,89447,,,,,male,,no,,,,,NHGRI,SRA699439,,public,5F71448B03B1E7C751E1442775E11734,552C8B5CD1DA66BD46D424E1F645623F
SRR7107925,2018-05-10 00:06:33,2018-05-03 21:45:17,339945969,67638457719,339945969,198,27869,GCF_000002285.3,https://sra-downloadb.be-md.ncbi.nlm.nih.gov/sos12/sra-pub-zq-1214/SRR007/107/SRR7107925.sralite.1,SRX4036162,CFA.89449.AP,WGS,RANDOM,GENOMIC,PAIRED,0,0,ILLUMINA,Illumina HiSeq 2500,SRP144493,PRJNA448733,,448733,SRS1124458,SAMN04196853,simple,9615,Canis lupus familiaris,89449,,,,,female,,no,,,,,NHGRI,SRA699439,,public,C16348BBFE4408E631F7DEDFB1B56F17,911073E09EFBE3F719BF2BED689522B3
SRR7107926,2018-05-14 00:07:24,2018-05-08 04:42:32,376930517,75001124003,376930517,198,30425,GCF_000002285.3,https://sra-downloadb.be-md.ncbi.nlm.nih.gov/sos12/sra-pub-zq-1214/SRR007/107/SRR7107926.sralite.1,SRX4036163,CFA.90481.AP,WGS,RANDOM,GENOMIC,PAIRED,0,0,ILLUMINA,Illumina HiSeq 2000,SRP144493,PRJNA448733,,448733,SRS1124457,SAMN04196854,simple,9615,Canis lupus familiaris,90481,,,,,male,,no,,,,,NHGRI,SRA699439,,public,54EEF2E83B11A3CC014876D9D9C78D10,D9850F0EB7225D10D03739613FBCE7EC
SRR7107927,2018-05-10 00:06:33,2018-05-03 23:37:27,414490911,82477056776,414490911,198,34545,GCF_000002285.3,https://sra-downloadb.be-md.ncbi.nlm.nih.gov/sos12/sra-pub-zq-1214/SRR007/107/SRR7107927.sralite.1,SRX4036164,CFA.90482.AP,WGS,RANDOM,GENOMIC,PAIRED,0,0,ILLUMINA,Illumina HiSeq 2000,SRP144493,PRJNA448733,,448733,SRS1124456,SAMN04196855,simple,9615,Canis lupus familiaris,90482,,,,,female,,no,,,,,NHGRI,SRA699439,,public,F49B30B1633D6B5ADE246ADF371A0606,AF49C8220A15935CD306BE34D63949E3
SRR7107928,2018-05-10 00:06:33,2018-06-19 16:16:14,378315921,75278560982,378315921,198,30830,GCF_000002285.3,https://sra-downloadb.be-md.ncbi.nlm.nih.gov/sos12/sra-pub-zq-1214/SRR007/107/SRR7107928.sralite.1,SRX4036165,CFA.90483.AP,WGS,RANDOM,GENOMIC,PAIRED,0,0,ILLUMINA,Illumina HiSeq 2000,SRP144493,PRJNA448733,,448733,SRS1124455,SAMN04196856,simple,9615,Canis lupus familiaris,90483,,,,,male,,no,,,,,NHGRI,SRA699439,,public,09F129F68267C5BAF6DFB5DAD9B0A52B,5C7B63F4AFE81D81BFA8BC3BFADCF7F4
SRR7107929,2018-05-10 00:06:33,2018-05-03 20:55:53,388873020,77379079902,388873020,198,30966,GCF_000002285.3,https://sra-downloadb.be-md.ncbi.nlm.nih.gov/sos12/sra-pub-zq-1214/SRR007/107/SRR7107929.sralite.1,SRX4036166,CFA.90594.AP,WGS,RANDOM,GENOMIC,PAIRED,0,0,ILLUMINA,Illumina HiSeq 2000,SRP144493,PRJNA448733,,448733,SRS1124454,SAMN04196857,simple,9615,Canis lupus familiaris,90594,,,,,male,,no,,,,,NHGRI,SRA699439,,public,B8C734F995EF6FED34947C68B0215ED3,12461A9185BFC56E5E6D6E7B74551129
SRR7107930,2018-05-10 00:06:33,2018-05-03 23:38:33,317358916,63149497783,317358916,198,25199,GCF_000002285.3,https://sra-downloadb.be-md.ncbi.nlm.nih.gov/sos12/sra-pub-zq-1214/SRR007/107/SRR7107930.sralite.1,SRX4036167,CFA.90595.AP,WGS,RANDOM,GENOMIC,PAIRED,0,0,ILLUMINA,Illumina HiSeq 2000,SRP144493,PRJNA448733,,448733,SRS1124453,SAMN04196858,simple,9615,Canis lupus familiaris,90595,,,,,male,,no,,,,,NHGRI,SRA699439,,public,82D49C26C8E10582F47B6FA15F62F11C,140C945D236EAF9EC15E4BDD63B19A95
SRR7107931,2018-05-14 00:07:24,2018-05-08 05:50:16,408887673,81358227904,408887673,198,32405,GCF_000002285.3,https://sra-downloadb.be-md.ncbi.nlm.nih.gov/sos12/sra-pub-zq-1214/SRR007/107/SRR7107931.sralite.1,SRX4036168,CFA.91179.AP,WGS,RANDOM,GENOMIC,PAIRED,0,0,ILLUMINA,Illumina HiSeq 2500,SRP144493,PRJNA448733,,448733,SRS1124452,SAMN04196859,simple,9615,Canis lupus familiaris,91179,,,,,UNKNOWN,,no,,,,,NHGRI,SRA699439,,public,7D1F390B1CD1D63EF7FBC98806C20A15,EAE6238CEC1B1E0B817353242B5113C1
SRR7107932,2018-05-10 00:06:33,2018-05-03 20:47:36,406396161,80866040219,406396161,198,32170,GCF_000002285.3,https://sra-downloadb.be-md.ncbi.nlm.nih.gov/sos12/sra-pub-zq-1214/SRR007/107/SRR7107932.sralite.1,SRX4036169,CFA.91180.AP,WGS,RANDOM,GENOMIC,PAIRED,0,0,ILLUMINA,Illumina HiSeq 2500,SRP144493,PRJNA448733,,448733,SRS1124451,SAMN04196860,simple,9615,Canis lupus familiaris,91180,,,,,female,,no,,,,,NHGRI,SRA699439,,public,09AA440C20C4A9B0CC7BC4CE0FAE22D3,93D74BBA88711A33B4CD826783761A03
SRR7107933,2018-05-19 06:29:09,2018-05-12 22:53:22,315012881,62680779425,315012881,198,24404,GCF_000002285.3,https://sra-downloadb.be-md.ncbi.nlm.nih.gov/sos12/sra-pub-zq-1214/SRR007/107/SRR7107933.sralite.1,SRX4036170,CFA.92565.AP,WGS,RANDOM,GENOMIC,PAIRED,0,0,ILLUMINA,Illumina HiSeq 2000,SRP144493,PRJNA448733,,448733,SRS1124450,SAMN04196861,simple,9615,Canis lupus familiaris,92565,,,,,male,,no,,,,,NHGRI,SRA699439,,public,FE4374E8BA2DCFB50DC59C063FCFAC2C,11315A4BF723349E5D8719FA2F44FE94
SRR7107934,2018-05-18 00:09:25,2018-05-12 22:26:29,290198962,57743044729,290198962,198,22801,GCF_000002285.3,https://sra-downloadb.be-md.ncbi.nlm.nih.gov/sos12/sra-pub-zq-1214/SRR007/107/SRR7107934.sralite.1,SRX4036171,CFA.92566.AP,WGS,RANDOM,GENOMIC,PAIRED,0,0,ILLUMINA,Illumina HiSeq 2000,SRP144493,PRJNA448733,,448733,SRS1124449,SAMN04196862,simple,9615,Canis lupus familiaris,92566,,,,,female,,no,,,,,NHGRI,SRA699439,,public,2E4999A1618AEF7CEE7A1486F3B0D378,45FA2196E61059B2E52764827D96659B
SRR7107935,2018-05-18 00:09:25,2018-05-12 21:02:54,357826704,71198674249,357826704,198,29033,GCF_000002285.3,https://sra-downloadb.be-md.ncbi.nlm.nih.gov/sos12/sra-pub-zq-1214/SRR007/107/SRR7107935.sralite.1,SRX4036172,CFA.94080.AP,WGS,RANDOM,GENOMIC,PAIRED,0,0,ILLUMINA,Illumina HiSeq 2500,SRP144493,PRJNA448733,,448733,SRS1124448,SAMN04196863,simple,9615,Canis lupus familiaris,94080,,,,,male,,no,,,,,NHGRI,SRA699439,,public,A8ED5587F633EC73894A51D6DC3E1D53,F4668D8BADA0ED2A28775E005D8EDE4A
SRR7107936,2018-05-18 00:09:25,2018-05-12 19:35:28,369686277,73535367844,369686277,198,30292,GCF_000002285.3,https://sra-downloadb.be-md.ncbi.nlm.nih.gov/sos12/sra-pub-zq-1214/SRR007/107/SRR7107936.sralite.1,SRX4036173,CFA.94089.AP,WGS,RANDOM,GENOMIC,PAIRED,0,0,ILLUMINA,Illumina HiSeq 2500,SRP144493,PRJNA448733,,448733,SRS1124447,SAMN04196864,simple,9615,Canis lupus familiaris,94089,,,,,female,,no,,,,,NHGRI,SRA699439,,public,DE6374C3D5F21D77420C1997AFA1364A,91F6F1F28FF147A5BE6834F844471AE5
SRR7107937,2018-05-18 00:09:25,2018-05-12 19:59:31,351934708,70023488105,351934708,198,29896,GCF_000002285.3,https://sra-downloadb.be-md.ncbi.nlm.nih.gov/sos12/sra-pub-zq-1214/SRR007/107/SRR7107937.sralite.1,SRX4036174,CFA.94090.AP,WGS,RANDOM,GENOMIC,PAIRED,0,0,ILLUMINA,Illumina HiSeq 2500,SRP144493,PRJNA448733,,448733,SRS1124446,SAMN04196865,simple,9615,Canis lupus familiaris,94090,,,,,male,,no,,,,,NHGRI,SRA699439,,public,BF79DF87F79D100DEFF72575029FBE2A,48B189515ED56EA237D1BE3C7CF3BF97
SRR7107939,2018-05-18 00:09:25,2018-05-12 17:41:06,69985380,34226652107,69985380,489,14816,GCF_000002285.3,https://sra-downloadb.be-md.ncbi.nlm.nih.gov/sos12/sra-pub-zq-1214/SRR007/107/SRR7107939.sralite.1,SRX4036176,NGSDOG022,WGS,other,GENOMIC,PAIRED,0,0,ILLUMINA,Illumina MiSeq,SRP144493,PRJNA448733,,448733,SRS1263309,SAMN04440505,simple,9615,Canis lupus familiaris,NGSDOG022,,,,,female,,no,,,,,NHGRI,SRA699439,,public,7390B1087E8AB267D06B330B1D6061BE,0CD180F8702FA15448DCDA6C874B5059
SRR7107940,2018-05-18 00:09:25,2018-05-12 18:08:51,64640608,31512890433,64640608,487,13358,GCF_000002285.3,https://sra-downloadb.be-md.ncbi.nlm.nih.gov/sos12/sra-pub-zq-1214/SRR007/107/SRR7107940.sralite.1,SRX4036177,NGSDOG023,WGS,other,GENOMIC,PAIRED,0,0,ILLUMINA,Illumina MiSeq,SRP144493,PRJNA448733,,448733,SRS1263310,SAMN04440506,simple,9615,Canis lupus familiaris,NGSDOG023,,,,,female,,no,,,,,NHGRI,SRA699439,,public,CE38FAD402F00E27D70C7759B72C970D,0C3649D1AE887DE0B4804A5C5F575DDB
SRR7107938,2018-05-09 00:10:53,2018-05-03 20:42:48,204144324,40828864800,204144324,200,15820,GCF_000002285.3,https://sra-downloadb.be-md.ncbi.nlm.nih.gov/sos12/sra-pub-zq-1214/SRR007/107/SRR7107938.sralite.1,SRX4036175,RKW1387,WGS,unspecified,GENOMIC,PAIRED,0,0,ILLUMINA,Illumina HiSeq 2000,SRP144493,PRJNA448733,,448733,SRS1136754,SAMN04209256,simple,9612,Canis lupus,RKW1387,,,,,not collected,,no,,,,,NHGRI,SRA699439,,public,DBF40E5E2B0AAD0764D3A572DC83B90C,45D5833FE7A6542E84B4FA4A3AE0194C
SRR7107941,2018-05-14 00:07:24,2018-05-08 04:29:07,250616106,50624453412,250616106,202,19537,GCF_000002285.3,https://sra-downloadb.be-md.ncbi.nlm.nih.gov/sos12/sra-pub-zq-1214/SRR007/107/SRR7107941.sralite.1,SRX4036178,zoe,WGS,RANDOM,GENOMIC,PAIRED,0,0,ILLUMINA,Illumina HiSeq 2500,SRP144493,PRJNA448733,,448733,SRS1397510,SAMN04851098,simple,9615,Canis lupus familiaris,zoe,,,,,female,,no,,,,,NHGRI,SRA699439,,public,AB55C309DED57A727A80E62990B9B780,92D745EC29DC918B4A98030C8DBB1B0E
SRR7107942,2018-05-10 00:06:33,2018-05-04 00:32:39,305927479,94153147162,305927479,307,36349,GCF_000002285.3,https://sra-downloadb.be-md.ncbi.nlm.nih.gov/sos12/sra-pub-zq-1214/SRR007/107/SRR7107942.sralite.1,SRX4036179,IBW_wgs_1,WGS,RANDOM,GENOMIC,PAIRED,0,0,ILLUMINA,Illumina HiSeq 2500,SRP144493,PRJNA448733,,448733,SRS1397562,SAMN04851099,simple,425934,Canis lupus signatus,Penelope,,,,,female,,no,,,,,NHGRI,SRA699439,,public,9619F4744AD72304962177546FCC7C5F,660A2021050AA79BCC87803790D49581
SRR7107943,2018-05-09 00:10:53,2018-05-03 20:58:20,200119280,37246558992,200119280,186,14979,GCF_000002285.3,https://sra-downloadb.be-md.ncbi.nlm.nih.gov/sos12/sra-pub-zq-1214/SRR007/107/SRR7107943.sralite.1,SRX4036180,PT49,WGS,RANDOM,GENOMIC,PAIRED,0,0,ILLUMINA,Illumina HiSeq 2000,SRP144493,PRJNA448733,,448733,SRS1397563,SAMN04851101,simple,9615,Canis lupus familiaris,PT49,,,,,male,,no,,,,,NHGRI,SRA699439,,public,E34D111AD15D56A61C16DE7284EB2766,2E666C764156E7180B37C96299752147
SRR7107944,2018-05-09 00:10:53,2018-05-03 19:09:25,152818158,27507268440,152818158,180,7001,GCF_000002285.3,https://sra-downloadb.be-md.ncbi.nlm.nih.gov/sos12/sra-pub-zq-1214/SRR007/107/SRR7107944.sralite.1,SRX4036181,Dog05,WGS,RANDOM,GENOMIC,PAIRED,0,0,ILLUMINA,Illumina HiSeq 2000,SRP144493,PRJNA448733,,448733,SRS1397564,SAMN04851103,simple,9615,Canis lupus familiaris,Dog05,,,,,male,,no,,,,,NHGRI,SRA699439,,public,07B32E55062EED0ED93C028B549CC47D,CE36CE868903015F30AA365841126384
SRR7107945,2018-05-09 00:10:53,2018-05-03 19:27:42,102573046,20719755292,102573046,202,7949,GCF_000002285.3,https://sra-downloadb.be-md.ncbi.nlm.nih.gov/sos12/sra-pub-zq-1214/SRR007/107/SRR7107945.sralite.1,SRX4036182,1756_lib1,WGS,RANDOM,GENOMIC,PAIRED,0,0,ILLUMINA,Illumina HiSeq 2000,SRP144493,PRJNA448733,,448733,SRS1397565,SAMN04851104,simple,9615,Canis lupus familiaris,1756,,,,,female,,no,,,,,NHGRI,SRA699439,,public,240D3C6E7F94E28C044DA2047BF4008A,E0A8AF2561DD37D39A61D22F201E81BE
SRR7107946,2018-05-19 06:29:09,2018-05-12 23:10:17,312178504,63060057808,312178504,202,25174,GCF_000002285.3,https://sra-downloadb.be-md.ncbi.nlm.nih.gov/sos12/sra-pub-zq-1214/SRR007/107/SRR7107946.sralite.1,SRX4036183,BC1,WGS,PCR,GENOMIC,PAIRED,0,0,ILLUMINA,Illumina HiSeq 2500,SRP144493,PRJNA448733,,448733,SRS1417279,SAMN04908307,simple,9615,Canis lupus familiaris,BC222,,,,,male,,no,,,,,NHGRI,SRA699439,,public,78C77C132FCC03FAB7971552797207FE,AC607F04101BB3A54BCEEB04A671D19A
SRR7107947,2018-05-18 00:09:25,2018-05-12 21:33:11,294299762,59448551924,294299762,202,23494,GCF_000002285.3,https://sra-downloadb.be-md.ncbi.nlm.nih.gov/sos12/sra-pub-zq-1214/SRR007/107/SRR7107947.sralite.1,SRX4036184,BC2,WGS,PCR,GENOMIC,PAIRED,0,0,ILLUMINA,Illumina HiSeq 2500,SRP144493,PRJNA448733,,448733,SRS1417280,SAMN04908308,simple,9615,Canis lupus familiaris,BC387,,,,,male,,no,,,,,NHGRI,SRA699439,,public,32D2F7E582878BAB245E556AF7731AF6,34D9C038249B6ED1C706C20EA720133F
SRR7107948,2018-05-19 06:29:09,2018-05-13 00:25:49,321443032,64931492464,321443032,202,25472,GCF_000002285.3,https://sra-downloadb.be-md.ncbi.nlm.nih.gov/sos12/sra-pub-zq-1214/SRR007/107/SRR7107948.sralite.1,SRX4036185,BC3,WGS,PCR,GENOMIC,PAIRED,0,0,ILLUMINA,Illumina HiSeq 2500,SRP144493,PRJNA448733,,448733,SRS1417281,SAMN04908309,simple,9615,Canis lupus familiaris,BC578,,,,,male,,no,,,,,NHGRI,SRA699439,,public,A19A16785F1489E1D73545D8E13C79F6,90FA7449BEEE9BB17C01B1A742BFD88F
SRR7107949,2018-05-19 06:29:09,2018-05-13 00:38:49,325056641,65661441482,325056641,202,26228,GCF_000002285.3,https://sra-downloadb.be-md.ncbi.nlm.nih.gov/sos12/sra-pub-zq-1214/SRR007/107/SRR7107949.sralite.1,SRX4036186,BC4,WGS,PCR,GENOMIC,PAIRED,0,0,ILLUMINA,Illumina HiSeq 2500,SRP144493,PRJNA448733,,448733,SRS1417282,SAMN04908310,simple,9615,Canis lupus familiaris,BC1028,,,,,male,,no,,,,,NHGRI,SRA699439,,public,E8DEC97C7EE65CC13E6F11EC66A78525,FEC07632121B119F525C62160DF8A229
SRR7107950,2018-05-19 06:29:09,2018-05-13 00:07:43,306721416,61957726032,306721416,202,24137,GCF_000002285.3,https://sra-downloadb.be-md.ncbi.nlm.nih.gov/sos12/sra-pub-zq-1214/SRR007/107/SRR7107950.sralite.1,SRX4036187,BC5,WGS,PCR,GENOMIC,PAIRED,0,0,ILLUMINA,Illumina HiSeq 2000,SRP144493,PRJNA448733,,448733,SRS1417283,SAMN04908311,simple,9615,Canis lupus familiaris,BC1029,,,,,female,,no,,,,,NHGRI,SRA699439,,public,F5F0FED207D62D34D5E8C126D6669DCA,F2C6F5F4F6CE9760EC4995203680FE61
SRR7107955,2018-05-14 00:07:24,2018-05-07 18:16:19,319826004,91064482048,319826004,284,39178,GCF_000002285.3,https://sra-downloadb.be-md.ncbi.nlm.nih.gov/sos12/sra-pub-zq-1214/SRR007/107/SRR7107955.sralite.1,SRX4036192,CFA.107839.AP,WGS,RANDOM,GENOMIC,PAIRED,0,0,ILLUMINA,HiSeq X Ten,SRP144493,PRJNA448733,,448733,SRS1692083,SAMN05770194,simple,9615,Canis lupus familiaris,107839,,,,,female,,no,,,,,NHGRI,SRA699439,,public,763AE19D5CA1ABD4B3D571C7F597D857,098F90A88CF1F06CC42E0D0A3E1273E7
SRR7107953,2018-05-09 00:10:53,2018-05-03 19:17:15,170865116,17257376716,0,101,5963,GCF_000002285.3,https://sra-downloadb.be-md.ncbi.nlm.nih.gov/sos12/sra-pub-zq-1214/SRR007/107/SRR7107953.sralite.1,SRX4036190,AlaskanWolf,WGS,RANDOM,GENOMIC,SINGLE,0,0,ILLUMINA,Illumina HiSeq 2000,SRP144493,PRJNA448733,,448733,SRS1589013,SAMN05439956,simple,9612,Canis lupus,AlaskanWolf,,,,,not determined,,no,,,,,NHGRI,SRA699439,,public,5FC9ABD98907A48982C6BF232EB0221E,969524D23AC9D72EBF519D98ACA8E01A
SRR7107951,2018-05-09 00:10:53,2018-05-03 21:52:14,58519744,25933170825,58519744,443,11596,GCF_000002285.3,https://sra-downloadb.be-md.ncbi.nlm.nih.gov/sos12/sra-pub-zq-1214/SRR007/107/SRR7107951.sralite.1,SRX4036188,NGSDOG024,WGS,other,GENOMIC,PAIRED,0,0,ILLUMINA,Illumina MiSeq,SRP144493,PRJNA448733,,448733,SRS1539503,SAMN05356426,simple,9615,Canis lupus familiaris,NGSDOG024,,,,,male,,no,,,,,NHGRI,SRA699439,,public,BBA771D4E70D38E220565879F29F5E88,CC5A821576B06784E9B3C123145E5D6F
SRR7107952,2018-05-09 00:10:53,2018-05-03 21:30:15,48888731,28121086883,48888731,575,15441,GCF_000002285.3,https://sra-downloadb.be-md.ncbi.nlm.nih.gov/sos12/sra-pub-zq-1214/SRR007/107/SRR7107952.sralite.1,SRX4036189,NGSDOG025,WGS,other,GENOMIC,PAIRED,0,0,ILLUMINA,Illumina MiSeq,SRP144493,PRJNA448733,,448733,SRS1539504,SAMN05356427,simple,9615,Canis lupus familiaris,NGSDOG025,,,,,male,,no,,,,,NHGRI,SRA699439,,public,5DDA35301874DA585F6A5B1F315B819D,F7B5CEE6F33B66067DF5321BF6F5CE6F
SRR7107954,2018-05-09 00:10:53,2018-05-03 19:09:11,103177840,14548075440,0,141,5572,GCF_000002285.3,https://sra-downloadb.be-md.ncbi.nlm.nih.gov/sos12/sra-pub-zq-1214/SRR007/107/SRR7107954.sralite.1,SRX4036191,QuebecWolf,WGS,RANDOM,GENOMIC,SINGLE,0,0,ILLUMINA,Illumina HiSeq 2000,SRP144493,PRJNA448733,,448733,SRS1677740,SAMN05736724,simple,9614,Canis latrans,QuebecWolf,,,,,not determined,,no,,,,,NHGRI,SRA699439,,public,970E76CCEF651A59140F5AC752E66ABD,1516953DDB3B153520E3B03DE8F73A3F
SRR7107958,2018-05-10 00:06:33,2018-05-04 01:50:59,115615879,34915995458,115615879,302,13577,GCF_000002285.3,https://sra-downloadb.be-md.ncbi.nlm.nih.gov/sos12/sra-pub-zq-1214/SRR007/107/SRR7107958.sralite.1,SRX4036195,A168,WGS,RANDOM,GENOMIC,PAIRED,0,0,ILLUMINA,Illumina HiSeq 2500,SRP144493,PRJNA448733,,448733,SRS1847580,SAMN06128270,simple,9615,Canis lupus familiaris,A168,,,,,female,,no,,,,,NHGRI,SRA699439,,public,9CE1AC3390B2BF09D621137C77BCA573,7E238C99D64895D7EEE29D639B17778F
SRR7107957,2018-05-09 00:10:53,2018-05-03 19:17:00,112134477,15810961257,0,141,6464,GCF_000002285.3,https://sra-downloadb.be-md.ncbi.nlm.nih.gov/sos12/sra-pub-zq-1214/SRR007/107/SRR7107957.sralite.1,SRX4036194,AlgonquinWolf13467,WGS,RANDOM,GENOMIC,SINGLE,0,0,ILLUMINA,Illumina HiSeq 2000,SRP144493,PRJNA448733,,448733,SRS1704985,SAMN05791669,simple,9612,Canis lupus,AlgonquinWolf13467,,,,,not determined,,no,,,,,NHGRI,SRA699439,,public,24503376F9BD9AB115A86BA6FD2F556E,10F144BEF2591E501430ACB082788969
SRR7107956,2018-05-09 00:10:53,2018-05-03 19:16:15,122960251,17337395391,0,141,5922,GCF_000002285.3,https://sra-downloadb.be-md.ncbi.nlm.nih.gov/sos12/sra-pub-zq-1214/SRR007/107/SRR7107956.sralite.1,SRX4036193,AlgonquinWolf13470,WGS,RANDOM,GENOMIC,PAIRED,0,0,ILLUMINA,Illumina HiSeq 2000,SRP144493,PRJNA448733,,448733,SRS1704945,SAMN05791668,simple,9612,Canis lupus,AlgonquinWolf13470,,,,,not determined,,no,,,,,NHGRI,SRA699439,,public,7A896AEEBDC1353141E5460876D52EFF,CAB571B71035DEBF608B487269FE9C9E
SRR7107959,2018-05-14 00:07:24,2018-05-07 09:34:29,146164301,44141618902,146164301,302,17041,GCF_000002285.3,https://sra-downloadb.be-md.ncbi.nlm.nih.gov/sos12/sra-pub-zq-1214/SRR007/107/SRR7107959.sralite.1,SRX4036196,C750,WGS,RANDOM,GENOMIC,PAIRED,0,0,ILLUMINA,Illumina HiSeq 2500,SRP144493,PRJNA448733,,448733,SRS1847579,SAMN06128271,simple,9615,Canis lupus familiaris,C750,,,,,female,,no,,,,,NHGRI,SRA699439,,public,F74CAA5FC33E5A94E9F8F930E371B300,BE796AE8A7B386147BC21C4987CB1ACC
SRR7107960,2018-05-14 00:07:24,2018-05-07 17:05:09,121663780,36742461560,121663780,302,13789,GCF_000002285.3,https://sra-downloadb.be-md.ncbi.nlm.nih.gov/sos12/sra-pub-zq-1214/SRR007/107/SRR7107960.sralite.1,SRX4036197,C783,WGS,RANDOM,GENOMIC,PAIRED,0,0,ILLUMINA,Illumina HiSeq 2500,SRP144493,PRJNA448733,,448733,SRS1847578,SAMN06128272,simple,9615,Canis lupus familiaris,C783,,,,,female,,no,,,,,NHGRI,SRA699439,,public,F20A09A4F58162223160C892FC1B2BAE,DF126CB70925D68331B51D8C920F71D9
SRR7107962,2018-05-14 00:07:24,2018-05-07 12:09:46,227490705,67721788837,227490705,297,30091,GCF_000002285.3,https://sra-downloadb.be-md.ncbi.nlm.nih.gov/sos12/sra-pub-zq-1214/SRR007/107/SRR7107962.sralite.1,SRX4036199,CFA.105990.AP,WGS,RANDOM,GENOMIC,PAIRED,0,0,ILLUMINA,HiSeq X Ten,SRP144493,PRJNA448733,,448733,SRS1867885,SAMN06159667,simple,9615,Canis lupus familiaris,105990,,,,,female,,no,,,,,NHGRI,SRA699439,,public,5FD5EEF2C99681E646166D50E28534FB,0DE00208802573960957B7F3E3BF9BAE
SRR7107963,2018-05-14 00:07:24,2018-05-07 10:25:18,369041535,102509705000,369041535,277,42680,GCF_000002285.3,https://sra-downloadb.be-md.ncbi.nlm.nih.gov/sos12/sra-pub-zq-1214/SRR007/107/SRR7107963.sralite.1,SRX4036200,CFA.107833.AP,WGS,RANDOM,GENOMIC,PAIRED,0,0,ILLUMINA,HiSeq X Ten,SRP144493,PRJNA448733,,448733,SRS1867886,SAMN06159668,simple,9615,Canis lupus familiaris,107833,,,,,male,,no,,,,,NHGRI,SRA699439,,public,6CC04516AEFBFA1A93E996EFA94E9EB6,2C74E791D61AC23AA11E95D8C1DCF567
SRR7107964,2018-05-14 00:07:24,2018-05-07 10:12:55,342803140,99821973133,342803140,291,43190,GCF_000002285.3,https://sra-downloadb.be-md.ncbi.nlm.nih.gov/sos12/sra-pub-zq-1214/SRR007/107/SRR7107964.sralite.1,SRX4036201,CFA.107834.AP,WGS,RANDOM,GENOMIC,PAIRED,0,0,ILLUMINA,HiSeq X Ten,SRP144493,PRJNA448733,,448733,SRS1867887,SAMN06159669,simple,9615,Canis lupus familiaris,107834,,,,,male,,no,,,,,NHGRI,SRA699439,,public,FF5C800B671EAB6CFDD556B24423A3CC,E58D08A9CFE8CB1CD6743CC72483B29F
SRR7107965,2018-05-14 00:07:24,2018-05-07 10:37:51,369597150,108852602640,369597150,294,44597,GCF_000002285.3,https://sra-downloadb.be-md.ncbi.nlm.nih.gov/sos12/sra-pub-zq-1214/SRR007/107/SRR7107965.sralite.1,SRX4036202,CFA.107835.AP,WGS,RANDOM,GENOMIC,PAIRED,0,0,ILLUMINA,HiSeq X Ten,SRP144493,PRJNA448733,,448733,SRS1867888,SAMN06159670,simple,9615,Canis lupus familiaris,107835,,,,,male,,no,,,,,NHGRI,SRA699439,,public,A085962A947AA24BF0FAA20CA16EECA7,BCEF9B39B473064ADAC77AF7A08D5E7C
SRR7107961,2018-05-14 00:07:24,2018-05-07 08:51:02,111549623,33687986146,111549623,302,12924,GCF_000002285.3,https://sra-downloadb.be-md.ncbi.nlm.nih.gov/sos12/sra-pub-zq-1214/SRR007/107/SRR7107961.sralite.1,SRX4036198,C3549,WGS,RANDOM,GENOMIC,PAIRED,0,0,ILLUMINA,Illumina HiSeq 2500,SRP144493,PRJNA448733,,448733,SRS1847581,SAMN06128273,simple,9615,Canis lupus familiaris,C3549,,,,,female,,no,,,,,NHGRI,SRA699439,,public,B6B2B29FD1C6E2A598A73764EC898D5F,A67B233ADE11CB5C8813DD01304D2D20
SRR7107966,2018-05-14 00:07:24,2018-05-07 10:17:49,334900425,99600724736,334900425,297,41336,GCF_000002285.3,https://sra-downloadb.be-md.ncbi.nlm.nih.gov/sos12/sra-pub-zq-1214/SRR007/107/SRR7107966.sralite.1,SRX4036203,CFA.107836.AP,WGS,RANDOM,GENOMIC,PAIRED,0,0,ILLUMINA,HiSeq X Ten,SRP144493,PRJNA448733,,448733,SRS1867889,SAMN06159671,simple,9615,Canis lupus familiaris,107836,,,,,male,,no,,,,,NHGRI,SRA699439,,public,307860AA707E0B0FD54A52F0C526A668,5E7695732A0713292889E7D0AD353EED
SRR7107967,2018-05-14 00:07:25,2018-05-07 13:30:19,278398917,82107204469,278398917,294,34297,GCF_000002285.3,https://sra-downloadb.be-md.ncbi.nlm.nih.gov/sos12/sra-pub-zq-1214/SRR007/107/SRR7107967.sralite.1,SRX4036204,CFA.107837.AP,WGS,RANDOM,GENOMIC,PAIRED,0,0,ILLUMINA,HiSeq X Ten,SRP144493,PRJNA448733,,448733,SRS1867890,SAMN06159672,simple,9615,Canis lupus familiaris,107837,,,,,male,,no,,,,,NHGRI,SRA699439,,public,C21279A217098461C1FE87C395013737,959425C9AFD45DBCB2A8F7BB6924FE35
SRR7107968,2018-05-14 00:07:25,2018-05-07 10:34:47,371751828,105957706574,371751828,285,45737,GCF_000002285.3,https://sra-downloadb.be-md.ncbi.nlm.nih.gov/sos12/sra-pub-zq-1214/SRR007/107/SRR7107968.sralite.1,SRX4036205,CFA.107838.AP,WGS,RANDOM,GENOMIC,PAIRED,0,0,ILLUMINA,HiSeq X Ten,SRP144493,PRJNA448733,,448733,SRS1867891,SAMN06159673,simple,9615,Canis lupus familiaris,107838,,,,,male,,no,,,,,NHGRI,SRA699439,,public,A718B8AF380C5A09D6B9B2D8708F47EE,482F1C3186167D99E0F60A06C32FE1F4
SRR7107969,2018-05-14 00:07:25,2018-05-07 12:52:20,327391888,85095389749,327391888,259,35274,GCF_000002285.3,https://sra-downloadb.be-md.ncbi.nlm.nih.gov/sos12/sra-pub-zq-1214/SRR007/107/SRR7107969.sralite.1,SRX4036206,CFA.107841.AP,WGS,RANDOM,GENOMIC,PAIRED,0,0,ILLUMINA,HiSeq X Ten,SRP144493,PRJNA448733,,448733,SRS1867892,SAMN06159674,simple,9615,Canis lupus familiaris,107841,,,,,male,,no,,,,,NHGRI,SRA699439,,public,96A796F900238A331B8DF26F40EFDF6E,95D1B62AAAF036D2C3EA4EA0DA14558F
SRR7107970,2018-05-14 00:07:25,2018-05-07 14:58:01,396591536,109026984681,396591536,274,44737,GCF_000002285.3,https://sra-downloadb.be-md.ncbi.nlm.nih.gov/sos12/sra-pub-zq-1214/SRR007/107/SRR7107970.sralite.1,SRX4036207,CFA.107842.AP,WGS,RANDOM,GENOMIC,PAIRED,0,0,ILLUMINA,HiSeq X Ten,SRP144493,PRJNA448733,,448733,SRS1867893,SAMN06159675,simple,9615,Canis lupus familiaris,107842,,,,,female,,no,,,,,NHGRI,SRA699439,,public,E17AD60921458A401BC57B0BD8A59ED4,A7DD682295FFC2A7C207B1954BFC00F9
SRR7107971,2018-05-14 00:07:25,2018-05-07 10:19:55,293138775,87878098937,293138775,299,33408,GCF_000002285.3,https://sra-downloadb.be-md.ncbi.nlm.nih.gov/sos12/sra-pub-zq-1214/SRR007/107/SRR7107971.sralite.1,SRX4036208,CFA.109668.AP,WGS,RANDOM,GENOMIC,PAIRED,0,0,ILLUMINA,HiSeq X Ten,SRP144493,PRJNA448733,,448733,SRS1867894,SAMN06159676,simple,9615,Canis lupus familiaris,109668,,,,,male,,no,,,,,NHGRI,SRA699439,,public,5310ABCD11F12F940D42B7B2890F552B,1509896BC0F15268880E89998E3D97BF
SRR7107972,2018-05-19 06:29:09,2018-05-13 02:58:31,395333764,118758615450,395333764,300,47621,GCF_000002285.3,https://sra-downloadb.be-md.ncbi.nlm.nih.gov/sos12/sra-pub-zq-1214/SRR007/107/SRR7107972.sralite.1,SRX4036209,CFA.109669.AP,WGS,RANDOM,GENOMIC,PAIRED,0,0,ILLUMINA,HiSeq X Ten,SRP144493,PRJNA448733,,448733,SRS1867895,SAMN06159677,simple,9615,Canis lupus familiaris,109669,,,,,female,,no,,,,,NHGRI,SRA699439,,public,BC603FE3D5ACA92B33F6F0F8A53ECD90,524C3AD4064D69464C3DFB9602D27577
SRR7107973,2018-05-19 06:29:09,2018-05-13 07:14:14,465263943,139386059882,465263943,299,58191,GCF_000002285.3,https://sra-downloadb.be-md.ncbi.nlm.nih.gov/sos12/sra-pub-zq-1214/SRR007/107/SRR7107973.sralite.1,SRX4036210,CFA.109670.AP,WGS,RANDOM,GENOMIC,PAIRED,0,0,ILLUMINA,HiSeq X Ten,SRP144493,PRJNA448733,,448733,SRS1867896,SAMN06159678,simple,9615,Canis lupus familiaris,109670,,,,,male,,no,,,,,NHGRI,SRA699439,,public,0744DFC1EC772D4FA95C30A2E77B2127,72ACEEEFA797D84D1251FA927AA83BE6
SRR7107974,2018-05-19 06:29:09,2018-05-13 02:32:48,312468640,93742624676,312468640,300,39194,GCF_000002285.3,https://sra-downloadb.be-md.ncbi.nlm.nih.gov/sos12/sra-pub-zq-1214/SRR007/107/SRR7107974.sralite.1,SRX4036211,CFA.109671.AP,WGS,RANDOM,GENOMIC,PAIRED,0,0,ILLUMINA,HiSeq X Ten,SRP144493,PRJNA448733,,448733,SRS1867897,SAMN06159679,simple,9615,Canis lupus familiaris,109671,,,,,male,,no,,,,,NHGRI,SRA699439,,public,C0BA61C8EC1C353EC3DA591943A65889,075E8CCDB9BD518F4591C06C0C6AF8B9
SRR7107975,2018-05-19 06:29:09,2018-05-13 02:49:39,294757742,87914167141,294757742,298,35156,GCF_000002285.3,https://sra-downloadb.be-md.ncbi.nlm.nih.gov/sos12/sra-pub-zq-1214/SRR007/107/SRR7107975.sralite.1,SRX4036212,CFA.109672.AP,WGS,RANDOM,GENOMIC,PAIRED,0,0,ILLUMINA,HiSeq X Ten,SRP144493,PRJNA448733,,448733,SRS1867898,SAMN06159680,simple,9615,Canis lupus familiaris,109672,,,,,female,,no,,,,,NHGRI,SRA699439,,public,0279A3AE64A3F41E34AD108F5D152A4B,F8E76831D73523ECEF4B0EBCF31434F3
SRR7107976,2018-05-19 06:29:09,2018-05-13 03:12:22,315900210,93558788449,315900210,296,41022,GCF_000002285.3,https://sra-downloadb.be-md.ncbi.nlm.nih.gov/sos12/sra-pub-zq-1214/SRR007/107/SRR7107976.sralite.1,SRX4036213,CFA.117995.AP,WGS,RANDOM,GENOMIC,PAIRED,0,0,ILLUMINA,HiSeq X Ten,SRP144493,PRJNA448733,,448733,SRS1867899,SAMN06159681,simple,9615,Canis lupus familiaris,117995,,,,,male,,no,,,,,NHGRI,SRA699439,,public,8400521C76203BA2137B0270A59B000A,FD621251EFE043A76581A2A533B6F839
SRR7107977,2018-05-19 06:29:09,2018-05-13 04:19:57,321645577,95733890991,321645577,297,39678,GCF_000002285.3,https://sra-downloadb.be-md.ncbi.nlm.nih.gov/sos12/sra-pub-zq-1214/SRR007/107/SRR7107977.sralite.1,SRX4036214,CFA.117996.AP,WGS,RANDOM,GENOMIC,PAIRED,0,0,ILLUMINA,HiSeq X Ten,SRP144493,PRJNA448733,,448733,SRS1867900,SAMN06159682,simple,9615,Canis lupus familiaris,117996,,,,,male,,no,,,,,NHGRI,SRA699439,,public,F50778D7DD15AFC3DBD58D286EF18DC5,F82058D72313B82105C8689D6589FEA7
SRR7107978,2018-05-19 06:29:09,2018-05-13 03:42:48,345740529,99723013057,345740529,288,41447,GCF_000002285.3,https://sra-downloadb.be-md.ncbi.nlm.nih.gov/sos12/sra-pub-zq-1214/SRR007/107/SRR7107978.sralite.1,SRX4036215,CFA.117997.AP,WGS,RANDOM,GENOMIC,PAIRED,0,0,ILLUMINA,HiSeq X Ten,SRP144493,PRJNA448733,,448733,SRS1867901,SAMN06159683,simple,9615,Canis lupus familiaris,117997,,,,,female,,no,,,,,NHGRI,SRA699439,,public,94E061F4F24C8BBCCC86D6033674D119,9A54D342F92B4B365B2619D5FC30C34C
SRR7107979,2018-05-19 06:29:09,2018-05-13 05:36:34,348201718,103781621057,348201718,298,42465,GCF_000002285.3,https://sra-downloadb.be-md.ncbi.nlm.nih.gov/sos12/sra-pub-zq-1214/SRR007/107/SRR7107979.sralite.1,SRX4036216,CFA.117998.AP,WGS,RANDOM,GENOMIC,PAIRED,0,0,ILLUMINA,HiSeq X Ten,SRP144493,PRJNA448733,,448733,SRS1867902,SAMN06159684,simple,9615,Canis lupus familiaris,117998,,,,,male,,no,,,,,NHGRI,SRA699439,,public,16E8F2C04CFAB2D78DF9DB4CE8FACC84,072C46083F26B78A2D3857882F7BAA69
SRR7107980,2018-05-19 06:29:09,2018-05-13 05:26:20,305385251,90651507947,305385251,296,40338,GCF_000002285.3,https://sra-downloadb.be-md.ncbi.nlm.nih.gov/sos12/sra-pub-zq-1214/SRR007/107/SRR7107980.sralite.1,SRX4036217,CFA.117999.AP,WGS,RANDOM,GENOMIC,PAIRED,0,0,ILLUMINA,HiSeq X Ten,SRP144493,PRJNA448733,,448733,SRS1867903,SAMN06159685,simple,9615,Canis lupus familiaris,117999,,,,,male,,no,,,,,NHGRI,SRA699439,,public,49F1922A91118A51AD5365D1DA07DDE0,CBA5D7827A043D5E481A94F5F451BEB5
SRR7107981,2018-05-19 06:29:09,2018-05-13 06:03:10,359021654,106217706864,359021654,295,44447,GCF_000002285.3,https://sra-downloadb.be-md.ncbi.nlm.nih.gov/sos12/sra-pub-zq-1214/SRR007/107/SRR7107981.sralite.1,SRX4036218,CFA.118000.AP,WGS,RANDOM,GENOMIC,PAIRED,0,0,ILLUMINA,HiSeq X Ten,SRP144493,PRJNA448733,,448733,SRS1867904,SAMN06159686,simple,9615,Canis lupus familiaris,118000,,,,,male,,no,,,,,NHGRI,SRA699439,,public,AE776052AB88E264A4FB0A08E8072D25,BA986FFA0DD598B163F2D7E0769D1B0A
SRR7107982,2018-05-19 06:29:09,2018-05-13 07:06:19,313842503,93542909448,313842503,298,40764,GCF_000002285.3,https://sra-downloadb.be-md.ncbi.nlm.nih.gov/sos12/sra-pub-zq-1214/SRR007/107/SRR7107982.sralite.1,SRX4036219,CFA.118001.AP,WGS,RANDOM,GENOMIC,PAIRED,0,0,ILLUMINA,HiSeq X Ten,SRP144493,PRJNA448733,,448733,SRS1867905,SAMN06159687,simple,9615,Canis lupus familiaris,118001,,,,,male,,no,,,,,NHGRI,SRA699439,,public,331808C486E0F5C4C94EC577FC8225DC,3B00BDDA72F434E12B5B82C87881CD29
SRR7107983,2018-05-19 06:29:09,2018-05-13 12:40:31,313833621,93776652223,313833621,298,38911,GCF_000002285.3,https://sra-downloadb.be-md.ncbi.nlm.nih.gov/sos12/sra-pub-zq-1214/SRR007/107/SRR7107983.sralite.1,SRX4036220,CFA.118002.AP,WGS,RANDOM,GENOMIC,PAIRED,0,0,ILLUMINA,HiSeq X Ten,SRP144493,PRJNA448733,,448733,SRS1867906,SAMN06159688,simple,9615,Canis lupus familiaris,118002,,,,,female,,no,,,,,NHGRI,SRA699439,,public,BB7E05965566D878A567A0753370E183,138863FE4119413C6895FD6155DCCD4D
SRR7107984,2018-05-19 06:29:09,2018-05-13 07:04:33,317291075,94494036817,317291075,297,38696,GCF_000002285.3,https://sra-downloadb.be-md.ncbi.nlm.nih.gov/sos12/sra-pub-zq-1214/SRR007/107/SRR7107984.sralite.1,SRX4036221,CFA.118003.AP,WGS,RANDOM,GENOMIC,PAIRED,0,0,ILLUMINA,HiSeq X Ten,SRP144493,PRJNA448733,,448733,SRS1867907,SAMN06159689,simple,9615,Canis lupus familiaris,118003,,,,,male,,no,,,,,NHGRI,SRA699439,,public,B230A6AC6CFADFFC62737A7159409297,0ABA0512D848BBCD7911A4C4F330059D
SRR7107985,2018-05-19 06:29:09,2018-05-13 09:37:07,198719951,59781798818,198719951,300,29862,GCF_000002285.3,https://sra-downloadb.be-md.ncbi.nlm.nih.gov/sos12/sra-pub-zq-1214/SRR007/107/SRR7107985.sralite.1,SRX4036222,RR320,WGS,PCR,GENOMIC,PAIRED,0,0,ILLUMINA,Illumina HiSeq 2500,SRP144493,PRJNA448733,,448733,SRS1868449,SAMN06161404,simple,9615,Canis lupus familiaris,RR320,,,,,female,,no,,,,,NHGRI,SRA699439,,public,D8702B5BED5B0232CE4E785A162D5D73,5015AFBAAB64393F31F6AB48B67D5326
SRR7107986,2018-05-19 06:29:09,2018-05-13 09:30:28,150417621,37905240492,150417621,252,12745,GCF_000002285.3,https://sra-downloadb.be-md.ncbi.nlm.nih.gov/sos12/sra-pub-zq-1214/SRR007/107/SRR7107986.sralite.1,SRX4036223,DAL162K1,WGS,RT-PCR,GENOMIC,PAIRED,0,0,ILLUMINA,Illumina HiSeq 2500,SRP144493,PRJNA448733,,448733,SRS1910816,SAMN06214558,simple,9615,Canis lupus familiaris,DAL162K1,,,,,female,,no,,,,,NHGRI,SRA699439,,public,E1A6A2DC289A5E689832FFD8C71968AF,0C017F6996F3FDF79C9BE1EBA66E52E7
SRR7107988,2018-05-10 00:06:33,2018-05-03 21:54:15,356316863,106895058900,356316863,300,41793,GCF_000002285.3,https://sra-downloadb.be-md.ncbi.nlm.nih.gov/sos12/sra-pub-zq-1214/SRR007/107/SRR7107988.sralite.1,SRX4036225,Ti3_L6,WGS,RANDOM,GENOMIC,PAIRED,0,0,ILLUMINA,Illumina HiSeq 2000,SRP144493,PRJNA448733,,448733,SRS1915940,SAMN06219539,simple,9612,Canis lupus,ti3,,,,,not applicable,,no,,,,,NHGRI,SRA699439,,public,152649CD443B7C5CB2348CAB16722094,7C84AE9078C9AE55D68CA009A4EC3557
SRR7107987,2018-05-10 00:06:33,2018-05-03 21:15:30,373851745,112155523500,373851745,300,40896,GCF_000002285.3,https://sra-downloadb.be-md.ncbi.nlm.nih.gov/sos12/sra-pub-zq-1214/SRR007/107/SRR7107987.sralite.1,SRX4036224,IM5_HLCFKCCXX_L3,WGS,RANDOM,GENOMIC,PAIRED,0,0,ILLUMINA,Illumina HiSeq 2000,SRP144493,PRJNA448733,,448733,SRS1915941,SAMN06219538,simple,9612,Canis lupus,im5,,,,,not applicable,,no,,,,,NHGRI,SRA699439,,public,BE61185242BA92928AC43837F3F493E2,CE3392F1651CB546D6390D68A8D22081
SRR7107989,2018-05-09 00:10:53,2018-05-03 20:35:59,115519067,23334851534,115519067,202,8851,GCF_000002285.3,https://sra-downloadb.be-md.ncbi.nlm.nih.gov/sos12/sra-pub-zq-1214/SRR007/107/SRR7107989.sralite.1,SRX4036226,LB:NGSD1_Lib1,WGS,unspecified,GENOMIC,PAIRED,0,0,ILLUMINA,Illumina HiSeq 2000,SRP144493,PRJNA448733,,448733,SRS2052385,SAMN06608432,simple,9615,Canis lupus familiaris,NGSD1,,,,,male,,no,,,,,NHGRI,SRA699439,,public,31B6B545FD64DAF67A7F8D387872CFD3,283BC3E6A44475CDE1E2214298566E47
SRR7107990,2018-05-09 00:10:53,2018-05-03 21:41:49,163681452,29801698678,163681452,182,14187,GCF_000002285.3,https://sra-downloadb.be-md.ncbi.nlm.nih.gov/sos12/sra-pub-zq-1214/SRR007/107/SRR7107990.sralite.1,SRX4036227,NGSD2,WGS,unspecified,GENOMIC,PAIRED,0,0,ILLUMINA,Illumina HiSeq 2000,SRP144493,PRJNA448733,,448733,SRS2052728,SAMN06608434,simple,9615,Canis lupus familiaris,NGSD2,,,,,male,,no,,,,,NHGRI,SRA699439,,public,ED63356C48A6CB5734073A078F072C62,C17A6A98434EEB75548EADAF097F9408
SRR7107991,2018-05-09 00:10:53,2018-05-03 21:25:23,108326342,21881921084,108326342,202,7006,GCF_000002285.3,https://sra-downloadb.be-md.ncbi.nlm.nih.gov/sos12/sra-pub-zq-1214/SRR007/107/SRR7107991.sralite.1,SRX4036228,LB:NGSD3_Lib1,WGS,unspecified,GENOMIC,PAIRED,0,0,ILLUMINA,Illumina HiSeq 2000,SRP144493,PRJNA448733,,448733,SRS2052384,SAMN06608444,simple,9615,Canis lupus familiaris,NGSD3,,,,,male,,no,,,,,NHGRI,SRA699439,,public,9A7A3C283F1839CD1FB9E1F21C989639,7EF2B39C13EFE4751C605506C549B9D5
SRR7107992,2018-05-10 00:06:33,2018-05-04 02:42:01,441355599,111221610948,441355599,252,43911,GCF_000002285.3,https://sra-downloadb.be-md.ncbi.nlm.nih.gov/sos12/sra-pub-zq-1214/SRR007/107/SRR7107992.sralite.1,SRX4036229,AlaskanMalamute01,WGS,RANDOM,GENOMIC,PAIRED,0,0,ILLUMINA,Illumina HiSeq 2500,SRP144493,PRJNA448733,,448733,SRS3254041,SAMN08872810,simple,9615,Canis lupus familiaris,AlaskanMalamute01,,,,,female,,no,,,,,NHGRI,SRA699439,,public,063949B8CB7B6DBBA5AE0B9C3B383CAE,F06B4BA08BE231913DCB97D722E5CCF5
SRR7107993,2018-05-10 00:06:33,2018-05-03 23:53:47,492551089,124122874428,492551089,252,45323,GCF_000002285.3,https://sra-downloadb.be-md.ncbi.nlm.nih.gov/sos12/sra-pub-zq-1214/SRR007/107/SRR7107993.sralite.1,SRX4036230,AmericanHairlessTerrier01,WGS,RANDOM,GENOMIC,PAIRED,0,0,ILLUMINA,Illumina HiSeq 2500,SRP144493,PRJNA448733,,448733,SRS3254042,SAMN08872813,simple,9615,Canis lupus familiaris,AmericanHairlessTerrier01,,,,,female,,no,,,,,NHGRI,SRA699439,,public,2B0C8818891CF308895A73DABF07DD1B,6E71219977556F094C7325CBF0C51C00
SRR7120110,2018-05-10 00:06:33,2018-05-04 17:38:36,145670982,36709087464,145670982,252,14140,GCF_000002285.3,https://sra-downloadb.be-md.ncbi.nlm.nih.gov/sos12/sra-pub-zq-1214/SRR007/120/SRR7120110.sralite.1,SRX4041570,BelgianSheepdog02,WGS,RANDOM,GENOMIC,PAIRED,0,0,ILLUMINA,Illumina HiSeq 2500,SRP144493,PRJNA448733,,448733,SRS3259042,SAMN08872843,simple,9615,Canis lupus familiaris,BelgianSheepdog02,,,,,male,,no,,,,,NHGRI,SRA699439,,public,939E3DEA96A1146CC2DF76AFFFA933C5,6C0E88B2FB47810241D28E44BFF72243
SRR7120111,2018-05-10 00:06:33,2018-05-04 17:38:30,190561996,48021622992,190561996,252,18360,GCF_000002285.3,https://sra-downloadb.be-md.ncbi.nlm.nih.gov/sos12/sra-pub-zq-1214/SRR007/120/SRR7120111.sralite.1,SRX4041733,BelgianSheepdog03,WGS,RANDOM,GENOMIC,PAIRED,0,0,ILLUMINA,Illumina HiSeq 2500,SRP144493,PRJNA448733,,448733,SRS3259203,SAMN08872844,simple,9615,Canis lupus familiaris,BelgianSheepdog03,,,,,female,,no,,,,,NHGRI,SRA699439,,public,5DB8CEA9DDD510674B44720E8F99B4F6,F309184B471C21C024CB5665A6DFFD27
SRR7120112,2018-05-10 00:06:33,2018-05-04 18:02:12,139115942,35057217384,139115942,252,14150,GCF_000002285.3,https://sra-downloadb.be-md.ncbi.nlm.nih.gov/sos12/sra-pub-zq-1214/SRR007/120/SRR7120112.sralite.1,SRX4041734,BelgianSheepdog04,WGS,RANDOM,GENOMIC,PAIRED,0,0,ILLUMINA,Illumina HiSeq 2500,SRP144493,PRJNA448733,,448733,SRS3259204,SAMN08872845,simple,9615,Canis lupus familiaris,BelgianSheepdog04,,,,,female,,no,,,,,NHGRI,SRA699439,,public,44653C6B662026EED40923DEC84349D3,0ED4304F51ED70EAB421F016F1E36598
SRR7120113,2018-05-10 00:06:34,2018-05-04 17:28:36,154345281,38895010812,154345281,252,15271,GCF_000002285.3,https://sra-downloadb.be-md.ncbi.nlm.nih.gov/sos12/sra-pub-zq-1214/SRR007/120/SRR7120113.sralite.1,SRX4041735,BelgianSheepdog05,WGS,RANDOM,GENOMIC,PAIRED,0,0,ILLUMINA,Illumina HiSeq 2500,SRP144493,PRJNA448733,,448733,SRS3259205,SAMN08872846,simple,9615,Canis lupus familiaris,BelgianSheepdog05,,,,,male,,no,,,,,NHGRI,SRA699439,,public,6DA526DBDBBEA068E01CE55CD68B95B4,EAB917A8AF161FCE654320BB0F4D24D5
SRR7120114,2018-05-10 00:06:34,2018-05-04 19:21:39,220930097,55674384444,220930097,252,21217,GCF_000002285.3,https://sra-downloadb.be-md.ncbi.nlm.nih.gov/sos12/sra-pub-zq-1214/SRR007/120/SRR7120114.sralite.1,SRX4041741,BelgianSheepdog06,WGS,RANDOM,GENOMIC,PAIRED,0,0,ILLUMINA,Illumina HiSeq 2500,SRP144493,PRJNA448733,,448733,SRS3259211,SAMN08872847,simple,9615,Canis lupus familiaris,BelgianSheepdog06,,,,,male,,no,,,,,NHGRI,SRA699439,,public,7CFF1885DF11F6C058D122ABDF56C8C1,077A74C4AD966EEF17819E6D3F75BF66
SRR7120115,2018-05-10 00:06:34,2018-05-04 17:25:44,129002045,32508515340,129002045,252,12252,GCF_000002285.3,https://sra-downloadb.be-md.ncbi.nlm.nih.gov/sos12/sra-pub-zq-1214/SRR007/120/SRR7120115.sralite.1,SRX4041742,BelgianSheepdog07,WGS,RANDOM,GENOMIC,PAIRED,0,0,ILLUMINA,Illumina HiSeq 2500,SRP144493,PRJNA448733,,448733,SRS3259212,SAMN08872848,simple,9615,Canis lupus familiaris,BelgianSheepdog07,,,,,female,,no,,,,,NHGRI,SRA699439,,public,8320430E52B858676618D4C5B5B38199,4EA09EE4FF7786C55361005CE7F16DF1
SRR7120116,2018-05-12 00:06:37,2018-05-05 03:32:12,550579188,114202554276,550579188,207,49395,GCF_000002285.3,https://sra-downloadb.be-md.ncbi.nlm.nih.gov/sos12/sra-pub-zq-1214/SRR007/120/SRR7120116.sralite.1,SRX4041743,BelgianTervuren01,WGS,RANDOM,GENOMIC,PAIRED,0,0,ILLUMINA,Illumina HiSeq 2500,SRP144493,PRJNA448733,,448733,SRS3259213,SAMN08872849,simple,9615,Canis lupus familiaris,BelgianTervuren01,,,,,female,,no,,,,,NHGRI,SRA699439,,public,9649B219A7B261585FE02D44916070F4,2E37B26E45856D8E8687FED29C602C6B
SRR7120117,2018-05-10 00:06:34,2018-05-04 17:48:26,138376416,34870856832,138376416,252,13296,GCF_000002285.3,https://sra-downloadb.be-md.ncbi.nlm.nih.gov/sos12/sra-pub-zq-1214/SRR007/120/SRR7120117.sralite.1,SRX4041744,BelgianTervuren02,WGS,RANDOM,GENOMIC,PAIRED,0,0,ILLUMINA,Illumina HiSeq 2500,SRP144493,PRJNA448733,,448733,SRS3259214,SAMN08872850,simple,9615,Canis lupus familiaris,BelgianTervuren02,,,,,male,,no,,,,,NHGRI,SRA699439,,public,37FC7B1CEF4803D2831558BA943EFE56,0C369E75F00F641378B765A7AC5CFDA1
SRR7120118,2018-05-10 00:06:34,2018-05-04 17:08:10,116210726,29285102952,116210726,252,11499,GCF_000002285.3,https://sra-downloadb.be-md.ncbi.nlm.nih.gov/sos12/sra-pub-zq-1214/SRR007/120/SRR7120118.sralite.1,SRX4041745,BelgianTervuren03,WGS,RANDOM,GENOMIC,PAIRED,0,0,ILLUMINA,Illumina HiSeq 2500,SRP144493,PRJNA448733,,448733,SRS3259215,SAMN08872851,simple,9615,Canis lupus familiaris,BelgianTervuren03,,,,,female,,no,,,,,NHGRI,SRA699439,,public,E0FEDFAA8AD2BA92CBF372A2C6B448F0,A56671433E7AE62577E94B88267FD0D7
SRR7120119,2018-05-10 00:06:34,2018-05-04 17:38:45,186822790,47079343080,186822790,252,17355,GCF_000002285.3,https://sra-downloadb.be-md.ncbi.nlm.nih.gov/sos12/sra-pub-zq-1214/SRR007/120/SRR7120119.sralite.1,SRX4041746,BelgianTervuren05,WGS,RANDOM,GENOMIC,PAIRED,0,0,ILLUMINA,Illumina HiSeq 2500,SRP144493,PRJNA448733,,448733,SRS3259216,SAMN08872852,simple,9615,Canis lupus familiaris,BelgianTervuren05,,,,,female,,no,,,,,NHGRI,SRA699439,,public,4ACDC870E6CB3CC1FC8E0A22D2F697E1,1E98EB25CB0BF2508C5DE2B394963B59
SRR7120120,2018-05-10 00:06:34,2018-05-04 17:38:32,158778080,40012076160,158778080,252,15091,GCF_000002285.3,https://sra-downloadb.be-md.ncbi.nlm.nih.gov/sos12/sra-pub-zq-1214/SRR007/120/SRR7120120.sralite.1,SRX4041747,BelgianTervuren06,WGS,RANDOM,GENOMIC,PAIRED,0,0,ILLUMINA,Illumina HiSeq 2500,SRP144493,PRJNA448733,,448733,SRS3259217,SAMN08872853,simple,9615,Canis lupus familiaris,BelgianTervuren06,,,,,male,,no,,,,,NHGRI,SRA699439,,public,9BD2BCE2BE009CD88AE105FDA01D23A8,B894604170713D9D8BC06E1926B994E0
SRR7120121,2018-05-10 00:06:34,2018-05-04 17:41:05,149002412,37548607824,149002412,252,14150,GCF_000002285.3,https://sra-downloadb.be-md.ncbi.nlm.nih.gov/sos12/sra-pub-zq-1214/SRR007/120/SRR7120121.sralite.1,SRX4041748,BelgianTervuren07,WGS,RANDOM,GENOMIC,PAIRED,0,0,ILLUMINA,Illumina HiSeq 2500,SRP144493,PRJNA448733,,448733,SRS3259218,SAMN08872854,simple,9615,Canis lupus familiaris,BelgianTervuren07,,,,,female,,no,,,,,NHGRI,SRA699439,,public,C308279750F5BE3C09E564FA2A2FEC43,A87DFEFCFF28FA4FED2430BD71745FF1
SRR7120126,2018-05-14 00:07:25,2018-05-07 08:38:22,142509205,35912319660,142509205,252,13962,GCF_000002285.3,https://sra-downloadb.be-md.ncbi.nlm.nih.gov/sos12/sra-pub-zq-1214/SRR007/120/SRR7120126.sralite.1,SRX4041753,BelgianTervuren04,WGS,RANDOM,GENOMIC,PAIRED,0,0,ILLUMINA,Illumina HiSeq 2500,SRP144493,PRJNA448733,,448733,SRS3259223,SAMN08872859,simple,9615,Canis lupus familiaris,BelgianTervuren04,,,,,male,,no,,,,,NHGRI,SRA699439,,public,6501A56F5BA49FA9EC746F599ADB5776,400AB59F3800C9EFC7C2163059ED57FF
SRR7120122,2018-05-10 00:06:34,2018-05-04 17:26:34,152402509,38405432268,152402509,252,14640,GCF_000002285.3,https://sra-downloadb.be-md.ncbi.nlm.nih.gov/sos12/sra-pub-zq-1214/SRR007/120/SRR7120122.sralite.1,SRX4041749,BelgianTervuren08,WGS,RANDOM,GENOMIC,PAIRED,0,0,ILLUMINA,Illumina HiSeq 2500,SRP144493,PRJNA448733,,448733,SRS3259219,SAMN08872855,simple,9615,Canis lupus familiaris,BelgianTervuren08,,,,,male,,no,,,,,NHGRI,SRA699439,,public,59FB84CCADCC79B7B9CB910B7078DE98,6DEAA300DE1D2B1789240D8A0D2203F1
SRR7120123,2018-05-10 00:06:34,2018-05-04 17:53:56,151350062,38140215624,151350062,252,14210,GCF_000002285.3,https://sra-downloadb.be-md.ncbi.nlm.nih.gov/sos12/sra-pub-zq-1214/SRR007/120/SRR7120123.sralite.1,SRX4041750,BelgianTervuren09,WGS,RANDOM,GENOMIC,PAIRED,0,0,ILLUMINA,Illumina HiSeq 2500,SRP144493,PRJNA448733,,448733,SRS3259220,SAMN08872856,simple,9615,Canis lupus familiaris,BelgianTervuren09,,,,,male,,no,,,,,NHGRI,SRA699439,,public,F5CD83DC7E2DEB4C9CC311ADE85E15F7,CD112F7F00021D982C18D722F9A7C28F
SRR7120124,2018-05-10 00:06:34,2018-05-04 17:51:35,160703942,40497393384,160703942,252,14904,GCF_000002285.3,https://sra-downloadb.be-md.ncbi.nlm.nih.gov/sos12/sra-pub-zq-1214/SRR007/120/SRR7120124.sralite.1,SRX4041751,BelgianTervuren10,WGS,RANDOM,GENOMIC,PAIRED,0,0,ILLUMINA,Illumina HiSeq 2500,SRP144493,PRJNA448733,,448733,SRS3259221,SAMN08872857,simple,9615,Canis lupus familiaris,BelgianTervuren10,,,,,female,,no,,,,,NHGRI,SRA699439,,public,3E9E81AF5CC0295CE1FC74953EE3008A,25E9AC9E3D87129D24C05DBF1C5C6B12
SRR7120125,2018-05-10 00:06:34,2018-05-04 21:07:28,464949501,117167274252,464949501,252,43832,GCF_000002285.3,https://sra-downloadb.be-md.ncbi.nlm.nih.gov/sos12/sra-pub-zq-1214/SRR007/120/SRR7120125.sralite.1,SRX4041752,BelgianTervuren11,WGS,RANDOM,GENOMIC,PAIRED,0,0,ILLUMINA,Illumina HiSeq 2500,SRP144493,PRJNA448733,,448733,SRS3259222,SAMN08872858,simple,9615,Canis lupus familiaris,BelgianTervuren11,,,,,female,,no,,,,,NHGRI,SRA699439,,public,2FCAF04BE5BD2297783D2DADF95B6EF1,E8FCE7B039F58337FDD74CBD17D2D8F4
SRR7120127,2018-05-10 00:06:34,2018-05-04 19:39:52,473640347,119357367444,473640347,252,48302,GCF_000002285.3,https://sra-downloadb.be-md.ncbi.nlm.nih.gov/sos12/sra-pub-zq-1214/SRR007/120/SRR7120127.sralite.1,SRX4041754,BerneseMountainDog02,WGS,RANDOM,GENOMIC,PAIRED,0,0,ILLUMINA,Illumina HiSeq 2500,SRP144493,PRJNA448733,,448733,SRS3259224,SAMN08872866,simple,9615,Canis lupus familiaris,BerneseMountainDog02,,,,,female,,no,,,,,NHGRI,SRA699439,,public,AF291AC9950BB637BC1E28FBA617C743,829FAB367285D762E57074F18242834F
SRR7120128,2018-05-10 00:06:34,2018-05-04 17:04:55,89816041,22633642332,89816041,252,8584,GCF_000002285.3,https://sra-downloadb.be-md.ncbi.nlm.nih.gov/sos12/sra-pub-zq-1214/SRR007/120/SRR7120128.sralite.1,SRX4041755,BerneseMountainDog03,WGS,RANDOM,GENOMIC,PAIRED,0,0,ILLUMINA,Illumina HiSeq 2500,SRP144493,PRJNA448733,,448733,SRS3259225,SAMN08872867,simple,9615,Canis lupus familiaris,BerneseMountainDog03,,,,,male,,no,,,,,NHGRI,SRA699439,,public,FDDB3768660DB172E6434B1C85E5E1B8,6131CFEC357EDED04D23B0BD7DCA39DF
SRR7120129,2018-05-10 00:06:34,2018-05-04 16:58:07,98412331,24799907412,98412331,252,9515,GCF_000002285.3,https://sra-downloadb.be-md.ncbi.nlm.nih.gov/sos12/sra-pub-zq-1214/SRR007/120/SRR7120129.sralite.1,SRX4041756,BerneseMountainDog04,WGS,RANDOM,GENOMIC,PAIRED,0,0,ILLUMINA,Illumina HiSeq 2500,SRP144493,PRJNA448733,,448733,SRS3259226,SAMN08872868,simple,9615,Canis lupus familiaris,BerneseMountainDog04,,,,,male,,no,,,,,NHGRI,SRA699439,,public,05E16D1719F1984F89986538FE0F718F,F0DE4E76D1FBADA597C133FABD00AA04
SRR7120130,2018-05-10 00:06:34,2018-05-04 16:55:41,88892742,22400970984,88892742,252,8526,GCF_000002285.3,https://sra-downloadb.be-md.ncbi.nlm.nih.gov/sos12/sra-pub-zq-1214/SRR007/120/SRR7120130.sralite.1,SRX4041757,BerneseMountainDog05,WGS,RANDOM,GENOMIC,PAIRED,0,0,ILLUMINA,Illumina HiSeq 2500,SRP144493,PRJNA448733,,448733,SRS3259227,SAMN08872869,simple,9615,Canis lupus familiaris,BerneseMountainDog05,,,,,female,,no,,,,,NHGRI,SRA699439,,public,8BCD628EBB12DA2644232AB705E8DD3C,B771F159DEC8141E500D4EE700B8C464
SRR7120131,2018-05-10 00:06:34,2018-05-04 16:51:04,72648616,18307451232,72648616,252,6926,GCF_000002285.3,https://sra-downloadb.be-md.ncbi.nlm.nih.gov/sos12/sra-pub-zq-1214/SRR007/120/SRR7120131.sralite.1,SRX4041758,BerneseMountainDog06,WGS,RANDOM,GENOMIC,PAIRED,0,0,ILLUMINA,Illumina HiSeq 2500,SRP144493,PRJNA448733,,448733,SRS3259228,SAMN08872870,simple,9615,Canis lupus familiaris,BerneseMountainDog06,,,,,female,,no,,,,,NHGRI,SRA699439,,public,4B20F73EB2E0972BB04849D469859BA4,67732BA519C39E583CE7267E41C25A21
SRR7120132,2018-05-10 00:06:34,2018-05-04 16:59:08,82842055,20876197860,82842055,252,7905,GCF_000002285.3,https://sra-downloadb.be-md.ncbi.nlm.nih.gov/sos12/sra-pub-zq-1214/SRR007/120/SRR7120132.sralite.1,SRX4041759,BerneseMountainDog07,WGS,RANDOM,GENOMIC,PAIRED,0,0,ILLUMINA,Illumina HiSeq 2500,SRP144493,PRJNA448733,,448733,SRS3259229,SAMN08872871,simple,9615,Canis lupus familiaris,BerneseMountainDog07,,,,,female,,no,,,,,NHGRI,SRA699439,,public,FC9535A06197BCA52E836F8241C053C9,49F76C8338072AA8162659CA2F995C2C
SRR7120133,2018-05-10 00:06:34,2018-05-04 16:54:44,82187366,20711216232,82187366,252,7496,GCF_000002285.3,https://sra-downloadb.be-md.ncbi.nlm.nih.gov/sos12/sra-pub-zq-1214/SRR007/120/SRR7120133.sralite.1,SRX4041760,BerneseMountainDog08,WGS,RANDOM,GENOMIC,PAIRED,0,0,ILLUMINA,Illumina HiSeq 2500,SRP144493,PRJNA448733,,448733,SRS3259230,SAMN08872872,simple,9615,Canis lupus familiaris,BerneseMountainDog08,,,,,female,,no,,,,,NHGRI,SRA699439,,public,BDA88BC6B9BA4FF9042EB13DF5778B18,7EA6BB1E6F6567E4F7493565A9E012A2
SRR7120134,2018-05-10 00:06:34,2018-05-04 17:01:18,91555435,23071969620,91555435,252,9031,GCF_000002285.3,https://sra-downloadb.be-md.ncbi.nlm.nih.gov/sos12/sra-pub-zq-1214/SRR007/120/SRR7120134.sralite.1,SRX4041761,BerneseMountainDog09,WGS,RANDOM,GENOMIC,PAIRED,0,0,ILLUMINA,Illumina HiSeq 2500,SRP144493,PRJNA448733,,448733,SRS3259231,SAMN08872873,simple,9615,Canis lupus familiaris,BerneseMountainDog09,,,,,male,,no,,,,,NHGRI,SRA699439,,public,3220D5FC1E1A43A4B87C3B0AE66984CA,89FDB8DD7B300627954E309D8889F666
SRR7120135,2018-05-10 00:06:34,2018-05-04 17:07:03,82714288,20844000576,82714288,252,7735,GCF_000002285.3,https://sra-downloadb.be-md.ncbi.nlm.nih.gov/sos12/sra-pub-zq-1214/SRR007/120/SRR7120135.sralite.1,SRX4041762,BerneseMountainDog10,WGS,RANDOM,GENOMIC,PAIRED,0,0,ILLUMINA,Illumina HiSeq 2500,SRP144493,PRJNA448733,,448733,SRS3259232,SAMN08872874,simple,9615,Canis lupus familiaris,BerneseMountainDog10,,,,,female,,no,,,,,NHGRI,SRA699439,,public,0AB835B403E802437F7715BFAE231B77,BCA02D7008DDECBA908EF522CEB97F79
SRR7120136,2018-05-10 00:06:34,2018-05-04 17:06:47,107801798,27166053096,107801798,252,10247,GCF_000002285.3,https://sra-downloadb.be-md.ncbi.nlm.nih.gov/sos12/sra-pub-zq-1214/SRR007/120/SRR7120136.sralite.1,SRX4041763,BerneseMountainDog11,WGS,RANDOM,GENOMIC,PAIRED,0,0,ILLUMINA,Illumina HiSeq 2500,SRP144493,PRJNA448733,,448733,SRS3259233,SAMN08872875,simple,9615,Canis lupus familiaris,BerneseMountainDog11,,,,,male,,no,,,,,NHGRI,SRA699439,,public,1ABC825B19C3DD293EAB09FF2BE27C7C,6C24B92B4C620CB14C2B3C620FB51302
SRR7120137,2018-05-10 00:06:34,2018-05-04 17:06:16,102174183,25747894116,102174183,252,9446,GCF_000002285.3,https://sra-downloadb.be-md.ncbi.nlm.nih.gov/sos12/sra-pub-zq-1214/SRR007/120/SRR7120137.sralite.1,SRX4041764,BerneseMountainDog12,WGS,RANDOM,GENOMIC,PAIRED,0,0,ILLUMINA,Illumina HiSeq 2500,SRP144493,PRJNA448733,,448733,SRS3259234,SAMN08872876,simple,9615,Canis lupus familiaris,BerneseMountainDog12,,,,,female,,no,,,,,NHGRI,SRA699439,,public,96F15DA95014A12A9B3BA5207D6D0DDE,FAF45E1FA97CAAF6D29E55DA49CD48CF
SRR7120138,2018-05-10 00:06:34,2018-05-04 16:59:29,81801551,20613990852,81801551,252,7728,GCF_000002285.3,https://sra-downloadb.be-md.ncbi.nlm.nih.gov/sos12/sra-pub-zq-1214/SRR007/120/SRR7120138.sralite.1,SRX4041765,BerneseMountainDog13,WGS,RANDOM,GENOMIC,PAIRED,0,0,ILLUMINA,Illumina HiSeq 2500,SRP144493,PRJNA448733,,448733,SRS3259235,SAMN08872877,simple,9615,Canis lupus familiaris,BerneseMountainDog13,,,,,female,,no,,,,,NHGRI,SRA699439,,public,056B880D448552C075DF8D3600908660,0FD1F8D0AC3F0D17445CFEBDBB03DAD1
SRR7120139,2018-05-10 00:06:34,2018-05-04 17:04:31,107437996,27074374992,107437996,252,10226,GCF_000002285.3,https://sra-downloadb.be-md.ncbi.nlm.nih.gov/sos12/sra-pub-zq-1214/SRR007/120/SRR7120139.sralite.1,SRX4041766,BerneseMountainDog14,WGS,RANDOM,GENOMIC,PAIRED,0,0,ILLUMINA,Illumina HiSeq 2500,SRP144493,PRJNA448733,,448733,SRS3259236,SAMN08872878,simple,9615,Canis lupus familiaris,BerneseMountainDog14,,,,,female,,no,,,,,NHGRI,SRA699439,,public,414E691D5CAA4281D5BE1EB07FE4E1A6,2E75667EF0B1E96625D443079597B843
SRR7120140,2018-05-10 00:06:34,2018-05-04 16:55:37,83133874,20949736248,83133874,252,7870,GCF_000002285.3,https://sra-downloadb.be-md.ncbi.nlm.nih.gov/sos12/sra-pub-zq-1214/SRR007/120/SRR7120140.sralite.1,SRX4041767,BerneseMountainDog15,WGS,RANDOM,GENOMIC,PAIRED,0,0,ILLUMINA,Illumina HiSeq 2500,SRP144493,PRJNA448733,,448733,SRS3259237,SAMN08872879,simple,9615,Canis lupus familiaris,BerneseMountainDog15,,,,,male,,no,,,,,NHGRI,SRA699439,,public,E1E0E194A3609C1B47738B7991758317,B93111E4134E0CABEABC99CAEDEFA642
SRR7120141,2018-05-10 00:06:34,2018-05-04 16:57:23,96031793,24200011836,96031793,252,9085,GCF_000002285.3,https://sra-downloadb.be-md.ncbi.nlm.nih.gov/sos12/sra-pub-zq-1214/SRR007/120/SRR7120141.sralite.1,SRX4041768,BerneseMountainDog16,WGS,RANDOM,GENOMIC,PAIRED,0,0,ILLUMINA,Illumina HiSeq 2500,SRP144493,PRJNA448733,,448733,SRS3259238,SAMN08872880,simple,9615,Canis lupus familiaris,BerneseMountainDog16,,,,,female,,no,,,,,NHGRI,SRA699439,,public,C513BF6081382B4A6FDDABB9FA9BB3E2,9C5FCE987E57FAC17624CF232EEABAFE
SRR7120142,2018-05-10 00:06:34,2018-05-04 16:59:55,75736153,19085510556,75736153,252,7357,GCF_000002285.3,https://sra-downloadb.be-md.ncbi.nlm.nih.gov/sos12/sra-pub-zq-1214/SRR007/120/SRR7120142.sralite.1,SRX4041769,BerneseMountainDog17,WGS,RANDOM,GENOMIC,PAIRED,0,0,ILLUMINA,Illumina HiSeq 2500,SRP144493,PRJNA448733,,448733,SRS3259239,SAMN08872881,simple,9615,Canis lupus familiaris,BerneseMountainDog17,,,,,female,,no,,,,,NHGRI,SRA699439,,public,05C8C8C4F8069ADBB9FBA4B94F873FEB,193BBFC13922B1B7A4CA8F0C8503F8B1
SRR7120143,2018-05-10 00:06:34,2018-05-04 17:10:14,129291330,32581415160,129291330,252,11940,GCF_000002285.3,https://sra-downloadb.be-md.ncbi.nlm.nih.gov/sos12/sra-pub-zq-1214/SRR007/120/SRR7120143.sralite.1,SRX4041770,BerneseMountainDog18,WGS,RANDOM,GENOMIC,PAIRED,0,0,ILLUMINA,Illumina HiSeq 2500,SRP144493,PRJNA448733,,448733,SRS3259240,SAMN08872882,simple,9615,Canis lupus familiaris,BerneseMountainDog18,,,,,female,,no,,,,,NHGRI,SRA699439,,public,1DEB33E71F5D2D8DF9F84954A0746A3C,4747836727FAB8A2661C9201AB7DCB6F
SRR7120144,2018-05-12 00:06:37,2018-05-05 03:16:34,502346076,126591211152,502346076,252,48966,GCF_000002285.3,https://sra-downloadb.be-md.ncbi.nlm.nih.gov/sos12/sra-pub-zq-1214/SRR007/120/SRR7120144.sralite.1,SRX4041771,Borzoi01,WGS,RANDOM,GENOMIC,PAIRED,0,0,ILLUMINA,Illumina HiSeq 2500,SRP144493,PRJNA448733,,448733,SRS3259241,SAMN08872905,simple,9615,Canis lupus familiaris,Borzoi01,,,,,female,,no,,,,,NHGRI,SRA699439,,public,D3801F9BFDA94E35CB7A5E0F3ADBC9EC,0C25A6F170F3358581F25DFCF85A9DBD
SRR7120145,2018-05-10 00:06:34,2018-05-04 21:40:30,525385445,132397132140,525385445,252,51390,GCF_000002285.3,https://sra-downloadb.be-md.ncbi.nlm.nih.gov/sos12/sra-pub-zq-1214/SRR007/120/SRR7120145.sralite.1,SRX4041772,BostonTerrier01,WGS,RANDOM,GENOMIC,PAIRED,0,0,ILLUMINA,Illumina HiSeq 2500,SRP144493,PRJNA448733,,448733,SRS3259242,SAMN08872906,simple,9615,Canis lupus familiaris,BostonTerrier01,,,,,female,,no,,,,,NHGRI,SRA699439,,public,60BCB70B1BBE46C33655F692BE0B1724,5BDA6555E7F954631796EDE1068031E4
SRR7120146,2018-05-10 00:06:34,2018-05-04 21:20:46,611487010,154094726520,611487010,252,62240,GCF_000002285.3,https://sra-downloadb.be-md.ncbi.nlm.nih.gov/sos12/sra-pub-zq-1214/SRR007/120/SRR7120146.sralite.1,SRX4041773,BouvierDesFlandres01,WGS,RANDOM,GENOMIC,PAIRED,0,0,ILLUMINA,Illumina HiSeq 2500,SRP144493,PRJNA448733,,448733,SRS3259243,SAMN08872908,simple,9615,Canis lupus familiaris,BouvierDesFlandres01,,,,,female,,no,,,,,NHGRI,SRA699439,,public,B1D3552B21A12F1835DD2604C1086A2E,D1FB7B260DCEE29CEEBECB89B7442150
SRR7120147,2018-05-10 00:06:34,2018-05-04 17:48:52,209499626,52793905752,209499626,252,20682,GCF_000002285.3,https://sra-downloadb.be-md.ncbi.nlm.nih.gov/sos12/sra-pub-zq-1214/SRR007/120/SRR7120147.sralite.1,SRX4041774,BouvierDesFlandres02,WGS,RANDOM,GENOMIC,PAIRED,0,0,ILLUMINA,Illumina HiSeq 2500,SRP144493,PRJNA448733,,448733,SRS3259244,SAMN08872909,simple,9615,Canis lupus familiaris,BouvierDesFlandres02,,,,,male,,no,,,,,NHGRI,SRA699439,,public,BB8DCC4697BCDA66CEF3187D25508E63,16B95C3D13168324C866809B71BEF706
SRR7120148,2018-05-10 00:06:34,2018-05-04 21:22:09,451206233,91143659066,451206233,202,35457,GCF_000002285.3,https://sra-downloadb.be-md.ncbi.nlm.nih.gov/sos12/sra-pub-zq-1214/SRR007/120/SRR7120148.sralite.1,SRX4041775,BullTerrier01,WGS,RANDOM,GENOMIC,PAIRED,0,0,ILLUMINA,Illumina HiSeq 2500,SRP144493,PRJNA448733,,448733,SRS3259245,SAMN08872913,simple,9615,Canis lupus familiaris,BullTerrier01,,,,,female,,no,,,,,NHGRI,SRA699439,,public,56E2685EFF85834807E221FCF4425DA7,3DE25B99C802CEDAB316FA24D341C3FB
SRR7120149,2018-05-12 00:06:37,2018-05-04 23:57:54,495923345,100176515690,495923345,202,39313,GCF_000002285.3,https://sra-downloadb.be-md.ncbi.nlm.nih.gov/sos12/sra-pub-zq-1214/SRR007/120/SRR7120149.sralite.1,SRX4041776,BullTerrier02,WGS,RANDOM,GENOMIC,PAIRED,0,0,ILLUMINA,Illumina HiSeq 2500,SRP144493,PRJNA448733,,448733,SRS3259246,SAMN08872914,simple,9615,Canis lupus familiaris,BullTerrier02,,,,,male,,no,,,,,NHGRI,SRA699439,,public,6CB60001E58CCAD521A6DAB11C35E68E,4A0B199E6105A63BDC068961FB85A219
SRR7120150,2018-05-10 00:06:34,2018-05-04 19:59:45,479420075,120813858900,479420075,252,46823,GCF_000002285.3,https://sra-downloadb.be-md.ncbi.nlm.nih.gov/sos12/sra-pub-zq-1214/SRR007/120/SRR7120150.sralite.1,SRX4041777,BullTerrier03,WGS,RANDOM,GENOMIC,PAIRED,0,0,ILLUMINA,Illumina HiSeq 2500,SRP144493,PRJNA448733,,448733,SRS3259247,SAMN08872915,simple,9615,Canis lupus familiaris,BullTerrier03,,,,,male,,no,,,,,NHGRI,SRA699439,,public,2EDFCE0C06C720B63DCE9D3B30C77CA1,FAAF6576499C1A911E8436C7BF0D6EBD
SRR7120151,2018-05-10 00:06:34,2018-05-04 20:22:46,468371775,118029687300,468371775,252,46171,GCF_000002285.3,https://sra-downloadb.be-md.ncbi.nlm.nih.gov/sos12/sra-pub-zq-1214/SRR007/120/SRR7120151.sralite.1,SRX4041778,BullTerrier04,WGS,RANDOM,GENOMIC,PAIRED,0,0,ILLUMINA,Illumina HiSeq 2500,SRP144493,PRJNA448733,,448733,SRS3259248,SAMN08872916,simple,9615,Canis lupus familiaris,BullTerrier04,,,,,male,,no,,,,,NHGRI,SRA699439,,public,C0D57AE5F4C0A0E195D8AC2471700270,92367885330C637EE213E30385FE9E2B
SRR7120152,2018-05-10 00:06:34,2018-05-04 21:13:58,597352744,150532891488,597352744,252,58356,GCF_000002285.3,https://sra-downloadb.be-md.ncbi.nlm.nih.gov/sos12/sra-pub-zq-1214/SRR007/120/SRR7120152.sralite.1,SRX4041779,BullTerrier05,WGS,RANDOM,GENOMIC,PAIRED,0,0,ILLUMINA,Illumina HiSeq 2500,SRP144493,PRJNA448733,,448733,SRS3259249,SAMN08872917,simple,9615,Canis lupus familiaris,BullTerrier05,,,,,male,,no,,,,,NHGRI,SRA699439,,public,5CE2DE022AA14679E834E99E323F4777,835DD4B714986E9EC39B11F5A324A092
SRR7120153,2018-05-14 00:07:25,2018-05-07 21:44:31,774926384,234027767968,774926384,302,107996,GCF_000002285.3,https://sra-downloadb.be-md.ncbi.nlm.nih.gov/sos12/sra-pub-zq-1214/SRR007/120/SRR7120153.sralite.1,SRX4041780,BullTerrier06,WGS,RANDOM,GENOMIC,PAIRED,0,0,ILLUMINA,Illumina HiSeq 2500,SRP144493,PRJNA448733,,448733,SRS3259250,SAMN08872918,simple,9615,Canis lupus familiaris,BullTerrier06,,,,,female,,no,,,,,NHGRI,SRA699439,,public,D9851244DEB9DE86452DAFEC1EBD127E,2758BE37674E239226CCA868F38EC68E
SRR7120154,2018-05-10 00:06:34,2018-05-04 17:10:08,114026224,23033297248,114026224,202,8968,GCF_000002285.3,https://sra-downloadb.be-md.ncbi.nlm.nih.gov/sos12/sra-pub-zq-1214/SRR007/120/SRR7120154.sralite.1,SRX4041781,BullTerrier07,WGS,RANDOM,GENOMIC,PAIRED,0,0,ILLUMINA,Illumina HiSeq 2500,SRP144493,PRJNA448733,,448733,SRS3259251,SAMN08872919,simple,9615,Canis lupus familiaris,BullTerrier07,,,,,male,,no,,,,,NHGRI,SRA699439,,public,6672FF62B9103A9618404D7CE6B11AF5,858E154A7481C8EF9C25429FB02C1B6E
SRR7120155,2018-05-10 00:06:34,2018-05-04 17:29:49,125950302,25441961004,125950302,202,10026,GCF_000002285.3,https://sra-downloadb.be-md.ncbi.nlm.nih.gov/sos12/sra-pub-zq-1214/SRR007/120/SRR7120155.sralite.1,SRX4041782,BullTerrier08,WGS,RANDOM,GENOMIC,PAIRED,0,0,ILLUMINA,Illumina HiSeq 2500,SRP144493,PRJNA448733,,448733,SRS3259252,SAMN08872920,simple,9615,Canis lupus familiaris,BullTerrier08,,,,,male,,no,,,,,NHGRI,SRA699439,,public,D71397755C780E2C35747B92D2603BCB,E8FD794E7A651C04266221F94EA5805C
SRR7120156,2018-05-15 06:24:40,2018-05-09 21:41:49,402808414,101507720328,402808414,252,39118,GCF_000002285.3,https://sra-downloadb.be-md.ncbi.nlm.nih.gov/sos12/sra-pub-zq-1214/SRR007/120/SRR7120156.sralite.1,SRX4041783,CarolinaDog01,WGS,RANDOM,GENOMIC,PAIRED,0,0,ILLUMINA,Illumina HiSeq 2500,SRP144493,PRJNA448733,,448733,SRS3259253,SAMN08872926,simple,9615,Canis lupus familiaris,CarolinaDog01,,,,,female,,no,,,,,NHGRI,SRA699439,,public,6F2EFAD4A7A527608E816017AEF2C674,DDD51B6297B9E5724A153F36A39F7039
SRR7120160,2018-05-10 00:06:34,2018-05-04 18:33:34,284634079,85533060795,284634079,300,35881,GCF_000002285.3,https://sra-downloadb.be-md.ncbi.nlm.nih.gov/sos12/sra-pub-zq-1214/SRR007/120/SRR7120160.sralite.1,SRX4041787,140447_S11,WGS,RANDOM,GENOMIC,PAIRED,0,0,ILLUMINA,Illumina HiSeq 2500,SRP144493,PRJNA448733,,448733,SRS3259257,SAMN08873033,simple,9615,Canis lupus familiaris,140447_S11,,,,,male,,no,,,,,NHGRI,SRA699439,,public,79CD965A80078B2BCE2C42D8F57D4E4A,4462C733266CDF04414C8A0F253FC19C
SRR7120161,2018-05-10 00:06:34,2018-05-04 19:25:51,233619311,70191581386,233619311,300,28419,GCF_000002285.3,https://sra-downloadb.be-md.ncbi.nlm.nih.gov/sos12/sra-pub-zq-1214/SRR007/120/SRR7120161.sralite.1,SRX4041788,164612_S9,WGS,RANDOM,GENOMIC,PAIRED,0,0,ILLUMINA,Illumina HiSeq 2500,SRP144493,PRJNA448733,,448733,SRS3259258,SAMN08873034,simple,9615,Canis lupus familiaris,164612_S9,,,,,male,,no,,,,,NHGRI,SRA699439,,public,5423BD968789093A463E5DE31033A000,CB1729E7F63795993EA50AC2EBEB2EFD
SRR7120157,2018-05-14 00:07:25,2018-05-07 10:22:04,418230155,84482491310,418230155,202,33949,GCF_000002285.3,https://sra-downloadb.be-md.ncbi.nlm.nih.gov/sos12/sra-pub-zq-1214/SRR007/120/SRR7120157.sralite.1,SRX4041784,Dalmatian01,WGS,RANDOM,GENOMIC,PAIRED,0,0,ILLUMINA,Illumina HiSeq 2500,SRP144493,PRJNA448733,,448733,SRS3259254,SAMN08872976,simple,9615,Canis lupus familiaris,Dalmatian01,,,,,female,,no,,,,,NHGRI,SRA699439,,public,84DFC79AF757DBBCD73928034063872C,82A686EAD7BE1CB792ACA1732E80F858
SRR7120158,2018-05-14 00:07:25,2018-05-07 17:59:54,410367234,103412542968,410367234,252,40187,GCF_000002285.3,https://sra-downloadb.be-md.ncbi.nlm.nih.gov/sos12/sra-pub-zq-1214/SRR007/120/SRR7120158.sralite.1,SRX4041785,FlatcoatedRetriever03,WGS,RANDOM,GENOMIC,PAIRED,0,0,ILLUMINA,Illumina HiSeq 2500,SRP144493,PRJNA448733,,448733,SRS3259255,SAMN08873011,simple,9615,Canis lupus familiaris,FlatcoatedRetriever03,,,,,female,,no,,,,,NHGRI,SRA699439,,public,631A4C899BC7BEDD32C022B8DEB69C6F,0FAF3F5DEEB03587CB19E4263E036067
SRR7120159,2018-05-14 00:07:25,2018-05-07 17:52:53,408736297,103001546844,408736297,252,39376,GCF_000002285.3,https://sra-downloadb.be-md.ncbi.nlm.nih.gov/sos12/sra-pub-zq-1214/SRR007/120/SRR7120159.sralite.1,SRX4041786,FonniDog01,WGS,RANDOM,GENOMIC,PAIRED,0,0,ILLUMINA,Illumina HiSeq 2500,SRP144493,PRJNA448733,,448733,SRS3259256,SAMN08873012,simple,9615,Canis lupus familiaris,FonniDog01,,,,,female,,no,,,,,NHGRI,SRA699439,,public,4A4AC41374473A68DC2BB8CFAE661829,83868BC2C273E663C4DA8C2D3B58ADAB
SRR7120162,2018-05-10 00:06:34,2018-05-04 18:56:03,283125731,85073298122,283125731,300,34929,GCF_000002285.3,https://sra-downloadb.be-md.ncbi.nlm.nih.gov/sos12/sra-pub-zq-1214/SRR007/120/SRR7120162.sralite.1,SRX4041789,172384_S14,WGS,RANDOM,GENOMIC,PAIRED,0,0,ILLUMINA,Illumina HiSeq 2500,SRP144493,PRJNA448733,,448733,SRS3259259,SAMN08873035,simple,9615,Canis lupus familiaris,172384_S14,,,,,female,,no,,,,,NHGRI,SRA699439,,public,DAF05140A43A2EAF40433D3DD9752755,6FF327FC193EC9C871157194D4B333FA
SRR7120163,2018-05-10 00:06:34,2018-05-04 18:38:11,289573542,86972083180,289573542,300,35609,GCF_000002285.3,https://sra-downloadb.be-md.ncbi.nlm.nih.gov/sos12/sra-pub-zq-1214/SRR007/120/SRR7120163.sralite.1,SRX4041790,173006_S10,WGS,RANDOM,GENOMIC,PAIRED,0,0,ILLUMINA,Illumina HiSeq 2500,SRP144493,PRJNA448733,,448733,SRS3259260,SAMN08873036,simple,9615,Canis lupus familiaris,173006_S10,,,,,female,,no,,,,,NHGRI,SRA699439,,public,6CC1A12CB6D2AEFEE1189D1283D2B017,0A78E7CE3588DC0F78AAB4C5BFDC21CA
SRR7120164,2018-05-10 00:06:34,2018-05-04 18:43:23,261200957,78491737312,261200957,300,32397,GCF_000002285.3,https://sra-downloadb.be-md.ncbi.nlm.nih.gov/sos12/sra-pub-zq-1214/SRR007/120/SRR7120164.sralite.1,SRX4041791,175885_S12,WGS,RANDOM,GENOMIC,PAIRED,0,0,ILLUMINA,Illumina HiSeq 2500,SRP144493,PRJNA448733,,448733,SRS3259261,SAMN08873037,simple,9615,Canis lupus familiaris,175885_S12,,,,,female,,no,,,,,NHGRI,SRA699439,,public,A451472EED9E4DEAFF6DFF766DA6EA81,68FB8795AA137E3796C43B9953E2F83B
SRR7120165,2018-05-12 00:06:37,2018-05-04 23:46:53,262960690,78992609021,262960690,300,31940,GCF_000002285.3,https://sra-downloadb.be-md.ncbi.nlm.nih.gov/sos12/sra-pub-zq-1214/SRR007/120/SRR7120165.sralite.1,SRX4041792,91072_S13,WGS,RANDOM,GENOMIC,PAIRED,0,0,ILLUMINA,Illumina HiSeq 2500,SRP144493,PRJNA448733,,448733,SRS3259262,SAMN08873038,simple,9615,Canis lupus familiaris,91072_S13,,,,,female,,no,,,,,NHGRI,SRA699439,,public,098510E4C74553DEE1EEECED0824E186,5AEFFF84963A7753927073CED7E2CC58
SRR7120166,2018-05-14 00:07:25,2018-05-08 09:06:25,401064395,101068227540,401064395,252,39245,GCF_000002285.3,https://sra-downloadb.be-md.ncbi.nlm.nih.gov/sos12/sra-pub-zq-1214/SRR007/120/SRR7120166.sralite.1,SRX4041793,GreaterSwissMountainDog01,WGS,RANDOM,GENOMIC,PAIRED,0,0,ILLUMINA,Illumina HiSeq 2500,SRP144493,PRJNA448733,,448733,SRS3259263,SAMN08873062,simple,9615,Canis lupus familiaris,GreaterSwissMountainDog01,,,,,male,,no,,,,,NHGRI,SRA699439,,public,8E73BF4E4C031C7B090C8EDBD59A46C1,8CC9B4EA6812169A878D89973EA875A6
SRR7120167,2018-05-14 00:07:25,2018-05-07 18:03:00,456876706,115132929912,456876706,252,44288,GCF_000002285.3,https://sra-downloadb.be-md.ncbi.nlm.nih.gov/sos12/sra-pub-zq-1214/SRR007/120/SRR7120167.sralite.1,SRX4041794,IrishSetter01,WGS,RANDOM,GENOMIC,PAIRED,0,0,ILLUMINA,Illumina HiSeq 2500,SRP144493,PRJNA448733,,448733,SRS3259264,SAMN08873112,simple,9615,Canis lupus familiaris,IrishSetter01,,,,,female,,no,,,,,NHGRI,SRA699439,,public,CBAF9352AE8C077ADA02767588B97F70,EBA74080A24749DFA958669CEF92189B
SRR7120168,2018-05-14 00:07:25,2018-05-07 15:34:03,541579840,136478119680,541579840,252,50577,GCF_000002285.3,https://sra-downloadb.be-md.ncbi.nlm.nih.gov/sos12/sra-pub-zq-1214/SRR007/120/SRR7120168.sralite.1,SRX4041795,IrishWaterSpaniel01,WGS,RANDOM,GENOMIC,PAIRED,0,0,ILLUMINA,Illumina HiSeq 2500,SRP144493,PRJNA448733,,448733,SRS3259265,SAMN08873115,simple,9615,Canis lupus familiaris,IrishWaterSpaniel01,,,,,female,,no,,,,,NHGRI,SRA699439,,public,08D86463D930EE44D6BE9490355E756D,83308A48B0E402D45C1994B88E779900
SRR7120169,2018-05-14 00:07:25,2018-05-07 12:13:20,522195385,131593237020,522195385,252,48682,GCF_000002285.3,https://sra-downloadb.be-md.ncbi.nlm.nih.gov/sos12/sra-pub-zq-1214/SRR007/120/SRR7120169.sralite.1,SRX4041796,IrishWaterSpaniel02,WGS,RANDOM,GENOMIC,PAIRED,0,0,ILLUMINA,Illumina HiSeq 2500,SRP144493,PRJNA448733,,448733,SRS3259266,SAMN08873116,simple,9615,Canis lupus familiaris,IrishWaterSpaniel02,,,,,male,,no,,,,,NHGRI,SRA699439,,public,3E498C211B8DD3684F49F3AB507E6071,D5FA840B10D4021C30C546C44A6A8BE1
SRR7120170,2018-05-14 00:07:25,2018-05-07 11:23:48,515929950,130014347400,515929950,252,50586,GCF_000002285.3,https://sra-downloadb.be-md.ncbi.nlm.nih.gov/sos12/sra-pub-zq-1214/SRR007/120/SRR7120170.sralite.1,SRX4041797,IrishWaterSpaniel03,WGS,RANDOM,GENOMIC,PAIRED,0,0,ILLUMINA,Illumina HiSeq 2500,SRP144493,PRJNA448733,,448733,SRS3259267,SAMN08873117,simple,9615,Canis lupus familiaris,IrishWaterSpaniel03,,,,,female,,no,,,,,NHGRI,SRA699439,,public,78E124137D49356CADC12B0CE23A92F2,AC6377027D0C75A60F9A876F3F3A40DA
SRR7120171,2018-05-16 00:07:03,2018-05-10 01:06:01,429007696,108109939392,429007696,252,40313,GCF_000002285.3,https://sra-downloadb.be-md.ncbi.nlm.nih.gov/sos12/sra-pub-zq-1214/SRR007/120/SRR7120171.sralite.1,SRX4041798,Keeshond01,WGS,RANDOM,GENOMIC,PAIRED,0,0,ILLUMINA,Illumina HiSeq 2500,SRP144493,PRJNA448733,,448733,SRS3259268,SAMN08873128,simple,9615,Canis lupus familiaris,Keeshond01,,,,,female,,no,,,,,NHGRI,SRA699439,,public,AE2B940C3EFFB356419C86F5977A98E1,70783205D5A20CC440D5AAE6B7D98FFC
SRR7120172,2018-05-16 00:07:03,2018-05-10 01:34:43,481519079,121342807908,481519079,252,45185,GCF_000002285.3,https://sra-downloadb.be-md.ncbi.nlm.nih.gov/sos12/sra-pub-zq-1214/SRR007/120/SRR7120172.sralite.1,SRX4041799,Komondor01,WGS,RANDOM,GENOMIC,PAIRED,0,0,ILLUMINA,Illumina HiSeq 2500,SRP144493,PRJNA448733,,448733,SRS3259269,SAMN08873130,simple,9615,Canis lupus familiaris,Komondor01,,,,,male,,no,,,,,NHGRI,SRA699439,,public,5904F7D4DFDD19D5FAA54D130C56DC05,55CC75006513E423CE912D4DC06B8416
SRR7120173,2018-05-15 06:24:40,2018-05-09 20:11:16,195693495,39138699000,195693495,200,14572,GCF_000002285.3,https://sra-downloadb.be-md.ncbi.nlm.nih.gov/sos12/sra-pub-zq-1214/SRR007/120/SRR7120173.sralite.1,SRX4041800,LabradorRetriever13,WGS,RANDOM,GENOMIC,PAIRED,0,0,ILLUMINA,Illumina HiSeq 2500,SRP144493,PRJNA448733,,448733,SRS3259270,SAMN08873139,simple,9615,Canis lupus familiaris,LabradorRetriever13,,,,,female,,no,,,,,NHGRI,SRA699439,,public,93664F1B0194BF53257991453E2806DF,FA7B9F24C06FF00452DF82E73966CC95
SRR7120174,2018-05-10 00:06:35,2018-05-04 18:35:33,266129639,79943156404,266129639,300,32705,GCF_000002285.3,https://sra-downloadb.be-md.ncbi.nlm.nih.gov/sos12/sra-pub-zq-1214/SRR007/120/SRR7120174.sralite.1,SRX4041801,149323_S6,WGS,RANDOM,GENOMIC,PAIRED,0,0,ILLUMINA,Illumina HiSeq 2500,SRP144493,PRJNA448733,,448733,SRS3259271,SAMN08873141,simple,9615,Canis lupus familiaris,149323_S6,,,,,female,,no,,,,,NHGRI,SRA699439,,public,A1898DC6C8438E003E7AB5588E547EC7,8028AD747FC1BB607B86EFCDDCA63B14
SRR7120175,2018-05-10 00:06:35,2018-05-04 20:43:00,272468409,81816056324,272468409,300,33452,GCF_000002285.3,https://sra-downloadb.be-md.ncbi.nlm.nih.gov/sos12/sra-pub-zq-1214/SRR007/120/SRR7120175.sralite.1,SRX4041802,152721_S5,WGS,RANDOM,GENOMIC,PAIRED,0,0,ILLUMINA,Illumina HiSeq 2500,SRP144493,PRJNA448733,,448733,SRS3259272,SAMN08873142,simple,9615,Canis lupus familiaris,152721_S5,,,,,female,,no,,,,,NHGRI,SRA699439,,public,96FA7E838BF066B285746A9E2414627B,71B7872097C582304A7DACD83FC342F1
SRR7120176,2018-05-10 00:06:35,2018-05-04 18:29:59,277024254,83224926656,277024254,300,33805,GCF_000002285.3,https://sra-downloadb.be-md.ncbi.nlm.nih.gov/sos12/sra-pub-zq-1214/SRR007/120/SRR7120176.sralite.1,SRX4041803,160822_S4,WGS,RANDOM,GENOMIC,PAIRED,0,0,ILLUMINA,Illumina HiSeq 2500,SRP144493,PRJNA448733,,448733,SRS3259273,SAMN08873143,simple,9615,Canis lupus familiaris,160822_S4,,,,,female,,no,,,,,NHGRI,SRA699439,,public,ED22BC4DD9610BEE426A007C303EBF52,E83BC9BA7A561DF7FA468B9601E7254C
SRR7120177,2018-05-10 00:06:35,2018-05-04 18:56:22,293004490,88020463043,293004490,300,35648,GCF_000002285.3,https://sra-downloadb.be-md.ncbi.nlm.nih.gov/sos12/sra-pub-zq-1214/SRR007/120/SRR7120177.sralite.1,SRX4041804,172281_S2,WGS,RANDOM,GENOMIC,PAIRED,0,0,ILLUMINA,Illumina HiSeq 2500,SRP144493,PRJNA448733,,448733,SRS3259274,SAMN08873144,simple,9615,Canis lupus familiaris,172281_S2,,,,,male,,no,,,,,NHGRI,SRA699439,,public,E00840D40AD3CA4A5793BC2102AA57B6,CE9864C91A214511263C1AF6D03D2994
SRR7120178,2018-05-10 00:06:35,2018-05-04 18:16:38,239351226,71893964000,239351226,300,29412,GCF_000002285.3,https://sra-downloadb.be-md.ncbi.nlm.nih.gov/sos12/sra-pub-zq-1214/SRR007/120/SRR7120178.sralite.1,SRX4041805,172724_S8,WGS,RANDOM,GENOMIC,PAIRED,0,0,ILLUMINA,Illumina HiSeq 2500,SRP144493,PRJNA448733,,448733,SRS3259275,SAMN08873145,simple,9615,Canis lupus familiaris,172724_S8,,,,,male,,no,,,,,NHGRI,SRA699439,,public,6402427E6C63E6E68D49DD9C3233FEB0,8414EDBBC789465DB8B8E7A622CCF532
SRR7120179,2018-05-10 00:06:35,2018-05-04 19:17:59,254549051,76453530646,254549051,300,31703,GCF_000002285.3,https://sra-downloadb.be-md.ncbi.nlm.nih.gov/sos12/sra-pub-zq-1214/SRR007/120/SRR7120179.sralite.1,SRX4041806,173486_S3,WGS,RANDOM,GENOMIC,PAIRED,0,0,ILLUMINA,Illumina HiSeq 2500,SRP144493,PRJNA448733,,448733,SRS3259276,SAMN08873146,simple,9615,Canis lupus familiaris,173486_S3,,,,,male,,no,,,,,NHGRI,SRA699439,,public,4D825245E63E800989B2F9C07A4187BE,B974F667BCA8EF125DCF4098287014F0
SRR7120180,2018-06-13 00:07:02,2018-06-07 15:51:55,248922875,74755385187,248922875,300,29520,GCF_000002285.3,https://sra-downloadb.be-md.ncbi.nlm.nih.gov/sos12/sra-pub-zq-1214/SRR007/120/SRR7120180.sralite.1,SRX4041807,87125_S1,WGS,RANDOM,GENOMIC,PAIRED,0,0,ILLUMINA,Illumina HiSeq 2500,SRP144493,PRJNA448733,,448733,SRS3259277,SAMN08873147,simple,9615,Canis lupus familiaris,87125_S1,,,,,male,,no,,,,,NHGRI,SRA699439,,public,45FFA32FF12049AA703D7B891A93AC67,3337FDB17B020014C593680103E73BF5
SRR7120181,2018-05-10 00:06:35,2018-05-04 19:24:33,246040112,73894809607,246040112,300,29995,GCF_000002285.3,https://sra-downloadb.be-md.ncbi.nlm.nih.gov/sos12/sra-pub-zq-1214/SRR007/120/SRR7120181.sralite.1,SRX4041808,91317_S7,WGS,RANDOM,GENOMIC,PAIRED,0,0,ILLUMINA,Illumina HiSeq 2500,SRP144493,PRJNA448733,,448733,SRS3259278,SAMN08873148,simple,9615,Canis lupus familiaris,91317_S7,,,,,male,,no,,,,,NHGRI,SRA699439,,public,CDC5DCD171BE1FA88DD63DE923BD098A,F6F8DDBA6D106DA77EBF0CDE8B13ACD3
SRR7120186,2018-05-10 00:06:35,2018-05-04 17:44:40,217477588,43495517600,217477588,200,16616,GCF_000002285.3,https://sra-downloadb.be-md.ncbi.nlm.nih.gov/sos12/sra-pub-zq-1214/SRR007/120/SRR7120186.sralite.1,SRX4041813,BAN00024,WGS,RANDOM,GENOMIC,PAIRED,0,0,ILLUMINA,Illumina HiSeq 2500,SRP144493,PRJNA448733,,448733,SRS3259283,SAMN08873174,simple,9615,Canis lupus familiaris,BAN00024,,,,,male,,no,,,,,NHGRI,SRA699439,,public,FD146C39806A758666D90342F7EBF299,FCB27544F601AA866A67557942CDD668
SRR7120183,2018-05-10 00:06:35,2018-05-04 17:34:50,190217150,38043430000,190217150,200,14065,GCF_000002285.3,https://sra-downloadb.be-md.ncbi.nlm.nih.gov/sos12/sra-pub-zq-1214/SRR007/120/SRR7120183.sralite.1,SRX4041810,LR04989,WGS,RANDOM,GENOMIC,PAIRED,0,0,ILLUMINA,Illumina HiSeq 2500,SRP144493,PRJNA448733,,448733,SRS3259280,SAMN08873160,simple,9615,Canis lupus familiaris,LR04989,,,,,male,,no,,,,,NHGRI,SRA699439,,public,64FDA14FB773C82759BA629EFE4BACF5,0D50B53F0FF5840BC36C4ED134A85132
SRR7120182,2018-05-16 00:07:04,2018-05-10 02:08:13,486386586,99648156084,486386586,204,39869,GCF_000002285.3,https://sra-downloadb.be-md.ncbi.nlm.nih.gov/sos12/sra-pub-zq-1214/SRR007/120/SRR7120182.sralite.1,SRX4041809,LabradorRetriever06,WGS,RANDOM,GENOMIC,PAIRED,0,0,ILLUMINA,Illumina HiSeq 2500,SRP144493,PRJNA448733,,448733,SRS3259279,SAMN08873155,simple,9615,Canis lupus familiaris,LabradorRetriever06,,,,,male,,no,,,,,NHGRI,SRA699439,,public,8EA0C7476E72FDED2A658982E4944CAA,C3480F80D3C8C3FFC666F80FF9A312C4
SRR7120184,2018-05-10 00:06:35,2018-05-04 19:31:53,214524026,42904805200,214524026,200,17120,GCF_000002285.3,https://sra-downloadb.be-md.ncbi.nlm.nih.gov/sos12/sra-pub-zq-1214/SRR007/120/SRR7120184.sralite.1,SRX4041811,PER00167,WGS,RANDOM,GENOMIC,PAIRED,0,0,ILLUMINA,Illumina HiSeq 2500,SRP144493,PRJNA448733,,448733,SRS3259281,SAMN08873161,simple,9615,Canis lupus familiaris,PER00167,,,,,male,,no,,,,,NHGRI,SRA699439,,public,B8233C052D89CAA3224598859956A088,BCF129EC6369EAEB4451CB63ECEAD725
SRR7120185,2018-05-10 00:06:35,2018-05-04 18:01:33,179646027,35929205400,179646027,200,14446,GCF_000002285.3,https://sra-downloadb.be-md.ncbi.nlm.nih.gov/sos12/sra-pub-zq-1214/SRR007/120/SRR7120185.sralite.1,SRX4041812,PER00177,WGS,RANDOM,GENOMIC,PAIRED,0,0,ILLUMINA,Illumina HiSeq 2500,SRP144493,PRJNA448733,,448733,SRS3259282,SAMN08873162,simple,9615,Canis lupus familiaris,PER00177,,,,,male,,no,,,,,NHGRI,SRA699439,,public,2B2FA7C560010E00B88B2CE901835E31,61A70E3BBDDDB489ACD3B0F2BB43709B
SRR7120188,2018-05-10 00:06:35,2018-05-04 18:52:35,331586564,40935856200,77771998,123,15626,GCF_000002285.3,https://sra-downloadb.be-md.ncbi.nlm.nih.gov/sos12/sra-pub-zq-1214/SRR007/120/SRR7120188.sralite.1,SRX4041815,MS04563,WGS,RANDOM,GENOMIC,PAIRED,0,0,ILLUMINA,Illumina HiSeq 2500,SRP144493,PRJNA448733,,448733,SRS3259285,SAMN08873176,simple,9615,Canis lupus familiaris,MS04563,,,,,female,,no,,,,,NHGRI,SRA699439,,public,1C0B7C34C7A46062A74DD65EE9AADCA8,38917E52B7ACDFC514EE11F5E7991BF6
SRR7120189,2018-05-10 00:06:35,2018-05-04 18:02:28,205376178,41075235600,205376178,200,15610,GCF_000002285.3,https://sra-downloadb.be-md.ncbi.nlm.nih.gov/sos12/sra-pub-zq-1214/SRR007/120/SRR7120189.sralite.1,SRX4041816,MS04593,WGS,RANDOM,GENOMIC,PAIRED,0,0,ILLUMINA,Illumina HiSeq 2500,SRP144493,PRJNA448733,,448733,SRS3259286,SAMN08873177,simple,9615,Canis lupus familiaris,MS04593,,,,,female,,no,,,,,NHGRI,SRA699439,,public,186C58F2332191EB6A1BAAFF5AA43AB0,76611D10EA6BD5A792E1421A8B656E6B
SRR7120187,2018-05-16 00:07:04,2018-05-10 03:50:30,523136652,131830436304,523136652,252,47215,GCF_000002285.3,https://sra-downloadb.be-md.ncbi.nlm.nih.gov/sos12/sra-pub-zq-1214/SRR007/120/SRR7120187.sralite.1,SRX4041814,MiniaturePoodle01,WGS,RANDOM,GENOMIC,PAIRED,0,0,ILLUMINA,Illumina HiSeq 2500,SRP144493,PRJNA448733,,448733,SRS3259284,SAMN08873175,simple,9615,Canis lupus familiaris,MiniaturePoodle01,,,,,female,,no,,,,,NHGRI,SRA699439,,public,CC79253DE90C10CCDDD6E5E1DD9F397D,F7E789CE7A92B973785F4D79BA13A753
SRR7120190,2018-05-12 00:06:37,2018-05-05 03:56:52,313154305,157203461110,313154305,502,66770,GCF_000002285.3,https://sra-downloadb.be-md.ncbi.nlm.nih.gov/sos12/sra-pub-zq-1214/SRR007/120/SRR7120190.sralite.1,SRX4041817,MixedBreed07,WGS,RANDOM,GENOMIC,PAIRED,0,0,ILLUMINA,Illumina HiSeq 2500,SRP144493,PRJNA448733,,448733,SRS3259287,SAMN08873188,simple,9615,Canis lupus familiaris,MixedBreed07,,,,,female,,no,,,,,NHGRI,SRA699439,,public,817F3110AAFFB04C54493B169B8EBB1F,FD108A0BC9A2FF96E2A81F56E6DDF0FF
SRR7120191,2018-05-16 00:07:04,2018-05-10 01:41:36,444449742,112001334984,444449742,252,44932,GCF_000002285.3,https://sra-downloadb.be-md.ncbi.nlm.nih.gov/sos12/sra-pub-zq-1214/SRR007/120/SRR7120191.sralite.1,SRX4041818,NewGuineaSingingDog01,WGS,RANDOM,GENOMIC,PAIRED,0,0,ILLUMINA,Illumina HiSeq 2500,SRP144493,PRJNA448733,,448733,SRS3259288,SAMN08873190,simple,286419,Canis lupus dingo,NewGuineaSingingDog01,,,,,male,,no,,,,,NHGRI,SRA699439,,public,5BFEBC533F5F8B2CEA3428025BAF3327,A070916A522EA5BF7F1F931FDB71AA58
SRR7120192,2018-05-16 00:07:04,2018-05-10 01:32:26,401277757,101121994764,401277757,252,38273,GCF_000002285.3,https://sra-downloadb.be-md.ncbi.nlm.nih.gov/sos12/sra-pub-zq-1214/SRR007/120/SRR7120192.sralite.1,SRX4041819,NorwegianElkhound02,WGS,RANDOM,GENOMIC,PAIRED,0,0,ILLUMINA,Illumina HiSeq 2500,SRP144493,PRJNA448733,,448733,SRS3259289,SAMN08873199,simple,9615,Canis lupus familiaris,NorwegianElkhound02,,,,,female,,no,,,,,NHGRI,SRA699439,,public,5779A15D5604F9E961165033DDECD34D,F4CEF72AD23375177E45355A409B0C87
SRR7120194,2018-05-16 00:07:04,2018-05-10 04:34:12,541879750,136553697000,541879750,252,48949,GCF_000002285.3,https://sra-downloadb.be-md.ncbi.nlm.nih.gov/sos12/sra-pub-zq-1214/SRR007/120/SRR7120194.sralite.1,SRX4041821,PortugueseWaterDog02,WGS,RANDOM,GENOMIC,PAIRED,0,0,ILLUMINA,Illumina HiSeq 2500,SRP144493,PRJNA448733,,448733,SRS3259290,SAMN08873220,simple,9615,Canis lupus familiaris,PortugueseWaterDog02,,,,,female,,no,,,,,NHGRI,SRA699439,,public,5A42B90C1554C41A576516F9A5DC12FC,384A5B879E87C318D86D227BF6528A31
SRR7120195,2018-05-16 00:07:04,2018-05-10 01:51:37,143890060,36260295120,143890060,252,13678,GCF_000002285.3,https://sra-downloadb.be-md.ncbi.nlm.nih.gov/sos12/sra-pub-zq-1214/SRR007/120/SRR7120195.sralite.1,SRX4041822,PortugueseWaterDog03,WGS,RANDOM,GENOMIC,PAIRED,0,0,ILLUMINA,Illumina HiSeq 2500,SRP144493,PRJNA448733,,448733,SRS3259291,SAMN08873221,simple,9615,Canis lupus familiaris,PortugueseWaterDog03,,,,,female,,no,,,,,NHGRI,SRA699439,,public,E94EE9604FD68C31C2227C630601EAC7,0927759A2F80E868B394929F36C9AB7E
SRR7120196,2018-05-16 00:07:04,2018-05-10 02:07:49,180202629,45411062508,180202629,252,17001,GCF_000002285.3,https://sra-downloadb.be-md.ncbi.nlm.nih.gov/sos12/sra-pub-zq-1214/SRR007/120/SRR7120196.sralite.1,SRX4041823,PortugueseWaterDog04,WGS,RANDOM,GENOMIC,PAIRED,0,0,ILLUMINA,Illumina HiSeq 2500,SRP144493,PRJNA448733,,448733,SRS3259292,SAMN08873222,simple,9615,Canis lupus familiaris,PortugueseWaterDog04,,,,,female,,no,,,,,NHGRI,SRA699439,,public,238CF9EB72C10955047FA390E68E5252,0B759A4A5C8BD0EBE6745A85F578F4BE
SRR7120193,2018-05-16 00:07:04,2018-05-10 04:34:29,420918572,106071480144,420918572,252,41157,GCF_000002285.3,https://sra-downloadb.be-md.ncbi.nlm.nih.gov/sos12/sra-pub-zq-1214/SRR007/120/SRR7120193.sralite.1,SRX4041820,PortugueseWaterDog01,WGS,RANDOM,GENOMIC,PAIRED,0,0,ILLUMINA,Illumina HiSeq 2500,SRP144493,PRJNA448733,,448733,SRS3259328,SAMN08873219,simple,9615,Canis lupus familiaris,PortugueseWaterDog01,,,,,female,,no,,,,,NHGRI,SRA699439,,public,4E7E360DE50EE002E6CDAF38DAF8A5A0,8647AE6135454A131676E449E48A84C0
SRR7120197,2018-05-16 00:07:04,2018-05-10 02:36:01,226536857,57087287964,226536857,252,20702,GCF_000002285.3,https://sra-downloadb.be-md.ncbi.nlm.nih.gov/sos12/sra-pub-zq-1214/SRR007/120/SRR7120197.sralite.1,SRX4041824,PortugueseWaterDog05,WGS,RANDOM,GENOMIC,PAIRED,0,0,ILLUMINA,Illumina HiSeq 2500,SRP144493,PRJNA448733,,448733,SRS3259293,SAMN08873223,simple,9615,Canis lupus familiaris,PortugueseWaterDog05,,,,,male,,no,,,,,NHGRI,SRA699439,,public,BA6AA3C3E0B5AB81642D8FEB845EB853,12469625968B892A10B7B23D4F3B92E2
SRR7120198,2018-05-16 00:07:04,2018-05-10 02:04:13,151182936,38098099872,151182936,252,13768,GCF_000002285.3,https://sra-downloadb.be-md.ncbi.nlm.nih.gov/sos12/sra-pub-zq-1214/SRR007/120/SRR7120198.sralite.1,SRX4041825,PortugueseWaterDog06,WGS,RANDOM,GENOMIC,PAIRED,0,0,ILLUMINA,Illumina HiSeq 2500,SRP144493,PRJNA448733,,448733,SRS3259294,SAMN08873224,simple,9615,Canis lupus familiaris,PortugueseWaterDog06,,,,,female,,no,,,,,NHGRI,SRA699439,,public,37CFA7BE247059404840351EA51EEEDE,24C3315A3B783F67324C681CAECB694B
SRR7120199,2018-05-16 00:07:04,2018-05-10 03:12:31,210086346,52941759192,210086346,252,19521,GCF_000002285.3,https://sra-downloadb.be-md.ncbi.nlm.nih.gov/sos12/sra-pub-zq-1214/SRR007/120/SRR7120199.sralite.1,SRX4041826,PortugueseWaterDog07,WGS,RANDOM,GENOMIC,PAIRED,0,0,ILLUMINA,Illumina HiSeq 2500,SRP144493,PRJNA448733,,448733,SRS3259295,SAMN08873225,simple,9615,Canis lupus familiaris,PortugueseWaterDog07,,,,,male,,no,,,,,NHGRI,SRA699439,,public,38A637A48A86D6ADB584772E350DB818,89C6DFF2C60F2B23D5135D9461EE4804
SRR7120200,2018-05-16 00:07:04,2018-05-10 03:06:29,188466686,47493604872,188466686,252,17602,GCF_000002285.3,https://sra-downloadb.be-md.ncbi.nlm.nih.gov/sos12/sra-pub-zq-1214/SRR007/120/SRR7120200.sralite.1,SRX4041827,PortugueseWaterDog08,WGS,RANDOM,GENOMIC,PAIRED,0,0,ILLUMINA,Illumina HiSeq 2500,SRP144493,PRJNA448733,,448733,SRS3259296,SAMN08873226,simple,9615,Canis lupus familiaris,PortugueseWaterDog08,,,,,male,,no,,,,,NHGRI,SRA699439,,public,DD63E96540B1232880F02CEB4E192F76,D24EEB499FDBDDBEACB64C67709AA561
SRR7120201,2018-05-16 00:07:04,2018-05-10 05:46:00,337704938,85101644376,337704938,252,32230,GCF_000002285.3,https://sra-downloadb.be-md.ncbi.nlm.nih.gov/sos12/sra-pub-zq-1214/SRR007/120/SRR7120201.sralite.1,SRX4041828,PortugueseWaterDog09,WGS,RANDOM,GENOMIC,PAIRED,0,0,ILLUMINA,Illumina HiSeq 2500,SRP144493,PRJNA448733,,448733,SRS3259297,SAMN08873227,simple,9615,Canis lupus familiaris,PortugueseWaterDog09,,,,,male,,no,,,,,NHGRI,SRA699439,,public,C5F600C16BA985FBC237CD93D7FBCB3E,9EB98F273880D725D4F000A95663672F
SRR7120204,2018-05-14 00:07:25,2018-05-07 11:23:37,258145906,77544985647,258145906,300,31450,GCF_000002285.3,https://sra-downloadb.be-md.ncbi.nlm.nih.gov/sos12/sra-pub-zq-1214/SRR007/120/SRR7120204.sralite.1,SRX4041831,165414_S20,WGS,RANDOM,GENOMIC,PAIRED,0,0,ILLUMINA,Illumina HiSeq 2500,SRP144493,PRJNA448733,,448733,SRS3259300,SAMN08873243,simple,9615,Canis lupus familiaris,165414_S20,,,,,female,,no,,,,,NHGRI,SRA699439,,public,CFB009211CDC3E45AF11A1DF2BC65497,56DE6CCB4E580DF4F405FA9DA03CAB1E
SRR7120205,2018-05-10 00:06:35,2018-05-04 19:37:03,280416098,84277246906,280416098,300,34606,GCF_000002285.3,https://sra-downloadb.be-md.ncbi.nlm.nih.gov/sos12/sra-pub-zq-1214/SRR007/120/SRR7120205.sralite.1,SRX4041832,168979_S18,WGS,RANDOM,GENOMIC,PAIRED,0,0,ILLUMINA,Illumina HiSeq 2500,SRP144493,PRJNA448733,,448733,SRS3259301,SAMN08873244,simple,9615,Canis lupus familiaris,168979_S18,,,,,male,,no,,,,,NHGRI,SRA699439,,public,E7006AB9DFB1376E6DB91D253038BCBC,DDC2C988A08E62858EE5D29F0F28D314
SRR7120206,2018-05-10 00:06:35,2018-05-04 19:59:15,260076733,78137203810,260076733,300,31767,GCF_000002285.3,https://sra-downloadb.be-md.ncbi.nlm.nih.gov/sos12/sra-pub-zq-1214/SRR007/120/SRR7120206.sralite.1,SRX4041833,171515_S19,WGS,RANDOM,GENOMIC,PAIRED,0,0,ILLUMINA,Illumina HiSeq 2500,SRP144493,PRJNA448733,,448733,SRS3259302,SAMN08873245,simple,9615,Canis lupus familiaris,171515_S19,,,,,male,,no,,,,,NHGRI,SRA699439,,public,4FFBDA32B6362DF60E420862A78C6CB7,C63387C786F274E41144F83E70F360E1
SRR7120202,2018-05-16 00:07:04,2018-05-10 02:32:37,150241465,37860849180,150241465,252,14192,GCF_000002285.3,https://sra-downloadb.be-md.ncbi.nlm.nih.gov/sos12/sra-pub-zq-1214/SRR007/120/SRR7120202.sralite.1,SRX4041829,PortugueseWaterDog10,WGS,RANDOM,GENOMIC,PAIRED,0,0,ILLUMINA,Illumina HiSeq 2500,SRP144493,PRJNA448733,,448733,SRS3259298,SAMN08873228,simple,9615,Canis lupus familiaris,PortugueseWaterDog10,,,,,male,,no,,,,,NHGRI,SRA699439,,public,09CF6A1D3DFA2BFAFBFB0F519DA5996B,ED92D555CF7B938B23A9BA7018488681
SRR7120203,2018-05-16 00:07:04,2018-05-10 04:09:11,215642901,54342011052,215642901,252,19884,GCF_000002285.3,https://sra-downloadb.be-md.ncbi.nlm.nih.gov/sos12/sra-pub-zq-1214/SRR007/120/SRR7120203.sralite.1,SRX4041830,PortugueseWaterDog11,WGS,RANDOM,GENOMIC,PAIRED,0,0,ILLUMINA,Illumina HiSeq 2500,SRP144493,PRJNA448733,,448733,SRS3259299,SAMN08873229,simple,9615,Canis lupus familiaris,PortugueseWaterDog11,,,,,female,,no,,,,,NHGRI,SRA699439,,public,2E8A80CA541A3CC8A29040F622536608,4D462868F331954F6454361A5CC4F568
SRR7120207,2018-05-10 00:06:35,2018-05-04 18:45:52,278108378,83474466226,278108378,300,43387,GCF_000002285.3,https://sra-downloadb.be-md.ncbi.nlm.nih.gov/sos12/sra-pub-zq-1214/SRR007/120/SRR7120207.sralite.1,SRX4041834,AND10232010_S17,WGS,RANDOM,GENOMIC,PAIRED,0,0,ILLUMINA,Illumina HiSeq 2500,SRP144493,PRJNA448733,,448733,SRS3259303,SAMN08873246,simple,9615,Canis lupus familiaris,AND10232010_S17,,,,,female,,no,,,,,NHGRI,SRA699439,,public,318970EEBCCD2CACB99F0B0B83E78908,5B36825BDF6772B2BFFFE4168CCCD169
SRR7120208,2018-06-13 00:07:02,2018-06-07 15:26:12,241991725,72677166103,241991725,300,34011,GCF_000002285.3,https://sra-downloadb.be-md.ncbi.nlm.nih.gov/sos12/sra-pub-zq-1214/SRR007/120/SRR7120208.sralite.1,SRX4041835,LEW02122013_S15,WGS,RANDOM,GENOMIC,PAIRED,0,0,ILLUMINA,Illumina HiSeq 2500,SRP144493,PRJNA448733,,448733,SRS3259304,SAMN08873247,simple,9615,Canis lupus familiaris,LEW02122013_S15,,,,,female,,no,,,,,NHGRI,SRA699439,,public,35BBD30F9C018D7739E3A4BB4B9CF9E7,C91760E02AEBEEE6A2FE16D6316CF691
SRR7120209,2018-05-16 00:07:04,2018-05-10 09:29:55,502519042,126634798584,502519042,252,50329,GCF_000002285.3,https://sra-downloadb.be-md.ncbi.nlm.nih.gov/sos12/sra-pub-zq-1214/SRR007/120/SRR7120209.sralite.1,SRX4041836,Rottweiler04,WGS,RANDOM,GENOMIC,PAIRED,0,0,ILLUMINA,Illumina HiSeq 2500,SRP144493,PRJNA448733,,448733,SRS3259305,SAMN08873251,simple,9615,Canis lupus familiaris,Rottweiler04,,,,,female,,no,,,,,NHGRI,SRA699439,,public,07A983423D43562201EA25ACFAA43B45,2EAC5F42AE20ACD405B331670BD0949A
SRR7120211,2018-05-16 00:07:04,2018-05-10 18:17:43,498173717,125539776684,498173717,252,48205,GCF_000002285.3,https://sra-downloadb.be-md.ncbi.nlm.nih.gov/sos12/sra-pub-zq-1214/SRR007/120/SRR7120211.sralite.1,SRX4041838,Samoyed01,WGS,RANDOM,GENOMIC,PAIRED,0,0,ILLUMINA,Illumina HiSeq 2500,SRP144493,PRJNA448733,,448733,SRS3259307,SAMN08873258,simple,9615,Canis lupus familiaris,Samoyed01,,,,,female,,no,,,,,NHGRI,SRA699439,,public,C3E3B9435EFCDAB31D669E773F41BD49,F720FC5EAA433708C2D88F6B0CB2CE2E
SRR7120212,2018-05-16 00:07:04,2018-05-10 09:36:19,436172671,109915513092,436172671,252,41458,GCF_000002285.3,https://sra-downloadb.be-md.ncbi.nlm.nih.gov/sos12/sra-pub-zq-1214/SRR007/120/SRR7120212.sralite.1,SRX4041839,ScottishTerrier02,WGS,RANDOM,GENOMIC,PAIRED,0,0,ILLUMINA,Illumina HiSeq 2500,SRP144493,PRJNA448733,,448733,SRS3259308,SAMN08873262,simple,9615,Canis lupus familiaris,ScottishTerrier02,,,,,male,,no,,,,,NHGRI,SRA699439,,public,7C80AFBA1159B244215FA452C0777A62,0E674861C87F6640C860AA0AC89EC018
SRR7120213,2018-05-16 00:07:04,2018-05-10 09:50:11,383301020,77426806040,383301020,202,35658,GCF_000002285.3,https://sra-downloadb.be-md.ncbi.nlm.nih.gov/sos12/sra-pub-zq-1214/SRR007/120/SRR7120213.sralite.1,SRX4041840,ScottishTerrier04,WGS,RANDOM,GENOMIC,PAIRED,0,0,ILLUMINA,Illumina HiSeq 2500,SRP144493,PRJNA448733,,448733,SRS3259309,SAMN08873264,simple,9615,Canis lupus familiaris,ScottishTerrier04,,,,,female,,no,,,,,NHGRI,SRA699439,,public,3B0A782DB95F66995225F15C0AA7B9A7,59F4C42080F6D7F456410D223ADFE812
SRR7120214,2018-05-10 00:06:35,2018-05-04 20:11:30,215614234,43122846800,215614234,200,16427,GCF_000002285.3,https://sra-downloadb.be-md.ncbi.nlm.nih.gov/sos12/sra-pub-zq-1214/SRR007/120/SRR7120214.sralite.1,SRX4041841,PER00751,WGS,RANDOM,GENOMIC,PAIRED,0,0,ILLUMINA,Illumina HiSeq 2500,SRP144493,PRJNA448733,,448733,SRS3259310,SAMN08873270,simple,9615,Canis lupus familiaris,PER00751,,,,,male,,no,,,,,NHGRI,SRA699439,,public,97C57FB594F02370878A6562B3246237,D7184820E38B42AA2881D0EB5FF11719
SRR7120215,2018-05-14 00:07:25,2018-05-07 08:53:58,114361295,24702039720,114361295,216,9764,GCF_000002285.3,https://sra-downloadb.be-md.ncbi.nlm.nih.gov/sos12/sra-pub-zq-1214/SRR007/120/SRR7120215.sralite.1,SRX4041842,UnknownBreed02,WGS,RANDOM,GENOMIC,PAIRED,0,0,ILLUMINA,Illumina HiSeq 2500,SRP144493,PRJNA448733,,448733,SRS3259311,SAMN08873318,simple,9615,Canis lupus familiaris,UnknownBreed02,,,,,female,,no,,,,,NHGRI,SRA699439,,public,3C722F20D19FD9E2AED1298A9475DEF3,3D7630C79854D708CCAC614CFD0987E7
SRR7120216,2018-05-14 00:07:25,2018-05-07 08:39:29,124107834,26807292144,124107834,216,11302,GCF_000002285.3,https://sra-downloadb.be-md.ncbi.nlm.nih.gov/sos12/sra-pub-zq-1214/SRR007/120/SRR7120216.sralite.1,SRX4041843,UnknownBreed03,WGS,RANDOM,GENOMIC,PAIRED,0,0,ILLUMINA,Illumina HiSeq 2500,SRP144493,PRJNA448733,,448733,SRS3259312,SAMN08873319,simple,9615,Canis lupus familiaris,UnknownBreed03,,,,,female,,no,,,,,NHGRI,SRA699439,,public,9FA49BC505A7EA66F0D77A9560FC9890,A897CDA78AA3F7A861B434D7AB695760
SRR7120217,2018-05-14 00:07:25,2018-05-07 10:01:44,85672265,18505209240,85672265,216,7175,GCF_000002285.3,https://sra-downloadb.be-md.ncbi.nlm.nih.gov/sos12/sra-pub-zq-1214/SRR007/120/SRR7120217.sralite.1,SRX4041844,UnknownBreed05,WGS,RANDOM,GENOMIC,PAIRED,0,0,ILLUMINA,Illumina HiSeq 2500,SRP144493,PRJNA448733,,448733,SRS3259313,SAMN08873321,simple,9615,Canis lupus familiaris,UnknownBreed05,,,,,male,,no,,,,,NHGRI,SRA699439,,public,099A92E4D1F73556444EB4862D74FCE1,BF251AFE2B2A55310C5E22124B53964A
SRR7120218,2018-05-14 00:07:25,2018-05-07 08:23:14,85346720,13854626316,42936857,162,5897,GCF_000002285.3,https://sra-downloadb.be-md.ncbi.nlm.nih.gov/sos12/sra-pub-zq-1214/SRR007/120/SRR7120218.sralite.1,SRX4041845,UnknownBreed07,WGS,RANDOM,GENOMIC,PAIRED,0,0,ILLUMINA,Illumina HiSeq 2500,SRP144493,PRJNA448733,,448733,SRS3259314,SAMN08873322,simple,9615,Canis lupus familiaris,UnknownBreed07,,,,,female,,no,,,,,NHGRI,SRA699439,,public,DF16B82B142A5CE91757E252D424B81D,3914A0066955D777E7DC0F4ED738182D
SRR7120219,2018-05-14 00:07:25,2018-05-07 09:40:45,132971927,28721936232,132971927,216,11522,GCF_000002285.3,https://sra-downloadb.be-md.ncbi.nlm.nih.gov/sos12/sra-pub-zq-1214/SRR007/120/SRR7120219.sralite.1,SRX4041846,UnknownBreed10,WGS,RANDOM,GENOMIC,PAIRED,0,0,ILLUMINA,Illumina HiSeq 2500,SRP144493,PRJNA448733,,448733,SRS3259315,SAMN08873323,simple,9615,Canis lupus familiaris,UnknownBreed10,,,,,female,,no,,,,,NHGRI,SRA699439,,public,9A5D732EB49A6E32CCBFFD518EC101A5,E98C076520004F641AD53A27E4F953E9
SRR7120220,2018-05-10 00:06:35,2018-05-04 17:29:10,195029885,39396036770,195029885,202,15423,GCF_000002285.3,https://sra-downloadb.be-md.ncbi.nlm.nih.gov/sos12/sra-pub-zq-1214/SRR007/120/SRR7120220.sralite.1,SRX4041847,AF14-170_S13,WGS,RANDOM,GENOMIC,PAIRED,0,0,ILLUMINA,Illumina HiSeq 2500,SRP144493,PRJNA448733,,448733,SRS3259316,SAMN08873328,simple,9615,Canis lupus familiaris,AF14-170_S13,,,,,male,,no,,,,,NHGRI,SRA699439,,public,3C579F6393F4042FAAFD61B992C719CC,05341ED6790B340CEAC180E562B11DA3
SRR7120221,2018-05-10 00:06:35,2018-05-04 17:02:02,112240861,22672653922,112240861,202,8818,GCF_000002285.3,https://sra-downloadb.be-md.ncbi.nlm.nih.gov/sos12/sra-pub-zq-1214/SRR007/120/SRR7120221.sralite.1,SRX4041848,AF14-259_S12,WGS,RANDOM,GENOMIC,PAIRED,0,0,ILLUMINA,Illumina HiSeq 2500,SRP144493,PRJNA448733,,448733,SRS3259317,SAMN08873329,simple,9615,Canis lupus familiaris,AF14-259_S12,,,,,male,,no,,,,,NHGRI,SRA699439,,public,A8CE919DD3FBB3ACB454A224C9A0439A,4A86E33008CC982B568EBCD5BDC57877
SRR7120222,2018-05-10 00:06:35,2018-05-04 17:16:52,118010670,23838155340,118010670,202,9206,GCF_000002285.3,https://sra-downloadb.be-md.ncbi.nlm.nih.gov/sos12/sra-pub-zq-1214/SRR007/120/SRR7120222.sralite.1,SRX4041849,AF14-260_S7,WGS,RANDOM,GENOMIC,PAIRED,0,0,ILLUMINA,Illumina HiSeq 2500,SRP144493,PRJNA448733,,448733,SRS3259318,SAMN08873330,simple,9615,Canis lupus familiaris,AF14-260_S7,,,,,female,,no,,,,,NHGRI,SRA699439,,public,DE556EE4E1022C00D66B60F9B8F6DA0B,CCB2FD04CA259A8CAB5DF2FDD17C55C9
SRR7120223,2018-05-10 00:06:35,2018-05-04 17:15:08,146387277,29570229954,146387277,202,11251,GCF_000002285.3,https://sra-downloadb.be-md.ncbi.nlm.nih.gov/sos12/sra-pub-zq-1214/SRR007/120/SRR7120223.sralite.1,SRX4041850,AF14-296_S9,WGS,RANDOM,GENOMIC,PAIRED,0,0,ILLUMINA,Illumina HiSeq 2500,SRP144493,PRJNA448733,,448733,SRS3259319,SAMN08873331,simple,9615,Canis lupus familiaris,AF14-296_S9,,,,,male,,no,,,,,NHGRI,SRA699439,,public,4E2F22A28B6DCA3DFAE0AE3CC483C696,7F8850BCE862E89D9606121638F6AB06
SRR7120224,2018-05-10 00:06:35,2018-05-04 17:08:03,114593518,23147890636,114593518,202,8810,GCF_000002285.3,https://sra-downloadb.be-md.ncbi.nlm.nih.gov/sos12/sra-pub-zq-1214/SRR007/120/SRR7120224.sralite.1,SRX4041851,AF14-297_S10,WGS,RANDOM,GENOMIC,PAIRED,0,0,ILLUMINA,Illumina HiSeq 2500,SRP144493,PRJNA448733,,448733,SRS3259320,SAMN08873332,simple,9615,Canis lupus familiaris,AF14-297_S10,,,,,male,,no,,,,,NHGRI,SRA699439,,public,9ABAD6847D91ADC2055D51454512830F,C031DD12F8AD2380F8A3C60E193E6816
SRR7120225,2018-05-10 00:06:35,2018-05-04 17:05:57,85956408,17363194416,85956408,202,6649,GCF_000002285.3,https://sra-downloadb.be-md.ncbi.nlm.nih.gov/sos12/sra-pub-zq-1214/SRR007/120/SRR7120225.sralite.1,SRX4041852,AF15-019_S2,WGS,RANDOM,GENOMIC,PAIRED,0,0,ILLUMINA,Illumina HiSeq 2500,SRP144493,PRJNA448733,,448733,SRS3259321,SAMN08873333,simple,9615,Canis lupus familiaris,AF15-019_S2,,,,,male,,no,,,,,NHGRI,SRA699439,,public,9B9E639604AD8DAA07C16D23080CDA45,9353110F07C811007ABD1FC5A3AF697D
SRR7120226,2018-05-10 00:06:35,2018-05-04 16:50:48,66346177,13401927754,66346177,202,5202,GCF_000002285.3,https://sra-downloadb.be-md.ncbi.nlm.nih.gov/sos12/sra-pub-zq-1214/SRR007/120/SRR7120226.sralite.1,SRX4041853,AF15-074_S4,WGS,RANDOM,GENOMIC,PAIRED,0,0,ILLUMINA,Illumina HiSeq 2500,SRP144493,PRJNA448733,,448733,SRS3259322,SAMN08873334,simple,9615,Canis lupus familiaris,AF15-074_S4,,,,,male,,no,,,,,NHGRI,SRA699439,,public,06A201A1BFFD57697C12CF5D2F47BF79,EC0C1E947CD336F3CA43A7CA8A031645
SRR7120227,2018-05-10 00:06:35,2018-05-04 17:31:08,146433758,29579619116,146433758,202,11288,GCF_000002285.3,https://sra-downloadb.be-md.ncbi.nlm.nih.gov/sos12/sra-pub-zq-1214/SRR007/120/SRR7120227.sralite.1,SRX4041854,AF15-098_S11,WGS,RANDOM,GENOMIC,PAIRED,0,0,ILLUMINA,Illumina HiSeq 2500,SRP144493,PRJNA448733,,448733,SRS3259323,SAMN08873335,simple,9615,Canis lupus familiaris,AF15-098_S11,,,,,male,,no,,,,,NHGRI,SRA699439,,public,C54F16458707DB292BA2AAA1F0EDA874,094294E7B4D9A963E22EB421E38B2F54
SRR7120228,2018-05-10 00:06:35,2018-05-04 17:07:33,120681637,24377690674,120681637,202,10639,GCF_000002285.3,https://sra-downloadb.be-md.ncbi.nlm.nih.gov/sos12/sra-pub-zq-1214/SRR007/120/SRR7120228.sralite.1,SRX4041855,NA13-359_S6,WGS,RANDOM,GENOMIC,PAIRED,0,0,ILLUMINA,Illumina HiSeq 2500,SRP144493,PRJNA448733,,448733,SRS3259324,SAMN08873336,simple,9615,Canis lupus familiaris,NA13-359_S6,,,,,male,,no,,,,,NHGRI,SRA699439,,public,3BA0C4DF2B84FF7CB383D00EA4DCEEF4,94164AB8308B5F58C7AD08B3DBDD3617
SRR7120229,2018-05-10 00:06:35,2018-05-04 17:34:28,137484730,27771915460,137484730,202,10691,GCF_000002285.3,https://sra-downloadb.be-md.ncbi.nlm.nih.gov/sos12/sra-pub-zq-1214/SRR007/120/SRR7120229.sralite.1,SRX4041856,NA14-125_S8,WGS,RANDOM,GENOMIC,PAIRED,0,0,ILLUMINA,Illumina HiSeq 2500,SRP144493,PRJNA448733,,448733,SRS3259325,SAMN08873337,simple,9615,Canis lupus familiaris,NA14-125_S8,,,,,male,,no,,,,,NHGRI,SRA699439,,public,69574F3536D3310BE72950BBE3AB984C,7C72A4EB48E4AC90FA9D3EC309533DA1
SRR7120230,2018-05-10 00:06:35,2018-05-04 17:18:26,134851972,27240098344,134851972,202,10474,GCF_000002285.3,https://sra-downloadb.be-md.ncbi.nlm.nih.gov/sos12/sra-pub-zq-1214/SRR007/120/SRR7120230.sralite.1,SRX4041857,NA14-126_S5,WGS,RANDOM,GENOMIC,PAIRED,0,0,ILLUMINA,Illumina HiSeq 2500,SRP144493,PRJNA448733,,448733,SRS3259326,SAMN08873338,simple,9615,Canis lupus familiaris,NA14-126_S5,,,,,female,,no,,,,,NHGRI,SRA699439,,public,25A6C5F6D456430071A19811FD490A5A,BADB88454B59527CCAB9CE2B1FFDF457
SRR7120231,2018-05-10 00:06:35,2018-05-04 18:14:06,149293633,29858726500,149293632,199,11137,GCF_000002285.3,https://sra-downloadb.be-md.ncbi.nlm.nih.gov/sos12/sra-pub-zq-1214/SRR007/120/SRR7120231.sralite.1,SRX4041858,BAN00143,WGS,RANDOM,GENOMIC,PAIRED,0,0,ILLUMINA,Illumina HiSeq 2500,SRP144493,PRJNA448733,,448733,SRS3259327,SAMN08873339,simple,9615,Canis lupus familiaris,BAN00143,,,,,female,,no,,,,,NHGRI,SRA699439,,public,C7F4A451B6DB78B962EAD0CAFA543547,8A066AA36F9874D1543563A619F43DAE
SRR7120232,2018-05-16 00:07:04,2018-05-10 17:58:44,439808704,110831793408,439808704,252,42628,GCF_000002285.3,https://sra-downloadb.be-md.ncbi.nlm.nih.gov/sos12/sra-pub-zq-1214/SRR007/120/SRR7120232.sralite.1,SRX4041859,WestHighlandWhiteTerr02,WGS,RANDOM,GENOMIC,PAIRED,0,0,ILLUMINA,Illumina HiSeq 2500,SRP144493,PRJNA448733,,448733,SRS3259329,SAMN08873423,simple,9615,Canis lupus familiaris,WestHighlandWhiteTerr02,,,,,female,,no,,,,,NHGRI,SRA699439,,public,6D915C3C01AC03B260E3E480BF5994D5,88F1FDB6C4D46DC75C4055D24E9BB9EB
SRR7120237,2018-05-10 00:06:35,2018-05-04 18:59:35,377888112,66049895700,377888112,174,27870,GCF_000002285.3,https://sra-downloadb.be-md.ncbi.nlm.nih.gov/sos12/sra-pub-zq-1214/SRR007/120/SRR7120237.sralite.1,SRX4041864,BAN00032,WGS,RANDOM,GENOMIC,PAIRED,0,0,ILLUMINA,Illumina HiSeq 2500,SRP144493,PRJNA448733,,448733,SRS3259334,SAMN08873449,simple,9615,Canis lupus familiaris,BAN00032,,,,,female,,no,,,,,NHGRI,SRA699439,,public,889F1549F100830CF5266AAA844C4748,D2295608081CB0D8ED70A7A0C3A35C44
SRR7120235,2018-05-10 00:06:35,2018-05-04 20:00:46,389497695,46967270600,80175011,120,18978,GCF_000002285.3,https://sra-downloadb.be-md.ncbi.nlm.nih.gov/sos12/sra-pub-zq-1214/SRR007/120/SRR7120235.sralite.1,SRX4041862,BAN00315,WGS,RANDOM,GENOMIC,PAIRED,0,0,ILLUMINA,Illumina HiSeq 2500,SRP144493,PRJNA448733,,448733,SRS3259332,SAMN08873447,simple,9615,Canis lupus familiaris,BAN00315,,,,,male,,no,,,,,NHGRI,SRA699439,,public,F8AC845AFD5667AE33DF6EDA4445F487,46A19BB834715F6BB3BFE704AC36C7C1
SRR7120236,2018-05-10 00:06:35,2018-05-04 21:56:15,518675630,64809858400,129422954,124,24686,GCF_000002285.3,https://sra-downloadb.be-md.ncbi.nlm.nih.gov/sos12/sra-pub-zq-1214/SRR007/120/SRR7120236.sralite.1,SRX4041863,PER00449,WGS,RANDOM,GENOMIC,PAIRED,0,0,ILLUMINA,Illumina HiSeq 2500,SRP144493,PRJNA448733,,448733,SRS3259333,SAMN08873448,simple,9615,Canis lupus familiaris,PER00449,,,,,female,,no,,,,,NHGRI,SRA699439,,public,F1451199A954C5CF12FFE62A8055BC3E,9517AFB75F4AA12C7FF8456B7936FF57
SRR7120233,2018-05-16 00:07:04,2018-05-10 11:56:15,373077674,75361690148,373077674,202,38108,GCF_000002285.3,https://sra-downloadb.be-md.ncbi.nlm.nih.gov/sos12/sra-pub-zq-1214/SRR007/120/SRR7120233.sralite.1,SRX4041860,WestHighlandWhiteTerr08,WGS,RANDOM,GENOMIC,PAIRED,0,0,ILLUMINA,Illumina HiSeq 2500,SRP144493,PRJNA448733,,448733,SRS3259330,SAMN08873428,simple,9615,Canis lupus familiaris,WestHighlandWhiteTerr08,,,,,female,,no,,,,,NHGRI,SRA699439,,public,780CB5843286DE4CC0FBD9710D1997E8,7A140B7687724C5129648E432185DBEF
SRR7120234,2018-05-16 00:07:04,2018-05-10 12:45:44,359149082,72548114564,359149082,202,30467,GCF_000002285.3,https://sra-downloadb.be-md.ncbi.nlm.nih.gov/sos12/sra-pub-zq-1214/SRR007/120/SRR7120234.sralite.1,SRX4041861,WestHighlandWhiteTerr09,WGS,RANDOM,GENOMIC,PAIRED,0,0,ILLUMINA,Illumina HiSeq 2500,SRP144493,PRJNA448733,,448733,SRS3259331,SAMN08873429,simple,9615,Canis lupus familiaris,WestHighlandWhiteTerr09,,,,,female,,no,,,,,NHGRI,SRA699439,,public,85609AC10A6E663E12F487710494C43E,7C9A578EC404DBF447BD32959F22F0B3
SRR7120238,2018-05-10 00:06:35,2018-05-04 19:15:02,372411846,56230644800,189894602,150,22893,GCF_000002285.3,https://sra-downloadb.be-md.ncbi.nlm.nih.gov/sos12/sra-pub-zq-1214/SRR007/120/SRR7120238.sralite.1,SRX4041865,BAN00041,WGS,RANDOM,GENOMIC,PAIRED,0,0,ILLUMINA,Illumina HiSeq 2500,SRP144493,PRJNA448733,,448733,SRS3259335,SAMN08873450,simple,9615,Canis lupus familiaris,BAN00041,,,,,male,,no,,,,,NHGRI,SRA699439,,public,CEE5C6F47228D2C54B816129D6357A2B,627CE5452BBF3AB6EDCB2226D3AA79DE
SRR7120239,2018-05-10 00:06:35,2018-05-04 17:35:35,194625644,38925128800,194625644,200,14635,GCF_000002285.3,https://sra-downloadb.be-md.ncbi.nlm.nih.gov/sos12/sra-pub-zq-1214/SRR007/120/SRR7120239.sralite.1,SRX4041866,BAN00079,WGS,RANDOM,GENOMIC,PAIRED,0,0,ILLUMINA,Illumina HiSeq 2500,SRP144493,PRJNA448733,,448733,SRS3259336,SAMN08873451,simple,9615,Canis lupus familiaris,BAN00079,,,,,male,,no,,,,,NHGRI,SRA699439,,public,C40FC8073043FAF83B1DC39F0DCA7EA6,1893304F1ED4685851CBEED75481F3E3
SRR7120240,2018-05-10 00:06:35,2018-05-04 20:48:02,347948416,53893538800,190986972,154,21815,GCF_000002285.3,https://sra-downloadb.be-md.ncbi.nlm.nih.gov/sos12/sra-pub-zq-1214/SRR007/120/SRR7120240.sralite.1,SRX4041867,BAN00127,WGS,RANDOM,GENOMIC,PAIRED,0,0,ILLUMINA,Illumina HiSeq 2500,SRP144493,PRJNA448733,,448733,SRS3259337,SAMN08873452,simple,9615,Canis lupus familiaris,BAN00127,,,,,female,,no,,,,,NHGRI,SRA699439,,public,358A92D3F81CFB4E4D4420F2F8C91839,59B168F2208C02188A364DFBD9DE9E72
SRR7120241,2018-05-10 00:06:35,2018-05-04 18:35:29,203006936,40601387200,203006936,200,15786,GCF_000002285.3,https://sra-downloadb.be-md.ncbi.nlm.nih.gov/sos12/sra-pub-zq-1214/SRR007/120/SRR7120241.sralite.1,SRX4041868,BAN00133,WGS,RANDOM,GENOMIC,PAIRED,0,0,ILLUMINA,Illumina HiSeq 2500,SRP144493,PRJNA448733,,448733,SRS3259338,SAMN08873453,simple,9615,Canis lupus familiaris,BAN00133,,,,,male,,no,,,,,NHGRI,SRA699439,,public,DB60D4584CCEB9CC457AAFFA522160A9,8EA190BD2D0A522692A0F634ACA9333B
SRR7120242,2018-05-10 00:06:35,2018-05-04 20:00:10,277639316,55527863200,277639316,200,20917,GCF_000002285.3,https://sra-downloadb.be-md.ncbi.nlm.nih.gov/sos12/sra-pub-zq-1214/SRR007/120/SRR7120242.sralite.1,SRX4041869,BAN00136,WGS,RANDOM,GENOMIC,PAIRED,0,0,ILLUMINA,Illumina HiSeq 2500,SRP144493,PRJNA448733,,448733,SRS3259339,SAMN08873454,simple,9615,Canis lupus familiaris,BAN00136,,,,,male,,no,,,,,NHGRI,SRA699439,,public,3C46CC331F4301470D9CF19C76468BF5,59D20328998C85FB814AED17FE2875C0
SRR7120243,2018-05-10 00:06:35,2018-05-04 17:36:34,86934437,17386887400,86934437,200,5829,GCF_000002285.3,https://sra-downloadb.be-md.ncbi.nlm.nih.gov/sos12/sra-pub-zq-1214/SRR007/120/SRR7120243.sralite.1,SRX4041870,BAN00150,WGS,RANDOM,GENOMIC,PAIRED,0,0,ILLUMINA,Illumina HiSeq 2500,SRP144493,PRJNA448733,,448733,SRS3259340,SAMN08873455,simple,9615,Canis lupus familiaris,BAN00150,,,,,female,,no,,,,,NHGRI,SRA699439,,public,C2BC87879EC0FFC405C3F9F6F3A2E503,598B3FD1C18CF65CFB5483CB4F47889F
SRR7120244,2018-05-10 00:06:35,2018-05-04 18:51:12,208979515,41795903000,208979515,200,18608,GCF_000002285.3,https://sra-downloadb.be-md.ncbi.nlm.nih.gov/sos12/sra-pub-zq-1214/SRR007/120/SRR7120244.sralite.1,SRX4041871,BAN00183,WGS,RANDOM,GENOMIC,PAIRED,0,0,ILLUMINA,Illumina HiSeq 2500,SRP144493,PRJNA448733,,448733,SRS3259341,SAMN08873456,simple,9615,Canis lupus familiaris,BAN00183,,,,,female,,no,,,,,NHGRI,SRA699439,,public,274DA64DCFF70D3DB4F1CDCCAB382F69,77BC9EDB002FDC902E88510F618598FE
SRR7120245,2018-05-10 00:06:36,2018-05-04 19:25:35,395598052,40523873562,9640634,102,15061,GCF_000002285.3,https://sra-downloadb.be-md.ncbi.nlm.nih.gov/sos12/sra-pub-zq-1214/SRR007/120/SRR7120245.sralite.1,SRX4041872,BAN00235,WGS,RANDOM,GENOMIC,PAIRED,0,0,ILLUMINA,Illumina HiSeq 2500,SRP144493,PRJNA448733,,448733,SRS3259342,SAMN08873457,simple,9615,Canis lupus familiaris,BAN00235,,,,,male,,no,,,,,NHGRI,SRA699439,,public,A0CC222C11C6A86A5B36A3C7849F7ABA,A952B93EC9848517433443940AA70AD9
SRR7120246,2018-05-10 00:06:36,2018-05-04 19:10:46,212624978,42524995600,212624978,200,16370,GCF_000002285.3,https://sra-downloadb.be-md.ncbi.nlm.nih.gov/sos12/sra-pub-zq-1214/SRR007/120/SRR7120246.sralite.1,SRX4041873,BAN00283,WGS,RANDOM,GENOMIC,PAIRED,0,0,ILLUMINA,Illumina HiSeq 2500,SRP144493,PRJNA448733,,448733,SRS3259343,SAMN08873458,simple,9615,Canis lupus familiaris,BAN00283,,,,,male,,no,,,,,NHGRI,SRA699439,,public,600D6AB4A2981DCF2D5ADE1A7FDF5547,75F6BE8E6E43B5849BDC90D96BE487C8
SRR7120247,2018-05-10 00:06:36,2018-05-04 19:33:54,206756651,41351330200,206756651,200,16496,GCF_000002285.3,https://sra-downloadb.be-md.ncbi.nlm.nih.gov/sos12/sra-pub-zq-1214/SRR007/120/SRR7120247.sralite.1,SRX4041874,BAN00289,WGS,RANDOM,GENOMIC,PAIRED,0,0,ILLUMINA,Illumina HiSeq 2500,SRP144493,PRJNA448733,,448733,SRS3259344,SAMN08873459,simple,9615,Canis lupus familiaris,BAN00289,,,,,male,,no,,,,,NHGRI,SRA699439,,public,CCA23EF95A96CBB13B0D3D0C789B4210,C180A1E2522043889306210AC24B00D8
SRR7120248,2018-05-10 00:06:36,2018-05-04 20:05:33,219843901,43968780200,219843901,200,16956,GCF_000002285.3,https://sra-downloadb.be-md.ncbi.nlm.nih.gov/sos12/sra-pub-zq-1214/SRR007/120/SRR7120248.sralite.1,SRX4041875,BAN00368,WGS,RANDOM,GENOMIC,PAIRED,0,0,ILLUMINA,Illumina HiSeq 2500,SRP144493,PRJNA448733,,448733,SRS3259346,SAMN08873460,simple,9615,Canis lupus familiaris,BAN00368,,,,,male,,no,,,,,NHGRI,SRA699439,,public,5A34B5ED79CC14D1D65033B128C0BEE1,CD71D06800AD984066C46DD80E4BFF9D
SRR7120249,2018-05-12 00:06:37,2018-05-05 00:00:56,550556047,71052951000,159973463,129,28418,GCF_000002285.3,https://sra-downloadb.be-md.ncbi.nlm.nih.gov/sos12/sra-pub-zq-1214/SRR007/120/SRR7120249.sralite.1,SRX4041876,BAN00380,WGS,RANDOM,GENOMIC,PAIRED,0,0,ILLUMINA,Illumina HiSeq 2500,SRP144493,PRJNA448733,,448733,SRS3259345,SAMN08873461,simple,9615,Canis lupus familiaris,BAN00380,,,,,male,,no,,,,,NHGRI,SRA699439,,public,163D4E9F0CCF68DA6336ED0238DD909C,5103B38CEA8C880831AE58890B88D51C
SRR7120250,2018-05-10 00:06:36,2018-05-04 21:00:23,191280163,38256032600,191280163,200,13848,GCF_000002285.3,https://sra-downloadb.be-md.ncbi.nlm.nih.gov/sos12/sra-pub-zq-1214/SRR007/120/SRR7120250.sralite.1,SRX4041877,BAN00437,WGS,RANDOM,GENOMIC,PAIRED,0,0,ILLUMINA,Illumina HiSeq 2500,SRP144493,PRJNA448733,,448733,SRS3259347,SAMN08873462,simple,9615,Canis lupus familiaris,BAN00437,,,,,female,,no,,,,,NHGRI,SRA699439,,public,A5B0A3E5D50F01F44BEC3CD20DF5CC25,31125117999EF22D4D6291B23CF59760
SRR7120251,2018-05-10 00:06:36,2018-05-04 21:55:48,195082312,39016462400,195082312,200,15523,GCF_000002285.3,https://sra-downloadb.be-md.ncbi.nlm.nih.gov/sos12/sra-pub-zq-1214/SRR007/120/SRR7120251.sralite.1,SRX4041878,BAN00449,WGS,RANDOM,GENOMIC,PAIRED,0,0,ILLUMINA,Illumina HiSeq 2500,SRP144493,PRJNA448733,,448733,SRS3259348,SAMN08873463,simple,9615,Canis lupus familiaris,BAN00449,,,,,male,,no,,,,,NHGRI,SRA699439,,public,B309391961075DFE19A1A09DC8078C2A,0D121882357E43C2C3C7426BD90FA70C
SRR7120252,2018-05-10 00:06:36,2018-05-04 22:10:18,196155256,39231051200,196155256,200,14381,GCF_000002285.3,https://sra-downloadb.be-md.ncbi.nlm.nih.gov/sos12/sra-pub-zq-1214/SRR007/120/SRR7120252.sralite.1,SRX4041879,BAN00461,WGS,RANDOM,GENOMIC,PAIRED,0,0,ILLUMINA,Illumina HiSeq 2500,SRP144493,PRJNA448733,,448733,SRS3259349,SAMN08873464,simple,9615,Canis lupus familiaris,BAN00461,,,,,male,,no,,,,,NHGRI,SRA699439,,public,4E2C0CF86E162B38FA0BCE2EA06D4176,C071EBA855B95E5F4FFF027110ADFD5A
SRR7120253,2018-05-10 00:06:36,2018-05-04 18:00:26,216140119,43228023800,216140119,200,16262,GCF_000002285.3,https://sra-downloadb.be-md.ncbi.nlm.nih.gov/sos12/sra-pub-zq-1214/SRR007/120/SRR7120253.sralite.1,SRX4041880,PER00016,WGS,RANDOM,GENOMIC,PAIRED,0,0,ILLUMINA,Illumina HiSeq 2500,SRP144493,PRJNA448733,,448733,SRS3259350,SAMN08873465,simple,9615,Canis lupus familiaris,PER00016,,,,,female,,no,,,,,NHGRI,SRA699439,,public,866A419CA2D528F8878BEC7209E37EFF,7D164F37C55DA4B19460460A82A4E3F1
SRR7120254,2018-05-10 00:06:36,2018-05-04 18:12:39,209314789,41862957800,209314789,200,16644,GCF_000002285.3,https://sra-downloadb.be-md.ncbi.nlm.nih.gov/sos12/sra-pub-zq-1214/SRR007/120/SRR7120254.sralite.1,SRX4041881,PER00018,WGS,RANDOM,GENOMIC,PAIRED,0,0,ILLUMINA,Illumina HiSeq 2500,SRP144493,PRJNA448733,,448733,SRS3259351,SAMN08873466,simple,9615,Canis lupus familiaris,PER00018,,,,,male,,no,,,,,NHGRI,SRA699439,,public,ACA959EA96E717243820F70F22715ED9,6847E91984F90694E69F85A805156546
SRR7120255,2018-05-10 00:06:36,2018-05-04 17:54:11,303790510,48103868800,177248178,158,19392,GCF_000002285.3,https://sra-downloadb.be-md.ncbi.nlm.nih.gov/sos12/sra-pub-zq-1214/SRR007/120/SRR7120255.sralite.1,SRX4041882,PER00025,WGS,RANDOM,GENOMIC,PAIRED,0,0,ILLUMINA,Illumina HiSeq 2500,SRP144493,PRJNA448733,,448733,SRS3259352,SAMN08873467,simple,9615,Canis lupus familiaris,PER00025,,,,,male,,no,,,,,NHGRI,SRA699439,,public,8BF5BA1D311B2370E2DABBE3FEF73BFC,6D061D327EE0FD61B53FC1BBA3610CBE
SRR7120256,2018-05-10 00:06:36,2018-05-04 18:14:53,194714102,38942820400,194714102,200,15145,GCF_000002285.3,https://sra-downloadb.be-md.ncbi.nlm.nih.gov/sos12/sra-pub-zq-1214/SRR007/120/SRR7120256.sralite.1,SRX4041883,PER00061,WGS,RANDOM,GENOMIC,PAIRED,0,0,ILLUMINA,Illumina HiSeq 2500,SRP144493,PRJNA448733,,448733,SRS3259353,SAMN08873468,simple,9615,Canis lupus familiaris,PER00061,,,,,female,,no,,,,,NHGRI,SRA699439,,public,14E62285C5C475461B3D165BF597E26D,B70C1D7C89FAD9B9648C2B37E631E1BD
SRR7120257,2018-05-10 00:06:36,2018-05-04 17:38:33,200910190,40182038000,200910190,200,15240,GCF_000002285.3,https://sra-downloadb.be-md.ncbi.nlm.nih.gov/sos12/sra-pub-zq-1214/SRR007/120/SRR7120257.sralite.1,SRX4041884,PER00064,WGS,RANDOM,GENOMIC,PAIRED,0,0,ILLUMINA,Illumina HiSeq 2500,SRP144493,PRJNA448733,,448733,SRS3259354,SAMN08873469,simple,9615,Canis lupus familiaris,PER00064,,,,,female,,no,,,,,NHGRI,SRA699439,,public,991D3B36285A3B5A1F22D6CA76A0211F,A76BD54F9DE0A56BF3995274F0A84C7D
SRR7120259,2018-05-10 00:06:36,2018-05-04 17:45:25,212330088,42466017600,212330088,200,16262,GCF_000002285.3,https://sra-downloadb.be-md.ncbi.nlm.nih.gov/sos12/sra-pub-zq-1214/SRR007/120/SRR7120259.sralite.1,SRX4041886,PER00107,WGS,RANDOM,GENOMIC,PAIRED,0,0,ILLUMINA,Illumina HiSeq 2500,SRP144493,PRJNA448733,,448733,SRS3259355,SAMN08873471,simple,9615,Canis lupus familiaris,PER00107,,,,,male,,no,,,,,NHGRI,SRA699439,,public,6750079C85E75466A4B072F803CE2956,E29C2D3499FE7E722AD2ADEE67B25247
SRR7120258,2018-05-10 00:06:36,2018-05-04 19:32:22,620246671,69614117000,75894499,112,29617,GCF_000002285.3,https://sra-downloadb.be-md.ncbi.nlm.nih.gov/sos12/sra-pub-zq-1214/SRR007/120/SRR7120258.sralite.1,SRX4041885,PER00075,WGS,RANDOM,GENOMIC,PAIRED,0,0,ILLUMINA,Illumina HiSeq 2500,SRP144493,PRJNA448733,,448733,SRS3259356,SAMN08873470,simple,9615,Canis lupus familiaris,PER00075,,,,,female,,no,,,,,NHGRI,SRA699439,,public,93EB86FB9C3C5FB76ED20474994C4990,5BD97DF35C879053871425BF619120AA
SRR7120260,2018-05-10 00:06:36,2018-05-04 17:30:34,191959115,38391823000,191959115,200,14641,GCF_000002285.3,https://sra-downloadb.be-md.ncbi.nlm.nih.gov/sos12/sra-pub-zq-1214/SRR007/120/SRR7120260.sralite.1,SRX4041887,PER00138,WGS,RANDOM,GENOMIC,PAIRED,0,0,ILLUMINA,Illumina HiSeq 2500,SRP144493,PRJNA448733,,448733,SRS3259357,SAMN08873472,simple,9615,Canis lupus familiaris,PER00138,,,,,male,,no,,,,,NHGRI,SRA699439,,public,8B07B20CF6198E4FE48C20F53B70E0D7,8A3E3AF27E6569D12B9333E87FE4FC98
SRR7120261,2018-05-10 00:06:36,2018-05-04 17:45:39,296379832,33891048403,42530621,114,13613,GCF_000002285.3,https://sra-downloadb.be-md.ncbi.nlm.nih.gov/sos12/sra-pub-zq-1214/SRR007/120/SRR7120261.sralite.1,SRX4041888,PER00142,WGS,RANDOM,GENOMIC,PAIRED,0,0,ILLUMINA,Illumina HiSeq 2500,SRP144493,PRJNA448733,,448733,SRS3259358,SAMN08873473,simple,9615,Canis lupus familiaris,PER00142,,,,,male,,no,,,,,NHGRI,SRA699439,,public,F9FE8CA6D0F6F394A20FF2B411D0E623,30A4C218ED8E787417C9E7A56BBF854D
SRR7120262,2018-05-10 00:06:36,2018-05-04 17:56:50,202007644,40401528800,202007644,200,15326,GCF_000002285.3,https://sra-downloadb.be-md.ncbi.nlm.nih.gov/sos12/sra-pub-zq-1214/SRR007/120/SRR7120262.sralite.1,SRX4041889,PER00144,WGS,RANDOM,GENOMIC,PAIRED,0,0,ILLUMINA,Illumina HiSeq 2500,SRP144493,PRJNA448733,,448733,SRS3259359,SAMN08873474,simple,9615,Canis lupus familiaris,PER00144,,,,,male,,no,,,,,NHGRI,SRA699439,,public,10B0688680DB556CB8B3596F7D6F6B41,0CF2C8A3CF19DED24B59B78F5A730CA0
SRR7120263,2018-05-10 00:06:36,2018-05-04 17:31:00,258884504,29572295679,36838552,114,11276,GCF_000002285.3,https://sra-downloadb.be-md.ncbi.nlm.nih.gov/sos12/sra-pub-zq-1214/SRR007/120/SRR7120263.sralite.1,SRX4041890,PER00152,WGS,RANDOM,GENOMIC,PAIRED,0,0,ILLUMINA,Illumina HiSeq 2500,SRP144493,PRJNA448733,,448733,SRS3259360,SAMN08873475,simple,9615,Canis lupus familiaris,PER00152,,,,,female,,no,,,,,NHGRI,SRA699439,,public,A7D1DD09AC3F5B4FF7EC92E8512B16A0,31419276C985088C11C9FAFC69FEF44F
SRR7120264,2018-05-10 00:06:36,2018-05-04 18:53:29,403306612,67351193100,403306612,166,28651,GCF_000002285.3,https://sra-downloadb.be-md.ncbi.nlm.nih.gov/sos12/sra-pub-zq-1214/SRR007/120/SRR7120264.sralite.1,SRX4041891,PER00204,WGS,RANDOM,GENOMIC,PAIRED,0,0,ILLUMINA,Illumina HiSeq 2500,SRP144493,PRJNA448733,,448733,SRS3259361,SAMN08873476,simple,9615,Canis lupus familiaris,PER00204,,,,,female,,no,,,,,NHGRI,SRA699439,,public,8A56A87ACBF169ABFDC981F455FC9699,64B2A5019BEAC297B27C3A33B8C08BF8
SRR7120265,2018-05-10 00:06:36,2018-05-04 18:13:41,196556733,39311346600,196556733,200,14665,GCF_000002285.3,https://sra-downloadb.be-md.ncbi.nlm.nih.gov/sos12/sra-pub-zq-1214/SRR007/120/SRR7120265.sralite.1,SRX4041892,PER00226,WGS,RANDOM,GENOMIC,PAIRED,0,0,ILLUMINA,Illumina HiSeq 2500,SRP144493,PRJNA448733,,448733,SRS3259362,SAMN08873477,simple,9615,Canis lupus familiaris,PER00226,,,,,male,,no,,,,,NHGRI,SRA699439,,public,30DF4C46D43605CBA179B70A433008C8,24058B97A856A733C0E29B6C0DDCDF3E
SRR7120266,2018-05-10 00:06:36,2018-05-04 17:36:27,190525684,38105136800,190525684,200,14344,GCF_000002285.3,https://sra-downloadb.be-md.ncbi.nlm.nih.gov/sos12/sra-pub-zq-1214/SRR007/120/SRR7120266.sralite.1,SRX4041893,PER00259,WGS,RANDOM,GENOMIC,PAIRED,0,0,ILLUMINA,Illumina HiSeq 2500,SRP144493,PRJNA448733,,448733,SRS3259363,SAMN08873478,simple,9615,Canis lupus familiaris,PER00259,,,,,female,,no,,,,,NHGRI,SRA699439,,public,F425A6714B600BECA378CC39D718758E,863E308F6EA65200381F3ECEFF61286D
SRR7120267,2018-05-10 00:06:36,2018-05-04 18:02:04,199786805,39957361000,199786805,200,15528,GCF_000002285.3,https://sra-downloadb.be-md.ncbi.nlm.nih.gov/sos12/sra-pub-zq-1214/SRR007/120/SRR7120267.sralite.1,SRX4041894,PER00274,WGS,RANDOM,GENOMIC,PAIRED,0,0,ILLUMINA,Illumina HiSeq 2500,SRP144493,PRJNA448733,,448733,SRS3259364,SAMN08873479,simple,9615,Canis lupus familiaris,PER00274,,,,,male,,no,,,,,NHGRI,SRA699439,,public,E45DE27D5A424FA97F4F43A6DA0C8957,645B4ACA31F915576751A0E522AB20C0
SRR7120268,2018-05-10 00:06:36,2018-05-04 18:12:55,247490059,46227187600,247490059,186,19106,GCF_000002285.3,https://sra-downloadb.be-md.ncbi.nlm.nih.gov/sos12/sra-pub-zq-1214/SRR007/120/SRR7120268.sralite.1,SRX4041895,PER00313,WGS,RANDOM,GENOMIC,PAIRED,0,0,ILLUMINA,Illumina HiSeq 2500,SRP144493,PRJNA448733,,448733,SRS3259365,SAMN08873480,simple,9615,Canis lupus familiaris,PER00313,,,,,male,,no,,,,,NHGRI,SRA699439,,public,945A86B6AD52E5472D031B38B8D759B1,CD6EEF24741F3A8F4DA6D52B1415041B
SRR7120269,2018-05-10 00:06:36,2018-05-04 17:59:48,201637516,40327503200,201637516,200,15495,GCF_000002285.3,https://sra-downloadb.be-md.ncbi.nlm.nih.gov/sos12/sra-pub-zq-1214/SRR007/120/SRR7120269.sralite.1,SRX4041896,PER00314,WGS,RANDOM,GENOMIC,PAIRED,0,0,ILLUMINA,Illumina HiSeq 2500,SRP144493,PRJNA448733,,448733,SRS3259366,SAMN08873481,simple,9615,Canis lupus familiaris,PER00314,,,,,female,,no,,,,,NHGRI,SRA699439,,public,8ECA9883699D345FD4C9F4584EFEA3B9,288027ECAE997357DFF8436BFB35995C
SRR7120270,2018-05-10 00:06:36,2018-05-04 18:13:14,216362531,43272506200,216362531,200,19348,GCF_000002285.3,https://sra-downloadb.be-md.ncbi.nlm.nih.gov/sos12/sra-pub-zq-1214/SRR007/120/SRR7120270.sralite.1,SRX4041897,PER00321,WGS,RANDOM,GENOMIC,PAIRED,0,0,ILLUMINA,Illumina HiSeq 2500,SRP144493,PRJNA448733,,448733,SRS3259367,SAMN08873482,simple,9615,Canis lupus familiaris,PER00321,,,,,male,,no,,,,,NHGRI,SRA699439,,public,98F5FBD0D3E883FBF81CCF141DD0D1D6,6EC74DD405DF25D46CD34D3C1C8C8AE3
SRR7120271,2018-05-10 00:06:36,2018-05-04 17:47:01,282017806,37466351928,92645577,132,15276,GCF_000002285.3,https://sra-downloadb.be-md.ncbi.nlm.nih.gov/sos12/sra-pub-zq-1214/SRR007/120/SRR7120271.sralite.1,SRX4041898,PER00324,WGS,RANDOM,GENOMIC,PAIRED,0,0,ILLUMINA,Illumina HiSeq 2500,SRP144493,PRJNA448733,,448733,SRS3259368,SAMN08873483,simple,9615,Canis lupus familiaris,PER00324,,,,,female,,no,,,,,NHGRI,SRA699439,,public,AC792679EC60BE27F4BA789D150AEF88,CAD3837A0440D5075FF9FC1817FB7F92
SRR7120272,2018-05-10 00:06:36,2018-05-04 17:59:05,236367565,47273513000,236367565,200,19713,GCF_000002285.3,https://sra-downloadb.be-md.ncbi.nlm.nih.gov/sos12/sra-pub-zq-1214/SRR007/120/SRR7120272.sralite.1,SRX4041899,PER00327,WGS,RANDOM,GENOMIC,PAIRED,0,0,ILLUMINA,Illumina HiSeq 2500,SRP144493,PRJNA448733,,448733,SRS3259369,SAMN08873484,simple,9615,Canis lupus familiaris,PER00327,,,,,male,,no,,,,,NHGRI,SRA699439,,public,E36D908EA9A9DC2901820B80D178076D,A7D4350ACD464FC9954CDA6133BEF0DD
SRR7120273,2018-05-10 00:06:36,2018-05-04 17:42:10,194188859,38599899000,194188859,198,15589,GCF_000002285.3,https://sra-downloadb.be-md.ncbi.nlm.nih.gov/sos12/sra-pub-zq-1214/SRR007/120/SRR7120273.sralite.1,SRX4041900,PER00344,WGS,RANDOM,GENOMIC,PAIRED,0,0,ILLUMINA,Illumina HiSeq 2500,SRP144493,PRJNA448733,,448733,SRS3259370,SAMN08873485,simple,9615,Canis lupus familiaris,PER00344,,,,,male,,no,,,,,NHGRI,SRA699439,,public,EFEB9108C2A33DB6EA3F86CA4E92B2E6,F5750DAF8B5200C19A5AEAF392604776
SRR7120275,2018-05-10 00:06:36,2018-05-04 17:37:05,189861508,37972301600,189861508,200,15879,GCF_000002285.3,https://sra-downloadb.be-md.ncbi.nlm.nih.gov/sos12/sra-pub-zq-1214/SRR007/120/SRR7120275.sralite.1,SRX4041902,PER00393,WGS,RANDOM,GENOMIC,PAIRED,0,0,ILLUMINA,Illumina HiSeq 2500,SRP144493,PRJNA448733,,448733,SRS3259371,SAMN08873487,simple,9615,Canis lupus familiaris,PER00393,,,,,female,,no,,,,,NHGRI,SRA699439,,public,9C223195A44C3EFEC2703803488A0902,B539C63C2CDE60EEFF8FEAC60CD1E6D3
SRR7120274,2018-05-10 00:06:36,2018-05-04 18:32:38,235679564,47135912800,235679564,200,20735,GCF_000002285.3,https://sra-downloadb.be-md.ncbi.nlm.nih.gov/sos12/sra-pub-zq-1214/SRR007/120/SRR7120274.sralite.1,SRX4041901,PER00361,WGS,RANDOM,GENOMIC,PAIRED,0,0,ILLUMINA,Illumina HiSeq 2500,SRP144493,PRJNA448733,,448733,SRS3259372,SAMN08873486,simple,9615,Canis lupus familiaris,PER00361,,,,,male,,no,,,,,NHGRI,SRA699439,,public,7ED89ADE00734AF44FA64AD5453C4D68,0296E985FC5C0AFD19595AAF87DC7098
SRR7120276,2018-05-10 00:06:36,2018-05-04 17:49:03,229814879,45962975800,229814879,200,17758,GCF_000002285.3,https://sra-downloadb.be-md.ncbi.nlm.nih.gov/sos12/sra-pub-zq-1214/SRR007/120/SRR7120276.sralite.1,SRX4041903,PER00394,WGS,RANDOM,GENOMIC,PAIRED,0,0,ILLUMINA,Illumina HiSeq 2500,SRP144493,PRJNA448733,,448733,SRS3259373,SAMN08873488,simple,9615,Canis lupus familiaris,PER00394,,,,,male,,no,,,,,NHGRI,SRA699439,,public,4FD569735CE339EB15AF19702716BEF6,0B7EFEDD68E56E884987297A312B33FD
SRR7120277,2018-05-10 00:06:36,2018-05-04 17:34:23,173197649,34639529800,173197649,200,14600,GCF_000002285.3,https://sra-downloadb.be-md.ncbi.nlm.nih.gov/sos12/sra-pub-zq-1214/SRR007/120/SRR7120277.sralite.1,SRX4041904,PER00408,WGS,RANDOM,GENOMIC,PAIRED,0,0,ILLUMINA,Illumina HiSeq 2500,SRP144493,PRJNA448733,,448733,SRS3259374,SAMN08873489,simple,9615,Canis lupus familiaris,PER00408,,,,,male,,no,,,,,NHGRI,SRA699439,,public,5E0E43658F73DEFE3A619BCCA99C4E22,D10070A1E290B65C7458D45F879A2DDB
SRR7120279,2018-05-10 00:06:36,2018-05-04 17:50:10,191054219,38210843800,191054219,200,13946,GCF_000002285.3,https://sra-downloadb.be-md.ncbi.nlm.nih.gov/sos12/sra-pub-zq-1214/SRR007/120/SRR7120279.sralite.1,SRX4041906,PER00425,WGS,RANDOM,GENOMIC,PAIRED,0,0,ILLUMINA,Illumina HiSeq 2500,SRP144493,PRJNA448733,,448733,SRS3259375,SAMN08873491,simple,9615,Canis lupus familiaris,PER00425,,,,,male,,no,,,,,NHGRI,SRA699439,,public,A0986FF13E1E1C9805095AC20711262F,1E76667B26CA4F10818A73B60B50E395
SRR7120280,2018-05-10 00:06:36,2018-05-04 18:41:07,540797553,33649943303,132201314,62,16110,GCF_000002285.3,https://sra-downloadb.be-md.ncbi.nlm.nih.gov/sos12/sra-pub-zq-1214/SRR007/120/SRR7120280.sralite.1,SRX4041907,PER00429,WGS,RANDOM,GENOMIC,PAIRED,0,0,ILLUMINA,Illumina HiSeq 2500,SRP144493,PRJNA448733,,448733,SRS3259376,SAMN08873492,simple,9615,Canis lupus familiaris,PER00429,,,,,male,,no,,,,,NHGRI,SRA699439,,public,6129109BFFFA415AF3FD8D5B7BBE3EE9,031C16F6B50D12F56D9B3285615C8AE0
SRR7120278,2018-05-10 00:06:36,2018-05-04 18:37:24,338635271,67727054200,338635271,200,27479,GCF_000002285.3,https://sra-downloadb.be-md.ncbi.nlm.nih.gov/sos12/sra-pub-zq-1214/SRR007/120/SRR7120278.sralite.1,SRX4041905,PER00409,WGS,RANDOM,GENOMIC,PAIRED,0,0,ILLUMINA,Illumina HiSeq 2500,SRP144493,PRJNA448733,,448733,SRS3259377,SAMN08873490,simple,9615,Canis lupus familiaris,PER00409,,,,,female,,no,,,,,NHGRI,SRA699439,,public,497EEFD913B85E7695068A3DDD26ECBD,66A4F0A65A27965984A568BE7350FDA7
SRR7120281,2018-05-10 00:06:36,2018-05-04 17:53:24,349623506,34962350567,0,99,17972,GCF_000002285.3,https://sra-downloadb.be-md.ncbi.nlm.nih.gov/sos12/sra-pub-zq-1214/SRR007/120/SRR7120281.sralite.1,SRX4041908,PER00438,WGS,RANDOM,GENOMIC,PAIRED,0,0,ILLUMINA,Illumina HiSeq 2500,SRP144493,PRJNA448733,,448733,SRS3259378,SAMN08873493,simple,9615,Canis lupus familiaris,PER00438,,,,,male,,no,,,,,NHGRI,SRA699439,,public,A88F2F4E631C152DF2649207FC2F687D,7CEF3068D9AFF77B2A5805307807CFCE
SRR7120282,2018-05-10 00:06:36,2018-05-04 18:45:32,474240505,58749494699,113254442,123,24632,GCF_000002285.3,https://sra-downloadb.be-md.ncbi.nlm.nih.gov/sos12/sra-pub-zq-1214/SRR007/120/SRR7120282.sralite.1,SRX4041909,PER00454,WGS,RANDOM,GENOMIC,PAIRED,0,0,ILLUMINA,Illumina HiSeq 2500,SRP144493,PRJNA448733,,448733,SRS3259379,SAMN08873494,simple,9615,Canis lupus familiaris,PER00454,,,,,male,,no,,,,,NHGRI,SRA699439,,public,BDEA22C7B517C41F7650DED9FF55D77B,F2295C823061C8DCB3BFAEF93D55AC38
SRR7120283,2018-05-10 00:06:36,2018-05-04 18:12:43,220651144,44130228800,220651144,200,16735,GCF_000002285.3,https://sra-downloadb.be-md.ncbi.nlm.nih.gov/sos12/sra-pub-zq-1214/SRR007/120/SRR7120283.sralite.1,SRX4041910,PER00462,WGS,RANDOM,GENOMIC,PAIRED,0,0,ILLUMINA,Illumina HiSeq 2500,SRP144493,PRJNA448733,,448733,SRS3259380,SAMN08873495,simple,9615,Canis lupus familiaris,PER00462,,,,,male,,no,,,,,NHGRI,SRA699439,,public,82074C62091DF090109136B37822825F,7235D1C9A28A39B367D493C1CBD9DBBA
SRR7120284,2018-05-10 00:06:36,2018-05-04 18:45:34,253952397,50790479400,253952397,200,19640,GCF_000002285.3,https://sra-downloadb.be-md.ncbi.nlm.nih.gov/sos12/sra-pub-zq-1214/SRR007/120/SRR7120284.sralite.1,SRX4041911,PER00465,WGS,RANDOM,GENOMIC,PAIRED,0,0,ILLUMINA,Illumina HiSeq 2500,SRP144493,PRJNA448733,,448733,SRS3259381,SAMN08873496,simple,9615,Canis lupus familiaris,PER00465,,,,,male,,no,,,,,NHGRI,SRA699439,,public,2FF4B9123E982A13061117EB44E33FF3,35EE3465CFDAF8FF5EFBFB0A133DB145
SRR7120285,2018-05-10 00:06:36,2018-05-04 18:17:36,228025370,45605074000,228025370,200,18423,GCF_000002285.3,https://sra-downloadb.be-md.ncbi.nlm.nih.gov/sos12/sra-pub-zq-1214/SRR007/120/SRR7120285.sralite.1,SRX4041912,PER00481,WGS,RANDOM,GENOMIC,PAIRED,0,0,ILLUMINA,Illumina HiSeq 2500,SRP144493,PRJNA448733,,448733,SRS3259382,SAMN08873497,simple,9615,Canis lupus familiaris,PER00481,,,,,male,,no,,,,,NHGRI,SRA699439,,public,F320BF35F58BD82DDD2D3E98BCA39381,D2D0663199CA76BAB31F0B3B480A7E45
SRR7120286,2018-05-10 00:06:36,2018-05-04 17:55:56,188614547,37722909400,188614547,200,15267,GCF_000002285.3,https://sra-downloadb.be-md.ncbi.nlm.nih.gov/sos12/sra-pub-zq-1214/SRR007/120/SRR7120286.sralite.1,SRX4041913,PER00484,WGS,RANDOM,GENOMIC,PAIRED,0,0,ILLUMINA,Illumina HiSeq 2500,SRP144493,PRJNA448733,,448733,SRS3259383,SAMN08873498,simple,9615,Canis lupus familiaris,PER00484,,,,,female,,no,,,,,NHGRI,SRA699439,,public,C2749A5E5A56A0A03740EB630FBCD1DF,42D955E90901091108BD9222D4E404BD
SRR7120287,2018-05-10 00:06:36,2018-05-04 18:05:46,202299211,40459842200,202299211,200,16347,GCF_000002285.3,https://sra-downloadb.be-md.ncbi.nlm.nih.gov/sos12/sra-pub-zq-1214/SRR007/120/SRR7120287.sralite.1,SRX4041914,PER00550,WGS,RANDOM,GENOMIC,PAIRED,0,0,ILLUMINA,Illumina HiSeq 2500,SRP144493,PRJNA448733,,448733,SRS3259384,SAMN08873499,simple,9615,Canis lupus familiaris,PER00550,,,,,male,,no,,,,,NHGRI,SRA699439,,public,77BEEB4F2134C5B6015D27AE8442DD7E,DFEB2137642B1414D2357CB282BBCEFF
SRR7120288,2018-05-10 00:06:36,2018-05-04 18:21:27,166707146,33341429200,166707146,200,13590,GCF_000002285.3,https://sra-downloadb.be-md.ncbi.nlm.nih.gov/sos12/sra-pub-zq-1214/SRR007/120/SRR7120288.sralite.1,SRX4041915,PER00594,WGS,RANDOM,GENOMIC,PAIRED,0,0,ILLUMINA,Illumina HiSeq 2500,SRP144493,PRJNA448733,,448733,SRS3259385,SAMN08873500,simple,9615,Canis lupus familiaris,PER00594,,,,,female,,no,,,,,NHGRI,SRA699439,,public,59C5D71BCF3340FFBF99764606874F57,D87557D3BEB12D430A607EA8616EA29F
SRR7120289,2018-05-10 00:06:36,2018-05-04 19:12:15,297185422,37332765841,76142236,125,14029,GCF_000002285.3,https://sra-downloadb.be-md.ncbi.nlm.nih.gov/sos12/sra-pub-zq-1214/SRR007/120/SRR7120289.sralite.1,SRX4041916,PER00602,WGS,RANDOM,GENOMIC,PAIRED,0,0,ILLUMINA,Illumina HiSeq 2500,SRP144493,PRJNA448733,,448733,SRS3259386,SAMN08873501,simple,9615,Canis lupus familiaris,PER00602,,,,,male,,no,,,,,NHGRI,SRA699439,,public,81E540A878D01E9FA611D0E1189748F6,D0375E187D0F97886DDF02C4E9AB89D1
SRR7120290,2018-05-10 00:06:36,2018-05-04 18:57:00,210206483,42041296600,210206483,200,16302,GCF_000002285.3,https://sra-downloadb.be-md.ncbi.nlm.nih.gov/sos12/sra-pub-zq-1214/SRR007/120/SRR7120290.sralite.1,SRX4041917,PER00605,WGS,RANDOM,GENOMIC,PAIRED,0,0,ILLUMINA,Illumina HiSeq 2500,SRP144493,PRJNA448733,,448733,SRS3259387,SAMN08873502,simple,9615,Canis lupus familiaris,PER00605,,,,,male,,no,,,,,NHGRI,SRA699439,,public,9662352583DB27E8E79114EEC21BB054,836D903BAB3EF6DF3EF68CCB2A15677B
SRR7120291,2018-05-10 00:06:36,2018-05-04 18:12:28,194670137,38934027400,194670137,200,15411,GCF_000002285.3,https://sra-downloadb.be-md.ncbi.nlm.nih.gov/sos12/sra-pub-zq-1214/SRR007/120/SRR7120291.sralite.1,SRX4041918,PER00606,WGS,RANDOM,GENOMIC,PAIRED,0,0,ILLUMINA,Illumina HiSeq 2500,SRP144493,PRJNA448733,,448733,SRS3259388,SAMN08873503,simple,9615,Canis lupus familiaris,PER00606,,,,,male,,no,,,,,NHGRI,SRA699439,,public,8A6D8337DF81F631C92500F8041C632E,2B471D3C01B78F5666FBB224335E6A4A
SRR7120292,2018-05-10 00:06:37,2018-05-04 19:21:21,314318397,56359520100,314318397,179,22581,GCF_000002285.3,https://sra-downloadb.be-md.ncbi.nlm.nih.gov/sos12/sra-pub-zq-1214/SRR007/120/SRR7120292.sralite.1,SRX4041919,PER00607,WGS,RANDOM,GENOMIC,PAIRED,0,0,ILLUMINA,Illumina HiSeq 2500,SRP144493,PRJNA448733,,448733,SRS3259389,SAMN08873504,simple,9615,Canis lupus familiaris,PER00607,,,,,male,,no,,,,,NHGRI,SRA699439,,public,63DCB7BAA549B54F8EF2D799DE65923E,E31DFDBBC2636A56650DAEE22D96DB64
SRR7120293,2018-05-10 00:06:37,2018-05-04 18:20:10,218842606,43768521200,218842606,200,18137,GCF_000002285.3,https://sra-downloadb.be-md.ncbi.nlm.nih.gov/sos12/sra-pub-zq-1214/SRR007/120/SRR7120293.sralite.1,SRX4041920,PER00622,WGS,RANDOM,GENOMIC,PAIRED,0,0,ILLUMINA,Illumina HiSeq 2500,SRP144493,PRJNA448733,,448733,SRS3259390,SAMN08873505,simple,9615,Canis lupus familiaris,PER00622,,,,,male,,no,,,,,NHGRI,SRA699439,,public,99070E0E3AD852D1DFADEC83CE652F31,AA91E3003FFB39EAC4BC7521CE5B4509
SRR7120294,2018-05-10 00:06:37,2018-05-04 18:33:42,204849655,40969931000,204849655,200,16468,GCF_000002285.3,https://sra-downloadb.be-md.ncbi.nlm.nih.gov/sos12/sra-pub-zq-1214/SRR007/120/SRR7120294.sralite.1,SRX4041921,PER00626,WGS,RANDOM,GENOMIC,PAIRED,0,0,ILLUMINA,Illumina HiSeq 2500,SRP144493,PRJNA448733,,448733,SRS3259391,SAMN08873506,simple,9615,Canis lupus familiaris,PER00626,,,,,male,,no,,,,,NHGRI,SRA699439,,public,52FFD0C7FDC3C9C6B3667C7084E21EDF,24C38AFD813EDD62B458FAA01CD3C517
SRR7120295,2018-05-10 00:06:37,2018-05-04 17:26:39,153158072,19437950334,41221431,126,7537,GCF_000002285.3,https://sra-downloadb.be-md.ncbi.nlm.nih.gov/sos12/sra-pub-zq-1214/SRR007/120/SRR7120295.sralite.1,SRX4041922,PER00640,WGS,RANDOM,GENOMIC,PAIRED,0,0,ILLUMINA,Illumina HiSeq 2500,SRP144493,PRJNA448733,,448733,SRS3259392,SAMN08873507,simple,9615,Canis lupus familiaris,PER00640,,,,,male,,no,,,,,NHGRI,SRA699439,,public,E5C54579062796F48D8BD673288FE5A9,CB4AB1FCCB8A128B931E104571E2422D
SRR7120296,2018-05-10 00:06:37,2018-05-04 18:32:33,194945191,38989038200,194945191,200,14661,GCF_000002285.3,https://sra-downloadb.be-md.ncbi.nlm.nih.gov/sos12/sra-pub-zq-1214/SRR007/120/SRR7120296.sralite.1,SRX4041923,PER00642,WGS,RANDOM,GENOMIC,PAIRED,0,0,ILLUMINA,Illumina HiSeq 2500,SRP144493,PRJNA448733,,448733,SRS3259393,SAMN08873508,simple,9615,Canis lupus familiaris,PER00642,,,,,female,,no,,,,,NHGRI,SRA699439,,public,50B3B789E2C615CABF1CB1E4FADE367F,F85634401C3A95B9DA7D3B112EFF7516
SRR7120297,2018-05-10 00:06:37,2018-05-04 19:24:51,238443825,47688765000,238443825,200,19833,GCF_000002285.3,https://sra-downloadb.be-md.ncbi.nlm.nih.gov/sos12/sra-pub-zq-1214/SRR007/120/SRR7120297.sralite.1,SRX4041924,PER00646,WGS,RANDOM,GENOMIC,PAIRED,0,0,ILLUMINA,Illumina HiSeq 2500,SRP144493,PRJNA448733,,448733,SRS3259394,SAMN08873509,simple,9615,Canis lupus familiaris,PER00646,,,,,female,,no,,,,,NHGRI,SRA699439,,public,936422F4D83C247D85D69C0DEF760C2B,9ACFFDF1E613718E80D61D614EF555E5
SRR7120298,2018-05-10 00:06:37,2018-05-04 18:46:41,217795834,43559166800,217795834,200,16851,GCF_000002285.3,https://sra-downloadb.be-md.ncbi.nlm.nih.gov/sos12/sra-pub-zq-1214/SRR007/120/SRR7120298.sralite.1,SRX4041925,PER00650,WGS,RANDOM,GENOMIC,PAIRED,0,0,ILLUMINA,Illumina HiSeq 2500,SRP144493,PRJNA448733,,448733,SRS3259395,SAMN08873510,simple,9615,Canis lupus familiaris,PER00650,,,,,male,,no,,,,,NHGRI,SRA699439,,public,317C48DF81CE7B6E884D4B3055984B42,2164C47821B468793B57CEE92335DBC3
SRR7120299,2018-05-10 00:06:37,2018-05-04 19:50:21,230231893,46046378600,230231893,200,17551,GCF_000002285.3,https://sra-downloadb.be-md.ncbi.nlm.nih.gov/sos12/sra-pub-zq-1214/SRR007/120/SRR7120299.sralite.1,SRX4041926,PER00658,WGS,RANDOM,GENOMIC,PAIRED,0,0,ILLUMINA,Illumina HiSeq 2500,SRP144493,PRJNA448733,,448733,SRS3259396,SAMN08873511,simple,9615,Canis lupus familiaris,PER00658,,,,,male,,no,,,,,NHGRI,SRA699439,,public,B05CA89B2ED4C71A7075EBBD79E8924E,7834D5F3F152B780145AA21AB7E01A20
SRR7120300,2018-05-10 00:06:37,2018-05-04 19:40:47,205530777,41106155400,205530777,200,15361,GCF_000002285.3,https://sra-downloadb.be-md.ncbi.nlm.nih.gov/sos12/sra-pub-zq-1214/SRR007/120/SRR7120300.sralite.1,SRX4041927,PER00738,WGS,RANDOM,GENOMIC,PAIRED,0,0,ILLUMINA,Illumina HiSeq 2500,SRP144493,PRJNA448733,,448733,SRS3259397,SAMN08873512,simple,9615,Canis lupus familiaris,PER00738,,,,,male,,no,,,,,NHGRI,SRA699439,,public,F45F056C6BC260F6E530391425ACF8FD,EBACBEF7DC763DC3D6B022CA61D3F89D
SRR7120301,2018-05-10 00:06:37,2018-05-04 19:18:06,197960059,39592011800,197960059,200,14984,GCF_000002285.3,https://sra-downloadb.be-md.ncbi.nlm.nih.gov/sos12/sra-pub-zq-1214/SRR007/120/SRR7120301.sralite.1,SRX4041928,PER00739,WGS,RANDOM,GENOMIC,PAIRED,0,0,ILLUMINA,Illumina HiSeq 2500,SRP144493,PRJNA448733,,448733,SRS3259398,SAMN08873513,simple,9615,Canis lupus familiaris,PER00739,,,,,female,,no,,,,,NHGRI,SRA699439,,public,FE66D78755300765DE2E039E38E0BB7D,2C9A9EB9CB2507DF6DDC6E3459A7F782
SRR7120302,2018-05-10 00:06:37,2018-05-04 17:59:06,40970766,4481285138,3841128,109,1771,GCF_000002285.3,https://sra-downloadb.be-md.ncbi.nlm.nih.gov/sos12/sra-pub-zq-1214/SRR007/120/SRR7120302.sralite.1,SRX4041929,PER00747,WGS,RANDOM,GENOMIC,PAIRED,0,0,ILLUMINA,Illumina HiSeq 2500,SRP144493,PRJNA448733,,448733,SRS3259399,SAMN08873514,simple,9615,Canis lupus familiaris,PER00747,,,,,female,,no,,,,,NHGRI,SRA699439,,public,9F96635450E2E0190D8E3EED372A7938,D78E0D258F2D2CDB8ED3EECDF5F37038
SRR7120303,2018-05-10 00:06:37,2018-05-04 19:29:34,193869375,38773875000,193869375,200,14608,GCF_000002285.3,https://sra-downloadb.be-md.ncbi.nlm.nih.gov/sos12/sra-pub-zq-1214/SRR007/120/SRR7120303.sralite.1,SRX4041930,PER00750,WGS,RANDOM,GENOMIC,PAIRED,0,0,ILLUMINA,Illumina HiSeq 2500,SRP144493,PRJNA448733,,448733,SRS3259400,SAMN08873515,simple,9615,Canis lupus familiaris,PER00750,,,,,male,,no,,,,,NHGRI,SRA699439,,public,501A9550C1642B33B8A79950867C3F18,47EAF2E35A7F269C2052BEE6FE87C6BA
SRR7120304,2018-05-10 00:06:37,2018-05-04 19:46:45,195498102,39099620400,195498102,200,16419,GCF_000002285.3,https://sra-downloadb.be-md.ncbi.nlm.nih.gov/sos12/sra-pub-zq-1214/SRR007/120/SRR7120304.sralite.1,SRX4041931,PER00758,WGS,RANDOM,GENOMIC,PAIRED,0,0,ILLUMINA,Illumina HiSeq 2500,SRP144493,PRJNA448733,,448733,SRS3259401,SAMN08873516,simple,9615,Canis lupus familiaris,PER00758,,,,,female,,no,,,,,NHGRI,SRA699439,,public,ED220A1297A0BCB4E9578EF87EE40471,01733D5549FF3626B52077ED18D068F9
SRR7120305,2018-05-10 00:06:37,2018-05-04 21:01:48,222090196,44418039200,222090196,200,17184,GCF_000002285.3,https://sra-downloadb.be-md.ncbi.nlm.nih.gov/sos12/sra-pub-zq-1214/SRR007/120/SRR7120305.sralite.1,SRX4041932,PER00777,WGS,RANDOM,GENOMIC,PAIRED,0,0,ILLUMINA,Illumina HiSeq 2500,SRP144493,PRJNA448733,,448733,SRS3259402,SAMN08873517,simple,9615,Canis lupus familiaris,PER00777,,,,,male,,no,,,,,NHGRI,SRA699439,,public,34788287FB9E0AC29F106A677823B456,A91E4F129992BAF43EEE3F21F89E2A27
SRR7120306,2018-05-10 00:06:37,2018-05-04 21:25:05,213991922,39301374300,213991922,183,16093,GCF_000002285.3,https://sra-downloadb.be-md.ncbi.nlm.nih.gov/sos12/sra-pub-zq-1214/SRR007/120/SRR7120306.sralite.1,SRX4041933,PER00806,WGS,RANDOM,GENOMIC,PAIRED,0,0,ILLUMINA,Illumina HiSeq 2500,SRP144493,PRJNA448733,,448733,SRS3259404,SAMN08873518,simple,9615,Canis lupus familiaris,PER00806,,,,,male,,no,,,,,NHGRI,SRA699439,,public,55CD43B1A6E3B0E001CE6C7ECE1E17BC,735CB681A9D5AC0F447980D5679A5CDB
SRR7120307,2018-05-10 00:06:37,2018-05-04 21:09:23,207340981,41468196200,207340981,200,15461,GCF_000002285.3,https://sra-downloadb.be-md.ncbi.nlm.nih.gov/sos12/sra-pub-zq-1214/SRR007/120/SRR7120307.sralite.1,SRX4041934,PER00816,WGS,RANDOM,GENOMIC,PAIRED,0,0,ILLUMINA,Illumina HiSeq 2500,SRP144493,PRJNA448733,,448733,SRS3259403,SAMN08873519,simple,9615,Canis lupus familiaris,PER00816,,,,,male,,no,,,,,NHGRI,SRA699439,,public,D90DF1F62EE368F27DB18743959181DB,C764C4D5652DC220C4EBC9FD93F487C9
