Run,ReleaseDate,LoadDate,spots,bases,spots_with_mates,avgLength,size_MB,AssemblyName,download_path,Experiment,LibraryName,LibraryStrategy,LibrarySelection,LibrarySource,LibraryLayout,InsertSize,InsertDev,Platform,Model,SRAStudy,BioProject,Study_Pubmed_id,ProjectID,Sample,BioSample,SampleType,TaxID,ScientificName,SampleName,g1k_pop_code,source,g1k_analysis_group,Subject_ID,Sex,Disease,Tumor,Affection_Status,Analyte_Type,Histological_Type,Body_Site,CenterName,Submission,dbgap_study_accession,Consent,RunHash,ReadHash
ERR170575,2013-01-24 12:33:17,2016-06-28 15:26:31,108385762,21677152400,108385762,200,10088,assembly,https://sra-downloadb.be-md.ncbi.nlm.nih.gov/sos12/sra-pub-zq-1214/ERR000/170/ERR170575.sralite.1,ERX146464,5482450,WGS,RANDOM,GENOMIC,PAIRED,395,129,ILLUMINA,Illumina HiSeq 2000,ERP000217,PRJEB2162,,204064,ERS147935,SAMEA1521940,simple,9615,Canis lupus familiaris,SAMEA1521940,,,,,,,no,,,,,SC,ERA163278,,public,505EF7F8EFFA5B52C2BF0E8AAA588A77,7F21EDEBCBD6993C713899C1E06E6D22
ERR175558,2013-08-24 01:33:29,2016-06-28 15:20:31,183110627,36622125400,183110627,200,17970,assembly,https://sra-downloadb.be-md.ncbi.nlm.nih.gov/sos12/sra-pub-zq-1214/ERR000/175/ERR175558.sralite.1,ERX151704,5482450,WGS,RANDOM,GENOMIC,PAIRED,381,114,ILLUMINA,Illumina HiSeq 2000,ERP000217,PRJEB2162,,204064,ERS147935,SAMEA1521940,simple,9615,Canis lupus familiaris,SAMEA1521940,,,,,,,no,,,,,SC,ERA166504,,public,3684FA76C120F2BD28A98A076CAEFCBD,3352A5474345B13189C60AD921FE0707
SRR776307,2013-04-15 00:00:00,2013-03-17 22:42:16,66705197,5870057336,66705197,88,4301,,https://sra-downloadb.be-md.ncbi.nlm.nih.gov/sos12/sra-pub-zq-1211/SRR000/776/SRR776307/SRR776307.sralite.1,SRX249948,,WGS,unspecified,GENOMIC,PAIRED,0,0,ILLUMINA,Illumina Genome Analyzer IIx,SRP019470,PRJNA192935,,192935,SRS401789,SAMN01974489,simple,9615,Canis lupus familiaris,GW4,,,,,,,no,,,,,"KUNMING INSTITUTE OF ZOOLOGY, CHINESE ACADEMY OF S",SRA068869,,public,432237566877E42A6A34CC80CFFA1E6C,958DA689DD9F3924C7E9E4CD07FBD9F8
SRR776429,2013-04-15 00:00:00,2013-03-18 09:52:49,20174719,1775375272,20174719,88,1253,,https://sra-downloadb.be-md.ncbi.nlm.nih.gov/sos12/sra-pub-zq-1211/SRR000/776/SRR776429/SRR776429.sralite.1,SRX249987,,WGS,unspecified,GENOMIC,PAIRED,0,0,ILLUMINA,Illumina Genome Analyzer IIx,SRP019470,PRJNA192935,,192935,SRS401789,SAMN01974489,simple,9615,Canis lupus familiaris,GW4,,,,,,,no,,,,,"KUNMING INSTITUTE OF ZOOLOGY, CHINESE ACADEMY OF S",SRA068869,,public,86208BCEE90322283D1F006251E1AA44,FFDCED0841C7E7E249D64825B617F371
SRR776430,2013-04-15 00:00:00,2013-03-22 06:18:48,40306422,3546965136,40306422,88,2516,,https://sra-downloadb.be-md.ncbi.nlm.nih.gov/sos12/sra-pub-zq-1211/SRR000/776/SRR776430/SRR776430.sralite.1,SRX249988,,WGS,unspecified,GENOMIC,PAIRED,0,0,ILLUMINA,Illumina Genome Analyzer IIx,SRP019470,PRJNA192935,,192935,SRS401789,SAMN01974489,simple,9615,Canis lupus familiaris,GW4,,,,,,,no,,,,,"KUNMING INSTITUTE OF ZOOLOGY, CHINESE ACADEMY OF S",SRA068869,,public,1B3170A008EC76A599CA12E899B9F777,600A618D2D34CD0A19485F1F35BE5244
SRR776431,2013-04-15 00:00:00,2013-03-22 13:00:26,10798688,950284544,10798688,88,699,,https://sra-downloadb.be-md.ncbi.nlm.nih.gov/sos12/sra-pub-zq-1211/SRR000/776/SRR776431/SRR776431.sralite.1,SRX250030,,WGS,unspecified,GENOMIC,PAIRED,0,0,ILLUMINA,Illumina Genome Analyzer IIx,SRP019470,PRJNA192935,,192935,SRS401789,SAMN01974489,simple,9615,Canis lupus familiaris,GW4,,,,,,,no,,,,,"KUNMING INSTITUTE OF ZOOLOGY, CHINESE ACADEMY OF S",SRA068869,,public,787974B87DF1E3B5A49674C8BD3DBD5A,D84B61D3528FC8ACD651F55F3D948D6D
SRR776432,2013-04-15 00:00:00,2013-03-24 03:48:45,26443318,3966497700,26443318,150,2818,,https://sra-downloadb.be-md.ncbi.nlm.nih.gov/sos12/sra-pub-zq-1211/SRR000/776/SRR776432/SRR776432.sralite.1,SRX250031,,WGS,unspecified,GENOMIC,PAIRED,0,0,ILLUMINA,Illumina Genome Analyzer IIx,SRP019470,PRJNA192935,,192935,SRS401789,SAMN01974489,simple,9615,Canis lupus familiaris,GW4,,,,,,,no,,,,,"KUNMING INSTITUTE OF ZOOLOGY, CHINESE ACADEMY OF S",SRA068869,,public,EBAB8613B716082481FF685C26CD4B0E,D5232A976E4EEA353FC5D746A91E50ED
SRR776433,2013-04-15 00:00:00,2013-03-24 03:44:54,15070269,2260540350,15070269,150,1631,,https://sra-downloadb.be-md.ncbi.nlm.nih.gov/sos12/sra-pub-zq-1211/SRR000/776/SRR776433/SRR776433.sralite.1,SRX250032,,WGS,unspecified,GENOMIC,PAIRED,0,0,ILLUMINA,Illumina Genome Analyzer IIx,SRP019470,PRJNA192935,,192935,SRS401789,SAMN01974489,simple,9615,Canis lupus familiaris,GW4,,,,,,,no,,,,,"KUNMING INSTITUTE OF ZOOLOGY, CHINESE ACADEMY OF S",SRA068869,,public,3C4235A40531BACDAB6E970EB52E3B4E,C335D009C3A9003B77A5CCA8C2428E93
SRR776434,2013-04-15 00:00:00,2013-03-26 03:36:48,35029592,5254438800,35029592,150,3812,,https://sra-downloadb.be-md.ncbi.nlm.nih.gov/sos12/sra-pub-zq-1214/SRR000/776/SRR776434.sralite.1,SRX250033,,WGS,unspecified,GENOMIC,PAIRED,0,0,ILLUMINA,Illumina Genome Analyzer IIx,SRP019470,PRJNA192935,,192935,SRS401789,SAMN01974489,simple,9615,Canis lupus familiaris,GW4,,,,,,,no,,,,,"KUNMING INSTITUTE OF ZOOLOGY, CHINESE ACADEMY OF S",SRA068869,,public,4DE8DE20D207FB06DE1EB0774B10E94D,63DFE9EC509404CC8F2E74A8CFEA197C
SRR776435,2013-04-15 00:00:00,2013-03-29 01:32:21,39501298,3476114224,39501298,88,2388,,https://sra-downloadb.be-md.ncbi.nlm.nih.gov/sos12/sra-pub-zq-1214/SRR000/776/SRR776435.sralite.1,SRX250034,,WGS,unspecified,GENOMIC,PAIRED,0,0,ILLUMINA,Illumina Genome Analyzer IIx,SRP019470,PRJNA192935,,192935,SRS401789,SAMN01974489,simple,9615,Canis lupus familiaris,GW4,,,,,,,no,,,,,"KUNMING INSTITUTE OF ZOOLOGY, CHINESE ACADEMY OF S",SRA068869,,public,B73D8A91746BB5A3B247141DD5F5C754,42336E2E0689E953FE75230446DE7B06
SRR780873,2013-04-15 00:00:00,2014-03-14 14:07:05,38132075,8465320650,38132075,222,5183,,https://sra-downloadb.be-md.ncbi.nlm.nih.gov/sos12/sra-pub-zq-1214/SRR000/780/SRR780873.sralite.1,SRX250662,,WGS,unspecified,GENOMIC,PAIRED,0,0,ILLUMINA,Illumina Genome Analyzer IIx,SRP019470,PRJNA192935,,192935,SRS402038,SAMN01974486,simple,9615,Canis lupus familiaris,GW1,,,,,,,no,,,,,"KUNMING INSTITUTE OF ZOOLOGY, CHINESE ACADEMY OF S",SRA068869,,public,7B070C15C2972E9C1F7101041AC257E9,BD5BB23C373C3CF86F4B65CA9A7EE3C7
SRR780874,2013-04-15 00:00:00,2014-03-14 10:30:16,2170555,481863210,2170555,222,203,,https://sra-downloadb.be-md.ncbi.nlm.nih.gov/sos12/sra-pub-zq-1214/SRR000/780/SRR780874.sralite.1,SRX250766,,WGS,unspecified,GENOMIC,PAIRED,0,0,ILLUMINA,Illumina Genome Analyzer IIx,SRP019470,PRJNA192935,,192935,SRS402038,SAMN01974486,simple,9615,Canis lupus familiaris,GW1,,,,,,,no,,,,,"KUNMING INSTITUTE OF ZOOLOGY, CHINESE ACADEMY OF S",SRA068869,,public,D94AD95817978FDEE39805B3F404630E,D200CB778259ECFBB2AF88407729A236
SRR780932,2013-04-15 00:00:00,2014-03-14 10:44:02,30627954,4961728548,30627954,162,2887,,https://sra-downloadb.be-md.ncbi.nlm.nih.gov/sos12/sra-pub-zq-1214/SRR000/780/SRR780932.sralite.1,SRX250775,,WGS,unspecified,GENOMIC,PAIRED,0,0,ILLUMINA,Illumina Genome Analyzer IIx,SRP019470,PRJNA192935,,192935,SRS402038,SAMN01974486,simple,9615,Canis lupus familiaris,GW1,,,,,,,no,,,,,"KUNMING INSTITUTE OF ZOOLOGY, CHINESE ACADEMY OF S",SRA068869,,public,335FE9B9BBA4B2AB77015B4FD1A35A07,80F0438487EFD3355375D6540A29A050
SRR780933,2013-04-15 00:00:00,2014-03-14 11:26:42,91246059,21899054160,91246059,240,13171,,https://sra-downloadb.be-md.ncbi.nlm.nih.gov/sos12/sra-pub-zq-1214/SRR000/780/SRR780933.sralite.1,SRX250776,,WGS,unspecified,GENOMIC,PAIRED,0,0,ILLUMINA,Illumina Genome Analyzer IIx,SRP019470,PRJNA192935,,192935,SRS402038,SAMN01974486,simple,9615,Canis lupus familiaris,GW1,,,,,,,no,,,,,"KUNMING INSTITUTE OF ZOOLOGY, CHINESE ACADEMY OF S",SRA068869,,public,30122C8036ECA2F631B3F1EE44AEDC8F,5E4731568B4D4F82EFB187CEBF1263A5
SRR781456,2013-04-15 00:00:00,2014-03-14 11:12:15,10741766,2384672052,10741766,222,1305,,https://sra-downloadb.be-md.ncbi.nlm.nih.gov/sos12/sra-pub-zq-1214/SRR000/781/SRR781456.sralite.1,SRX250850,,WGS,unspecified,GENOMIC,PAIRED,0,0,ILLUMINA,Illumina Genome Analyzer IIx,SRP019470,PRJNA192935,,192935,SRS402061,SAMN01974487,simple,9615,Canis lupus familiaris,GW2,,,,,,,no,,,,,"KUNMING INSTITUTE OF ZOOLOGY, CHINESE ACADEMY OF S",SRA068869,,public,4FB59A3FECC4F8336E77F953C2C4D4EE,86593BACA5F31718401EA2BE775E240A
SRR781457,2013-04-15 00:00:00,2014-03-14 11:18:37,9629191,2137680402,9629191,222,1226,,https://sra-downloadb.be-md.ncbi.nlm.nih.gov/sos12/sra-pub-zq-1214/SRR000/781/SRR781457.sralite.1,SRX250851,,WGS,unspecified,GENOMIC,PAIRED,0,0,ILLUMINA,Illumina Genome Analyzer IIx,SRP019470,PRJNA192935,,192935,SRS402061,SAMN01974487,simple,9615,Canis lupus familiaris,GW2,,,,,,,no,,,,,"KUNMING INSTITUTE OF ZOOLOGY, CHINESE ACADEMY OF S",SRA068869,,public,32E172F9E712899DCEC92679A39F6195,C699E0E49EE6F06F9C94BE9E067E9F7F
SRR781524,2013-04-15 00:00:00,2014-03-14 12:17:10,94913084,22779140160,94913084,240,13320,,https://sra-downloadb.be-md.ncbi.nlm.nih.gov/sos12/sra-pub-zq-1214/SRR000/781/SRR781524.sralite.1,SRX250861,,WGS,unspecified,GENOMIC,PAIRED,0,0,ILLUMINA,Illumina Genome Analyzer IIx,SRP019470,PRJNA192935,,192935,SRS402061,SAMN01974487,simple,9615,Canis lupus familiaris,GW2,,,,,,,no,,,,,"KUNMING INSTITUTE OF ZOOLOGY, CHINESE ACADEMY OF S",SRA068869,,public,75D4921873DA858F6F201A088CD067E4,F36CB1823F7893BB0FA233A2E206839F
SRR781639,2013-04-15 00:00:00,2014-03-14 12:39:07,109155838,22049479276,109155838,202,11488,,https://sra-downloadb.be-md.ncbi.nlm.nih.gov/sos12/sra-pub-zq-1214/SRR000/781/SRR781639.sralite.1,SRX250886,,WGS,unspecified,GENOMIC,PAIRED,0,0,ILLUMINA,Illumina Genome Analyzer IIx,SRP019470,PRJNA192935,,192935,SRS402066,SAMN01974488,simple,9615,Canis lupus familiaris,GW3,,,,,,,no,,,,,"KUNMING INSTITUTE OF ZOOLOGY, CHINESE ACADEMY OF S",SRA068869,,public,AED98A31AB259E567363E266CA9B47D0,796C5D4C1EC87C3F640B4E0885469428
SRR781706,2013-04-15 00:00:00,2014-03-14 12:59:28,108185928,21853557456,108185928,202,13029,,https://sra-downloadb.be-md.ncbi.nlm.nih.gov/sos12/sra-pub-zq-1211/SRR000/781/SRR781706/SRR781706.sralite.1,SRX250886,,WGS,unspecified,GENOMIC,PAIRED,0,0,ILLUMINA,Illumina Genome Analyzer IIx,SRP019470,PRJNA192935,,192935,SRS402066,SAMN01974488,simple,9615,Canis lupus familiaris,GW3,,,,,,,no,,,,,"KUNMING INSTITUTE OF ZOOLOGY, CHINESE ACADEMY OF S",SRA068869,,public,C2F48DD9164974EAC7A2C97CAA0F394E,C3CEF3BBE8C5387470F72EFACF6801C6
SRR781830,2013-04-15 00:00:00,2014-03-14 13:29:52,116299904,23492580608,116299904,202,13797,,https://sra-downloadb.be-md.ncbi.nlm.nih.gov/sos12/sra-pub-zq-1211/SRR000/781/SRR781830/SRR781830.sralite.1,SRX250913,,WGS,unspecified,GENOMIC,PAIRED,0,0,ILLUMINA,Illumina Genome Analyzer IIx,SRP019470,PRJNA192935,,192935,SRS402070,SAMN01974490,simple,9615,Canis lupus familiaris,dogCI1,,,,,,,no,,,,,"KUNMING INSTITUTE OF ZOOLOGY, CHINESE ACADEMY OF S",SRA068869,,public,10508F4FF22869DAB4E9B305B05BCE56,EAE6B8F6CF97C9FB7B9FE9E4F56EDDBE
SRR781888,2013-04-15 00:00:00,2014-03-14 13:53:42,98832089,19964081978,98832089,202,11836,,https://sra-downloadb.be-md.ncbi.nlm.nih.gov/sos12/sra-pub-zq-1211/SRR000/781/SRR781888/SRR781888.sralite.1,SRX250922,,WGS,unspecified,GENOMIC,PAIRED,0,0,ILLUMINA,Illumina Genome Analyzer IIx,SRP019470,PRJNA192935,,192935,SRS402070,SAMN01974490,simple,9615,Canis lupus familiaris,dogCI1,,,,,,,no,,,,,"KUNMING INSTITUTE OF ZOOLOGY, CHINESE ACADEMY OF S",SRA068869,,public,3CE5E993FC0F5043D9D7339D40A1CA9E,9C66C175D75394201D500FAB639F112B
SRR781955,2013-04-15 00:00:00,2014-03-14 13:57:33,35528323,7176721246,35528323,202,4251,,https://sra-downloadb.be-md.ncbi.nlm.nih.gov/sos12/sra-pub-zq-1211/SRR000/781/SRR781955/SRR781955.sralite.1,SRX250932,,WGS,unspecified,GENOMIC,PAIRED,0,0,ILLUMINA,Illumina Genome Analyzer IIx,SRP019470,PRJNA192935,,192935,SRS402070,SAMN01974490,simple,9615,Canis lupus familiaris,dogCI1,,,,,,,no,,,,,"KUNMING INSTITUTE OF ZOOLOGY, CHINESE ACADEMY OF S",SRA068869,,public,B0D8B12FFF763AA79A54FF97F2CDB4D8,4052234F88D8B5D94C92B9C04B71C616
SRR782079,2013-04-15 00:00:00,2014-03-14 15:59:30,170472275,58301518050,0,342,31586,,https://sra-downloadb.be-md.ncbi.nlm.nih.gov/sos12/sra-pub-zq-1211/SRR000/782/SRR782079/SRR782079.sralite.1,SRX250950,,WGS,unspecified,GENOMIC,PAIRED,0,0,ILLUMINA,Illumina Genome Analyzer IIx,SRP019470,PRJNA192935,,192935,SRS402075,SAMN01974491,simple,9615,Canis lupus familiaris,dogCI2,,,,,,,no,,,,,"KUNMING INSTITUTE OF ZOOLOGY, CHINESE ACADEMY OF S",SRA068869,,public,70089D27BDED0EC8DDE29A06BD4A0E28,FB7C02ABB7CC3CC2F6B75C83C0318798
SRR782080,2013-04-15 00:00:00,2014-03-14 16:03:44,128128773,31007163066,128128773,242,18749,,https://sra-downloadb.be-md.ncbi.nlm.nih.gov/sos12/sra-pub-zq-1211/SRR000/782/SRR782080/SRR782080.sralite.1,SRX250951,,WGS,unspecified,GENOMIC,PAIRED,0,0,ILLUMINA,Illumina Genome Analyzer IIx,SRP019470,PRJNA192935,,192935,SRS402076,SAMN01974492,simple,9615,Canis lupus familiaris,dogCI3,,,,,,,no,,,,,"KUNMING INSTITUTE OF ZOOLOGY, CHINESE ACADEMY OF S",SRA068869,,public,640491907335DA465A9D6DAD8B6ABAFB,87B6A693128C4FBB99EF1D6CB4883920
SRR1061732,2013-12-30 19:34:01,2014-03-04 16:17:19,76815726,13826830680,76815726,180,8059,,https://sra-downloadb.be-md.ncbi.nlm.nih.gov/sos12/sra-pub-zq-1211/SRR001/061/SRR1061732/SRR1061732.sralite.1,SRX399709,Dog01,WGS,RANDOM,GENOMIC,PAIRED,300,0,ILLUMINA,Illumina HiSeq 2000,SRP034749,PRJNA232497,,232497,SRS520043,SAMN02485568,simple,9615,Canis lupus familiaris,Dog01,,,,,,,no,,,,,UNIVERSITY OF MICHIGAN,SRA122309,,public,31A9D2D7AE34C10FC2B5BC70E4628D3E,84E0E767023343F9E2D750B0B5213A34
SRR1061733,2013-12-30 19:34:01,2014-03-04 16:14:33,29100277,5820055400,29100277,200,3492,,https://sra-downloadb.be-md.ncbi.nlm.nih.gov/sos12/sra-pub-zq-1211/SRR001/061/SRR1061733/SRR1061733.sralite.1,SRX399709,Dog01,WGS,RANDOM,GENOMIC,PAIRED,300,0,ILLUMINA,Illumina HiSeq 2000,SRP034749,PRJNA232497,,232497,SRS520043,SAMN02485568,simple,9615,Canis lupus familiaris,Dog01,,,,,,,no,,,,,UNIVERSITY OF MICHIGAN,SRA122309,,public,2558F72C8794E192C62EB5F8D48D62CF,37412E60295D4F77C993ED91127A2F76
SRR1061734,2013-12-30 19:34:01,2014-03-04 16:36:22,82581127,14864602860,82581127,180,8757,,https://sra-downloadb.be-md.ncbi.nlm.nih.gov/sos12/sra-pub-zq-1211/SRR001/061/SRR1061734/SRR1061734.sralite.1,SRX399710,Dog02,WGS,RANDOM,GENOMIC,PAIRED,300,0,ILLUMINA,Illumina HiSeq 2000,SRP034749,PRJNA232497,,232497,SRS520044,SAMN02485569,simple,9615,Canis lupus familiaris,Dog02,,,,,,,no,,,,,UNIVERSITY OF MICHIGAN,SRA122309,,public,13E271554AA98CC17D4B6AFF71A18B1A,CADE70A13A4D5FF4D251F9C1633D4DD9
SRR1061735,2013-12-30 19:34:01,2014-03-04 16:32:25,31575476,6315095200,31575476,200,3738,,https://sra-downloadb.be-md.ncbi.nlm.nih.gov/sos12/sra-pub-zq-1211/SRR001/061/SRR1061735/SRR1061735.sralite.1,SRX399710,Dog02,WGS,RANDOM,GENOMIC,PAIRED,300,0,ILLUMINA,Illumina HiSeq 2000,SRP034749,PRJNA232497,,232497,SRS520044,SAMN02485569,simple,9615,Canis lupus familiaris,Dog02,,,,,,,no,,,,,UNIVERSITY OF MICHIGAN,SRA122309,,public,68A756A8782B1D9D05B3F5F1D2982C96,486C3F7EF781C176AAA259CD0689A8E2
SRR1061736,2013-12-30 19:34:01,2014-03-04 16:53:55,78776214,14179718520,78776214,180,8368,,https://sra-downloadb.be-md.ncbi.nlm.nih.gov/sos12/sra-pub-zq-1211/SRR001/061/SRR1061736/SRR1061736.sralite.1,SRX399711,Dog03,WGS,RANDOM,GENOMIC,PAIRED,300,0,ILLUMINA,Illumina HiSeq 2000,SRP034749,PRJNA232497,,232497,SRS520045,SAMN02485570,simple,9615,Canis lupus familiaris,Dog03,,,,,,,no,,,,,UNIVERSITY OF MICHIGAN,SRA122309,,public,F4ABA24A72E2A243DEA9920E18F1311A,3FAA7BD0CC6D507986D4DFE73784D525
SRR1061737,2013-12-30 19:34:01,2014-03-04 16:51:45,32860559,6572111800,32860559,200,3912,,https://sra-downloadb.be-md.ncbi.nlm.nih.gov/sos12/sra-pub-zq-1211/SRR001/061/SRR1061737/SRR1061737.sralite.1,SRX399711,Dog03,WGS,RANDOM,GENOMIC,PAIRED,300,0,ILLUMINA,Illumina HiSeq 2000,SRP034749,PRJNA232497,,232497,SRS520045,SAMN02485570,simple,9615,Canis lupus familiaris,Dog03,,,,,,,no,,,,,UNIVERSITY OF MICHIGAN,SRA122309,,public,560213C550D5ECE88BDCB8632F2F1BD6,50012B782162D6F8FF3F5C6E13DD7798
SRR1061738,2013-12-30 19:34:01,2014-03-04 17:18:10,77026198,13864715640,77026198,180,8149,,https://sra-downloadb.be-md.ncbi.nlm.nih.gov/sos12/sra-pub-zq-1211/SRR001/061/SRR1061738/SRR1061738.sralite.1,SRX399712,Dog04,WGS,RANDOM,GENOMIC,PAIRED,300,0,ILLUMINA,Illumina HiSeq 2000,SRP034749,PRJNA232497,,232497,SRS520046,SAMN02485571,simple,9615,Canis lupus familiaris,Dog04,,,,,,,no,,,,,UNIVERSITY OF MICHIGAN,SRA122309,,public,3B2E2521048D306D6639961E5BE84EBE,656AF84506475140F0B255F1DD442948
SRR1061739,2013-12-30 19:34:01,2014-03-04 17:16:32,29299318,5859863600,29299318,200,3427,,https://sra-downloadb.be-md.ncbi.nlm.nih.gov/sos12/sra-pub-zq-1211/SRR001/061/SRR1061739/SRR1061739.sralite.1,SRX399712,Dog04,WGS,RANDOM,GENOMIC,PAIRED,300,0,ILLUMINA,Illumina HiSeq 2000,SRP034749,PRJNA232497,,232497,SRS520046,SAMN02485571,simple,9615,Canis lupus familiaris,Dog04,,,,,,,no,,,,,UNIVERSITY OF MICHIGAN,SRA122309,,public,D5F00247DA6A38D9481BEAA9BE61E19A,214FF7613955BB7D6991DB0BE193616F
SRR1061740,2013-12-30 19:34:01,2014-03-04 17:39:05,80729844,14531371920,80729844,180,8647,,https://sra-downloadb.be-md.ncbi.nlm.nih.gov/sos12/sra-pub-zq-1211/SRR001/061/SRR1061740/SRR1061740.sralite.1,SRX399713,Dog06,WGS,RANDOM,GENOMIC,PAIRED,300,0,ILLUMINA,Illumina HiSeq 2000,SRP034749,PRJNA232497,,232497,SRS520047,SAMN02485572,simple,9615,Canis lupus familiaris,Dog06,,,,,,,no,,,,,UNIVERSITY OF MICHIGAN,SRA122309,,public,3219F3619861F1803EA42F997BD12567,41359F5340BF460DE22A5E7AE12B8899
SRR1061741,2013-12-30 19:34:01,2013-12-27 17:52:02,32626281,6525256200,32626281,200,3888,,https://sra-downloadb.be-md.ncbi.nlm.nih.gov/sos12/sra-pub-zq-1211/SRR001/061/SRR1061741/SRR1061741.sralite.1,SRX399713,Dog06,WGS,RANDOM,GENOMIC,PAIRED,300,0,ILLUMINA,Illumina HiSeq 2000,SRP034749,PRJNA232497,,232497,SRS520047,SAMN02485572,simple,9615,Canis lupus familiaris,Dog06,,,,,,,no,,,,,UNIVERSITY OF MICHIGAN,SRA122309,,public,AD8D7B12CB6D965E65BA8F83223FAFDA,455E409370DF5B8C6D39B5B4E6DA3A51
SRR1061746,2013-12-30 19:34:01,2013-12-27 18:12:24,74577504,13423950720,74577504,180,7628,,https://sra-downloadb.be-md.ncbi.nlm.nih.gov/sos12/sra-pub-zq-1211/SRR001/061/SRR1061746/SRR1061746.sralite.1,SRX399716,Dog09,WGS,RANDOM,GENOMIC,PAIRED,300,0,ILLUMINA,Illumina HiSeq 2000,SRP034749,PRJNA232497,,232497,SRS520050,SAMN02485575,simple,9615,Canis lupus familiaris,Dog09,,,,,,,no,,,,,UNIVERSITY OF MICHIGAN,SRA122309,,public,66FC233EB9305DC23879A8A0BEAF1870,7D5BE8163EFD8BE8704DE5543F7CAD43
SRR1061747,2013-12-30 19:34:01,2013-12-27 17:58:32,28665962,5733192400,28665962,200,3411,,https://sra-downloadb.be-md.ncbi.nlm.nih.gov/sos12/sra-pub-zq-1211/SRR001/061/SRR1061747/SRR1061747.sralite.1,SRX399716,Dog09,WGS,RANDOM,GENOMIC,PAIRED,300,0,ILLUMINA,Illumina HiSeq 2000,SRP034749,PRJNA232497,,232497,SRS520050,SAMN02485575,simple,9615,Canis lupus familiaris,Dog09,,,,,,,no,,,,,UNIVERSITY OF MICHIGAN,SRA122309,,public,8B4AF48B6538A2DF9ABE23871C724A25,0C98E9E268669A60B06305B65F573BCD
SRR1061748,2013-12-30 19:34:01,2013-12-27 18:14:19,82420890,14835760200,82420890,180,8525,,https://sra-downloadb.be-md.ncbi.nlm.nih.gov/sos12/sra-pub-zq-1211/SRR001/061/SRR1061748/SRR1061748.sralite.1,SRX399717,Dog10,WGS,RANDOM,GENOMIC,PAIRED,300,0,ILLUMINA,Illumina HiSeq 2000,SRP034749,PRJNA232497,,232497,SRS520051,SAMN02485576,simple,9615,Canis lupus familiaris,Dog10,,,,,,,no,,,,,UNIVERSITY OF MICHIGAN,SRA122309,,public,05CD90EF471559C7DC1BFB18EC218DBF,2477DDC084B3594BA1FEE7C41AED0B83
SRR1061753,2013-12-30 19:34:01,2013-12-27 18:00:58,30605307,6121061400,30605307,200,3604,,https://sra-downloadb.be-md.ncbi.nlm.nih.gov/sos12/sra-pub-zq-1211/SRR001/061/SRR1061753/SRR1061753.sralite.1,SRX399717,Dog10,WGS,RANDOM,GENOMIC,PAIRED,300,0,ILLUMINA,Illumina HiSeq 2000,SRP034749,PRJNA232497,,232497,SRS520051,SAMN02485576,simple,9615,Canis lupus familiaris,Dog10,,,,,,,no,,,,,UNIVERSITY OF MICHIGAN,SRA122309,,public,EE9896FEDAE7C50974E1B4BED0EBDA2E,70ECC26CDA4B8E885DA6E1B3317A98F6
SRR1061804,2013-12-30 19:34:01,2013-12-27 18:59:17,74082510,13334851800,74082510,180,7367,,https://sra-downloadb.be-md.ncbi.nlm.nih.gov/sos12/sra-pub-zq-1211/SRR001/061/SRR1061804/SRR1061804.sralite.1,SRX399722,Dog15,WGS,RANDOM,GENOMIC,PAIRED,0,0,ILLUMINA,Illumina HiSeq 2000,SRP034749,PRJNA232497,,232497,SRS520056,SAMN02485581,simple,9615,Canis lupus familiaris,Dog15,,,,,,,no,,,,,UNIVERSITY OF MICHIGAN,SRA122309,,public,61D272F0D70B7360FB5F2C0E8D45C00A,9378BE920F79E5125F9EDA40AD85B2A8
SRR1061808,2013-12-30 19:34:01,2013-12-27 18:47:56,34354885,6870977000,34354885,200,4104,,https://sra-downloadb.be-md.ncbi.nlm.nih.gov/sos12/sra-pub-zq-1211/SRR001/061/SRR1061808/SRR1061808.sralite.1,SRX399722,Dog15,WGS,RANDOM,GENOMIC,PAIRED,0,0,ILLUMINA,Illumina HiSeq 2000,SRP034749,PRJNA232497,,232497,SRS520056,SAMN02485581,simple,9615,Canis lupus familiaris,Dog15,,,,,,,no,,,,,UNIVERSITY OF MICHIGAN,SRA122309,,public,A6C9E90BEE3D8AEE73569FBB1E5537E4,4730F256E1B4BF75F54C777BA681EA62
SRR1061818,2013-12-30 19:34:01,2014-03-04 18:09:27,104391083,21086998766,104391083,202,12957,,https://sra-downloadb.be-md.ncbi.nlm.nih.gov/sos12/sra-pub-zq-1211/SRR001/061/SRR1061818/SRR1061818.sralite.1,SRX399724,EG44,WGS,RANDOM,GENOMIC,PAIRED,0,0,ILLUMINA,Illumina HiSeq 2000,SRP034749,PRJNA232497,,232497,SRS520057,SAMN02485582,simple,9615,Canis lupus familiaris,EG44,,,,,,,no,,,,,UNIVERSITY OF MICHIGAN,SRA122309,,public,C08DCFE120B517E7F7708C2266A93A2D,C75DB38AAF32D41E45DA0EC02E6E4794
SRR1061841,2013-12-30 19:34:01,2014-03-04 18:17:51,90476577,18276268554,90476577,202,10517,,https://sra-downloadb.be-md.ncbi.nlm.nih.gov/sos12/sra-pub-zq-1211/SRR001/061/SRR1061841/SRR1061841.sralite.1,SRX399725,EG49,WGS,RANDOM,GENOMIC,PAIRED,0,0,ILLUMINA,Illumina HiSeq 2000,SRP034749,PRJNA232497,,232497,SRS520058,SAMN02485583,simple,9615,Canis lupus familiaris,EG49,,,,,,,no,,,,,UNIVERSITY OF MICHIGAN,SRA122309,,public,4042514CA51EE31A487CCB3BA870EE5F,232C2734B980D8056FDE5A61AE1F3632
SRR1061860,2013-12-30 19:34:01,2014-03-06 16:44:35,86559126,14974728798,86559126,173,9138,,https://sra-downloadb.be-md.ncbi.nlm.nih.gov/sos12/sra-pub-zq-1211/SRR001/061/SRR1061860/SRR1061860.sralite.1,SRX399728,ID125,WGS,RANDOM,GENOMIC,PAIRED,0,0,ILLUMINA,Illumina HiSeq 2000,SRP034749,PRJNA232497,,232497,SRS520061,SAMN02485586,simple,9615,Canis lupus familiaris,ID125,,,,,,,no,,,,,UNIVERSITY OF MICHIGAN,SRA122309,,public,2601D0FB244FB09FEAB726F5E6B69380,CDA84CD2EBF274603C287EB64EB8D54D
SRR1061861,2013-12-30 19:34:01,2014-03-06 17:09:57,95602528,19311710656,95602528,202,11318,,https://sra-downloadb.be-md.ncbi.nlm.nih.gov/sos12/sra-pub-zq-1211/SRR001/061/SRR1061861/SRR1061861.sralite.1,SRX399728,ID125,WGS,RANDOM,GENOMIC,PAIRED,0,0,ILLUMINA,Illumina HiSeq 2000,SRP034749,PRJNA232497,,232497,SRS520061,SAMN02485586,simple,9615,Canis lupus familiaris,ID125,,,,,,,no,,,,,UNIVERSITY OF MICHIGAN,SRA122309,,public,54EBA352A5254F3971304D9A122510DF,8D03D3AB6B4BCEAC7F465A659D4CDF41
SRR1061958,2013-12-30 19:34:01,2014-03-06 17:28:28,93518441,18890725082,93518441,202,11151,,https://sra-downloadb.be-md.ncbi.nlm.nih.gov/sos12/sra-pub-zq-1211/SRR001/061/SRR1061958/SRR1061958.sralite.1,SRX399731,ID137,WGS,RANDOM,GENOMIC,PAIRED,0,0,ILLUMINA,Illumina HiSeq 2000,SRP034749,PRJNA232497,,232497,SRS520062,SAMN02485587,simple,9615,Canis lupus familiaris,ID137,,,,,,,no,,,,,UNIVERSITY OF MICHIGAN,SRA122309,,public,ADE67D79F0673CD2FDBDD2B04EE01385,DED01E05D345D4009AAB4A72B7F15932
SRR1061959,2013-12-30 19:34:01,2014-03-06 17:33:32,62729068,12671271736,62729068,202,7331,,https://sra-downloadb.be-md.ncbi.nlm.nih.gov/sos12/sra-pub-zq-1211/SRR001/061/SRR1061959/SRR1061959.sralite.1,SRX399732,ID165,WGS,RANDOM,GENOMIC,PAIRED,0,0,ILLUMINA,Illumina HiSeq 2000,SRP034749,PRJNA232497,,232497,SRS520063,SAMN02485588,simple,9615,Canis lupus familiaris,ID165,,,,,,,no,,,,,UNIVERSITY OF MICHIGAN,SRA122309,,public,47B8461BA4C1FFD4AA61503DBA24BF50,824E442EE89F9E06203D8DD65B6FC24F
SRR1061960,2013-12-30 19:34:01,2014-03-06 17:50:06,70333318,14207330236,70333318,202,8021,,https://sra-downloadb.be-md.ncbi.nlm.nih.gov/sos12/sra-pub-zq-1211/SRR001/061/SRR1061960/SRR1061960.sralite.1,SRX399732,ID165,WGS,RANDOM,GENOMIC,PAIRED,0,0,ILLUMINA,Illumina HiSeq 2000,SRP034749,PRJNA232497,,232497,SRS520063,SAMN02485588,simple,9615,Canis lupus familiaris,ID165,,,,,,,no,,,,,UNIVERSITY OF MICHIGAN,SRA122309,,public,9E92AE5EF4ECFF48E2758A0FB35E65D4,6A978B1FBFCF353746DD4725E7B84564
SRR1061962,2013-12-30 19:34:01,2014-03-06 18:48:00,90914650,18364759300,90914650,202,10629,,https://sra-downloadb.be-md.ncbi.nlm.nih.gov/sos12/sra-pub-zq-1211/SRR001/061/SRR1061962/SRR1061962.sralite.1,SRX399734,ID60,WGS,RANDOM,GENOMIC,PAIRED,0,0,ILLUMINA,Illumina HiSeq 2000,SRP034749,PRJNA232497,,232497,SRS520065,SAMN02485590,simple,9615,Canis lupus familiaris,ID60,,,,,,,no,,,,,UNIVERSITY OF MICHIGAN,SRA122309,,public,09B4B05EEAB2F9308595AE85727D05B5,FC22E6E31087D7DB0D065F9DF27FE88B
SRR1061963,2013-12-30 19:34:01,2014-03-06 19:09:05,97800577,16919499821,97800577,173,10429,,https://sra-downloadb.be-md.ncbi.nlm.nih.gov/sos12/sra-pub-zq-1211/SRR001/061/SRR1061963/SRR1061963.sralite.1,SRX399734,ID60,WGS,RANDOM,GENOMIC,PAIRED,0,0,ILLUMINA,Illumina HiSeq 2000,SRP034749,PRJNA232497,,232497,SRS520065,SAMN02485590,simple,9615,Canis lupus familiaris,ID60,,,,,,,no,,,,,UNIVERSITY OF MICHIGAN,SRA122309,,public,6BDBE2DADC25FADD3B6C55B9A158B873,31973B25964CC5940E0662181C9B64AD
SRR1061964,2013-12-30 19:34:01,2014-03-06 19:35:57,98271285,19850799570,98271285,202,11298,,https://sra-downloadb.be-md.ncbi.nlm.nih.gov/sos12/sra-pub-zq-1211/SRR001/061/SRR1061964/SRR1061964.sralite.1,SRX399735,ID91,WGS,RANDOM,GENOMIC,PAIRED,0,0,ILLUMINA,Illumina HiSeq 2000,SRP034749,PRJNA232497,,232497,SRS520066,SAMN02485591,simple,9615,Canis lupus familiaris,ID91,,,,,,,no,,,,,UNIVERSITY OF MICHIGAN,SRA122309,,public,8740C280F8E0BCD1B2664A8B8C7264F1,1CF01A266AD4156385FFEDBEFD347E72
SRR1061965,2013-12-30 19:34:01,2014-03-06 19:54:43,88040234,17784127268,88040234,202,10748,,https://sra-downloadb.be-md.ncbi.nlm.nih.gov/sos12/sra-pub-zq-1211/SRR001/061/SRR1061965/SRR1061965.sralite.1,SRX399736,IN18,WGS,RANDOM,GENOMIC,PAIRED,0,0,ILLUMINA,Illumina HiSeq 2000,SRP034749,PRJNA232497,,232497,SRS520067,SAMN02485592,simple,9615,Canis lupus familiaris,IN18,,,,,,,no,,,,,UNIVERSITY OF MICHIGAN,SRA122309,,public,8174F625B4591A0B372546E954A0E57A,879CFC33D2DFD60990E56B2892C68A0E
SRR1061966,2013-12-30 19:34:01,2014-03-06 20:15:44,103824367,20972522134,103824367,202,13060,,https://sra-downloadb.be-md.ncbi.nlm.nih.gov/sos12/sra-pub-zq-1211/SRR001/061/SRR1061966/SRR1061966.sralite.1,SRX399737,IN23,WGS,RANDOM,GENOMIC,PAIRED,0,0,ILLUMINA,Illumina HiSeq 2000,SRP034749,PRJNA232497,,232497,SRS520068,SAMN02485593,simple,9615,Canis lupus familiaris,IN23,,,,,,,no,,,,,UNIVERSITY OF MICHIGAN,SRA122309,,public,E0D03A4DA2DA5F44D02C13B07664D8B3,11F21C3605BF343DD3A2A72EC6CB1187
SRR1061967,2013-12-30 19:34:01,2014-03-06 20:21:14,73739800,14895439600,73739800,202,8534,,https://sra-downloadb.be-md.ncbi.nlm.nih.gov/sos12/sra-pub-zq-1211/SRR001/061/SRR1061967/SRR1061967.sralite.1,SRX399738,IN29,WGS,RANDOM,GENOMIC,PAIRED,0,0,ILLUMINA,Illumina HiSeq 2000,SRP034749,PRJNA232497,,232497,SRS520069,SAMN02485594,simple,9615,Canis lupus familiaris,IN29,,,,,,,no,,,,,UNIVERSITY OF MICHIGAN,SRA122309,,public,2BBBD66378B43DBCDD264686C9058773,87D3C19E475683995EA4CE7F38F43763
SRR1061968,2013-12-30 19:34:01,2014-03-06 20:53:31,106707579,21554930958,106707579,202,13246,,https://sra-downloadb.be-md.ncbi.nlm.nih.gov/sos12/sra-pub-zq-1211/SRR001/061/SRR1061968/SRR1061968.sralite.1,SRX399739,LB74,WGS,RANDOM,GENOMIC,PAIRED,0,0,ILLUMINA,Illumina HiSeq 2000,SRP034749,PRJNA232497,,232497,SRS520070,SAMN02485595,simple,9615,Canis lupus familiaris,LB74,,,,,,,no,,,,,UNIVERSITY OF MICHIGAN,SRA122309,,public,4777B3AD44AD61BC7C63B95C3144F920,6840355060AA954E4A9A5373424CA34E
SRR1061969,2013-12-30 19:34:01,2014-03-06 21:16:49,112571850,22739513700,112571850,202,14202,,https://sra-downloadb.be-md.ncbi.nlm.nih.gov/sos12/sra-pub-zq-1211/SRR001/061/SRR1061969/SRR1061969.sralite.1,SRX399740,LB79,WGS,RANDOM,GENOMIC,PAIRED,0,0,ILLUMINA,Illumina HiSeq 2000,SRP034749,PRJNA232497,,232497,SRS520071,SAMN02485596,simple,9615,Canis lupus familiaris,LB79,,,,,,,no,,,,,UNIVERSITY OF MICHIGAN,SRA122309,,public,75573FCA4F00502B4EC9B28875FC4226,58B2617D32C5919422F240FA2836B9B2
SRR1061970,2013-12-30 19:34:01,2014-03-06 21:52:00,117041373,23642357346,117041373,202,15484,,https://sra-downloadb.be-md.ncbi.nlm.nih.gov/sos12/sra-pub-zq-1211/SRR001/061/SRR1061970/SRR1061970.sralite.1,SRX399741,LB85,WGS,RANDOM,GENOMIC,PAIRED,0,0,ILLUMINA,Illumina HiSeq 2000,SRP034749,PRJNA232497,,232497,SRS520072,SAMN02485597,simple,9615,Canis lupus familiaris,LB85,,,,,,,no,,,,,UNIVERSITY OF MICHIGAN,SRA122309,,public,B7CD883772E341EBEE95ECB18D96F223,9BFDA096307ECFFBA5693816B50BA116
SRR1061971,2013-12-30 19:34:01,2014-03-06 22:05:57,100757132,20352940664,100757132,202,12164,,https://sra-downloadb.be-md.ncbi.nlm.nih.gov/sos12/sra-pub-zq-1211/SRR001/061/SRR1061971/SRR1061971.sralite.1,SRX399742,NA63,WGS,RANDOM,GENOMIC,PAIRED,0,0,ILLUMINA,Illumina HiSeq 2000,SRP034749,PRJNA232497,,232497,SRS520073,SAMN02485598,simple,9615,Canis lupus familiaris,NA63,,,,,,,no,,,,,UNIVERSITY OF MICHIGAN,SRA122309,,public,D07ED5777DBB532C3B750562F10E135A,1C55541403E1C3B47DBB640E9E0DA481
SRR1061972,2013-12-30 19:34:01,2014-03-06 22:21:02,111396601,19271611973,111396601,173,12140,,https://sra-downloadb.be-md.ncbi.nlm.nih.gov/sos12/sra-pub-zq-1211/SRR001/061/SRR1061972/SRR1061972.sralite.1,SRX399743,NA8,WGS,RANDOM,GENOMIC,PAIRED,0,0,ILLUMINA,Illumina HiSeq 2000,SRP034749,PRJNA232497,,232497,SRS520074,SAMN02485599,simple,9615,Canis lupus familiaris,NA8,,,,,,,no,,,,,UNIVERSITY OF MICHIGAN,SRA122309,,public,84D22859FE874B177905A84700518E6F,90437759ABD0C864B8A65D22D01E49C8
SRR1061973,2013-12-30 19:34:01,2014-03-06 22:34:03,81417381,16446310962,81417381,202,9246,,https://sra-downloadb.be-md.ncbi.nlm.nih.gov/sos12/sra-pub-zq-1211/SRR001/061/SRR1061973/SRR1061973.sralite.1,SRX399743,NA8,WGS,RANDOM,GENOMIC,PAIRED,0,0,ILLUMINA,Illumina HiSeq 2000,SRP034749,PRJNA232497,,232497,SRS520074,SAMN02485599,simple,9615,Canis lupus familiaris,NA8,,,,,,,no,,,,,UNIVERSITY OF MICHIGAN,SRA122309,,public,AF5B46AE14BA319DCDF5A87C8C5AF95E,C0BD6C61AED2052DA8271EBE0E47A494
SRR1061974,2013-12-30 19:34:01,2014-03-06 22:22:35,14338463,2896369526,14338463,202,1532,,https://sra-downloadb.be-md.ncbi.nlm.nih.gov/sos12/sra-pub-zq-1211/SRR001/061/SRR1061974/SRR1061974.sralite.1,SRX399744,NA89,WGS,RANDOM,GENOMIC,PAIRED,0,0,ILLUMINA,Illumina HiSeq 2000,SRP034749,PRJNA232497,,232497,SRS520075,SAMN02485600,simple,9615,Canis lupus familiaris,NA89,,,,,,,no,,,,,UNIVERSITY OF MICHIGAN,SRA122309,,public,C345AC02DD9B15067E7CE4174F8A5833,8B0AE139A2369FE085D16FD5186861AE
SRR1061975,2013-12-30 19:34:01,2014-03-06 22:28:24,23700569,4787514938,23700569,202,2852,,https://sra-downloadb.be-md.ncbi.nlm.nih.gov/sos12/sra-pub-zq-1211/SRR001/061/SRR1061975/SRR1061975.sralite.1,SRX399744,NA89,WGS,RANDOM,GENOMIC,PAIRED,0,0,ILLUMINA,Illumina HiSeq 2000,SRP034749,PRJNA232497,,232497,SRS520075,SAMN02485600,simple,9615,Canis lupus familiaris,NA89,,,,,,,no,,,,,UNIVERSITY OF MICHIGAN,SRA122309,,public,1C5346E4FA7758C4BA3672C05ED2ED93,3F02DE816385ED62BDDF0263B46294A7
SRR1061976,2013-12-30 19:34:01,2014-03-06 22:43:20,51698218,10443040036,51698218,202,5462,,https://sra-downloadb.be-md.ncbi.nlm.nih.gov/sos12/sra-pub-zq-1211/SRR001/061/SRR1061976/SRR1061976.sralite.1,SRX399744,NA89,WGS,RANDOM,GENOMIC,PAIRED,0,0,ILLUMINA,Illumina HiSeq 2000,SRP034749,PRJNA232497,,232497,SRS520075,SAMN02485600,simple,9615,Canis lupus familiaris,NA89,,,,,,,no,,,,,UNIVERSITY OF MICHIGAN,SRA122309,,public,CB387B350ADA97A376742B87893A519F,5801500CECC5E9A615851D230EDE4912
SRR1061977,2013-12-30 19:34:01,2014-03-06 23:14:40,102625574,20730365948,102625574,202,11553,,https://sra-downloadb.be-md.ncbi.nlm.nih.gov/sos12/sra-pub-zq-1211/SRR001/061/SRR1061977/SRR1061977.sralite.1,SRX399745,PG115,WGS,RANDOM,GENOMIC,PAIRED,0,0,ILLUMINA,Illumina HiSeq 2000,SRP034749,PRJNA232497,,232497,SRS520076,SAMN02485601,simple,9615,Canis lupus familiaris,PG115,,,,,,,no,,,,,UNIVERSITY OF MICHIGAN,SRA122309,,public,C152789C0A18B2DD44F5F28F8B98793F,2F741AED789431FE7AAF3D78ADFCE528
SRR1061978,2013-12-30 19:34:01,2014-03-06 23:07:48,32302182,6525040764,32302182,202,3541,,https://sra-downloadb.be-md.ncbi.nlm.nih.gov/sos12/sra-pub-zq-1211/SRR001/061/SRR1061978/SRR1061978.sralite.1,SRX399746,PG122,WGS,RANDOM,GENOMIC,PAIRED,0,0,ILLUMINA,Illumina HiSeq 2000,SRP034749,PRJNA232497,,232497,SRS520077,SAMN02485602,simple,9615,Canis lupus familiaris,PG122,,,,,,,no,,,,,UNIVERSITY OF MICHIGAN,SRA122309,,public,5101C4300100238CE35CBDEBF1E5BFE2,191BDBC4221E32E9202C41B403E992D4
SRR1061979,2013-12-30 19:34:01,2014-03-06 23:12:19,28497003,5756394606,28497003,202,2878,,https://sra-downloadb.be-md.ncbi.nlm.nih.gov/sos12/sra-pub-zq-1211/SRR001/061/SRR1061979/SRR1061979.sralite.1,SRX399746,PG122,WGS,RANDOM,GENOMIC,PAIRED,0,0,ILLUMINA,Illumina HiSeq 2000,SRP034749,PRJNA232497,,232497,SRS520077,SAMN02485602,simple,9615,Canis lupus familiaris,PG122,,,,,,,no,,,,,UNIVERSITY OF MICHIGAN,SRA122309,,public,7F9BCC53AAA15D8EE203DAE44D2760E8,37C7661E12DCBB2134DB8869D9F51C44
SRR1061980,2013-12-30 19:34:01,2014-03-06 23:14:25,19144193,3311945389,19144193,173,1900,,https://sra-downloadb.be-md.ncbi.nlm.nih.gov/sos12/sra-pub-zq-1211/SRR001/061/SRR1061980/SRR1061980.sralite.1,SRX399746,PG122,WGS,RANDOM,GENOMIC,PAIRED,0,0,ILLUMINA,Illumina HiSeq 2000,SRP034749,PRJNA232497,,232497,SRS520077,SAMN02485602,simple,9615,Canis lupus familiaris,PG122,,,,,,,no,,,,,UNIVERSITY OF MICHIGAN,SRA122309,,public,A3A1761EC49E2D5E7A401AA5E8EE448C,264925C7BABC6C82428B16EB98EC3DCC
SRR1061981,2013-12-30 19:34:01,2014-03-06 23:40:29,93045030,15259384920,93045030,164,9736,,https://sra-downloadb.be-md.ncbi.nlm.nih.gov/sos12/sra-pub-zq-1211/SRR001/061/SRR1061981/SRR1061981.sralite.1,SRX399747,PG84,WGS,RANDOM,GENOMIC,PAIRED,0,0,ILLUMINA,Illumina HiSeq 2000,SRP034749,PRJNA232497,,232497,SRS520078,SAMN02485603,simple,9615,Canis lupus familiaris,PG84,,,,,,,no,,,,,UNIVERSITY OF MICHIGAN,SRA122309,,public,67CC55F9782F2AF4F59318E2056F1C5B,9C72FE01A970B6DFDAAE4F1D4F848345
SRR1061982,2013-12-30 19:34:01,2014-03-07 00:06:42,108909156,21999649512,108909156,202,12661,,https://sra-downloadb.be-md.ncbi.nlm.nih.gov/sos12/sra-pub-zq-1211/SRR001/061/SRR1061982/SRR1061982.sralite.1,SRX399747,PG84,WGS,RANDOM,GENOMIC,PAIRED,0,0,ILLUMINA,Illumina HiSeq 2000,SRP034749,PRJNA232497,,232497,SRS520078,SAMN02485603,simple,9615,Canis lupus familiaris,PG84,,,,,,,no,,,,,UNIVERSITY OF MICHIGAN,SRA122309,,public,726BB6318AB5158A367E93C9AA7AB408,FEA2E0FDFB05C95890EC6B4247CBEBB2
SRR1061983,2013-12-30 19:34:01,2014-03-07 00:35:57,114678932,23165144264,114678932,202,14233,,https://sra-downloadb.be-md.ncbi.nlm.nih.gov/sos12/sra-pub-zq-1211/SRR001/061/SRR1061983/SRR1061983.sralite.1,SRX399748,PT61,WGS,RANDOM,GENOMIC,PAIRED,0,0,ILLUMINA,Illumina HiSeq 2000,SRP034749,PRJNA232497,,232497,SRS520079,SAMN02485604,simple,9615,Canis lupus familiaris,PT61,,,,,,,no,,,,,UNIVERSITY OF MICHIGAN,SRA122309,,public,09F93D93A6B3FB86B8B3360EC2C733C9,ED08B4B512F015FD4EAF032DA194D1F3
SRR1061984,2013-12-30 19:34:01,2014-03-07 00:48:13,101562029,20515529858,101562029,202,11670,,https://sra-downloadb.be-md.ncbi.nlm.nih.gov/sos12/sra-pub-zq-1211/SRR001/061/SRR1061984/SRR1061984.sralite.1,SRX399748,PT61,WGS,RANDOM,GENOMIC,PAIRED,0,0,ILLUMINA,Illumina HiSeq 2000,SRP034749,PRJNA232497,,232497,SRS520079,SAMN02485604,simple,9615,Canis lupus familiaris,PT61,,,,,,,no,,,,,UNIVERSITY OF MICHIGAN,SRA122309,,public,35416CAFC0AA59175117CF28FFA5A5A9,B2AD728DE96C1580761957031F40FECD
SRR1061985,2013-12-30 19:34:01,2014-03-07 00:58:49,86566025,14975922325,86566025,173,9119,,https://sra-downloadb.be-md.ncbi.nlm.nih.gov/sos12/sra-pub-zq-1211/SRR001/061/SRR1061985/SRR1061985.sralite.1,SRX399749,PT71,WGS,RANDOM,GENOMIC,PAIRED,0,0,ILLUMINA,Illumina HiSeq 2000,SRP034749,PRJNA232497,,232497,SRS520080,SAMN02485605,simple,9615,Canis lupus familiaris,PT71,,,,,,,no,,,,,UNIVERSITY OF MICHIGAN,SRA122309,,public,F84F0FEDBEBE03A7554629520D84D2E7,93E96C3252C755EBAFD2A98FAE0457CE
SRR1061986,2013-12-30 19:34:01,2014-03-07 01:28:04,108894932,21996776264,108894932,202,13343,,https://sra-downloadb.be-md.ncbi.nlm.nih.gov/sos12/sra-pub-zq-1211/SRR001/061/SRR1061986/SRR1061986.sralite.1,SRX399749,PT71,WGS,RANDOM,GENOMIC,PAIRED,0,0,ILLUMINA,Illumina HiSeq 2000,SRP034749,PRJNA232497,,232497,SRS520080,SAMN02485605,simple,9615,Canis lupus familiaris,PT71,,,,,,,no,,,,,UNIVERSITY OF MICHIGAN,SRA122309,,public,CC15DD5E79EE4D65CDFBFEA098503ABA,60FD929ECB82999A38A670BA7F0E1D3D
SRR1062005,2013-12-30 19:34:01,2014-03-07 01:26:40,50166691,10133671582,50166691,202,5780,,https://sra-downloadb.be-md.ncbi.nlm.nih.gov/sos12/sra-pub-zq-1211/SRR001/062/SRR1062005/SRR1062005.sralite.1,SRX399751,QA27,WGS,RANDOM,GENOMIC,PAIRED,0,0,ILLUMINA,Illumina HiSeq 2000,SRP034749,PRJNA232497,,232497,SRS520081,SAMN02485606,simple,9615,Canis lupus familiaris,QA27,,,,,,,no,,,,,UNIVERSITY OF MICHIGAN,SRA122309,,public,57FDBD7190215E5857515A7E26C43E48,009A5233615929D7E21C4A22F4128AD6
SRR1062006,2013-12-30 19:34:01,2014-03-07 01:59:11,110107874,22241790548,110107874,202,13495,,https://sra-downloadb.be-md.ncbi.nlm.nih.gov/sos12/sra-pub-zq-1211/SRR001/062/SRR1062006/SRR1062006.sralite.1,SRX399751,QA27,WGS,RANDOM,GENOMIC,PAIRED,0,0,ILLUMINA,Illumina HiSeq 2000,SRP034749,PRJNA232497,,232497,SRS520081,SAMN02485606,simple,9615,Canis lupus familiaris,QA27,,,,,,,no,,,,,UNIVERSITY OF MICHIGAN,SRA122309,,public,C1FB71BB47EEEFD45C22843EC1D7296A,12E9CD14A9027B81D07F99634AD07D8F
SRR1062016,2013-12-30 19:34:01,2014-03-07 02:06:50,80059694,16172058188,80059694,202,10622,,https://sra-downloadb.be-md.ncbi.nlm.nih.gov/sos12/sra-pub-zq-1211/SRR001/062/SRR1062016/SRR1062016.sralite.1,SRX399753,QA5,WGS,RANDOM,GENOMIC,PAIRED,0,0,ILLUMINA,Illumina HiSeq 2000,SRP034749,PRJNA232497,,232497,SRS520082,SAMN02485607,simple,9615,Canis lupus familiaris,QA5,,,,,,,no,,,,,UNIVERSITY OF MICHIGAN,SRA122309,,public,43AC72136B0641B83B977B831C0DCD27,277BA9B104C9BBC615A69990CF5AF2B9
SRR1062024,2013-12-30 19:34:01,2014-03-07 02:32:10,112687371,19494915183,112687371,173,12016,,https://sra-downloadb.be-md.ncbi.nlm.nih.gov/sos12/sra-pub-zq-1211/SRR001/062/SRR1062024/SRR1062024.sralite.1,SRX399754,TW04,WGS,RANDOM,GENOMIC,PAIRED,0,0,ILLUMINA,Illumina HiSeq 2000,SRP034749,PRJNA232497,,232497,SRS520083,SAMN02485608,simple,9615,Canis lupus familiaris,TW04,,,,,,,no,,,,,UNIVERSITY OF MICHIGAN,SRA122309,,public,F1E039D9C02C6B4387652771AB45ABAE,58B3172936C36DC7789022B42CA82AEF
SRR1062028,2013-12-30 19:34:01,2014-03-07 02:47:28,97582843,19711734286,97582843,202,11089,,https://sra-downloadb.be-md.ncbi.nlm.nih.gov/sos12/sra-pub-zq-1211/SRR001/062/SRR1062028/SRR1062028.sralite.1,SRX399754,TW04,WGS,RANDOM,GENOMIC,PAIRED,0,0,ILLUMINA,Illumina HiSeq 2000,SRP034749,PRJNA232497,,232497,SRS520083,SAMN02485608,simple,9615,Canis lupus familiaris,TW04,,,,,,,no,,,,,UNIVERSITY OF MICHIGAN,SRA122309,,public,6F8BD58F4D732A5AD78A19BA7B65C80C,6CD9AB1A7018578536463B814ABCE438
SRR1062042,2013-12-30 19:34:01,2014-03-07 03:20:39,124906973,25231208546,124906973,202,16205,,https://sra-downloadb.be-md.ncbi.nlm.nih.gov/sos12/sra-pub-zq-1211/SRR001/062/SRR1062042/SRR1062042.sralite.1,SRX399755,VN21,WGS,RANDOM,GENOMIC,PAIRED,0,0,ILLUMINA,Illumina HiSeq 2000,SRP034749,PRJNA232497,,232497,SRS520084,SAMN02485609,simple,9615,Canis lupus familiaris,VN21,,,,,,,no,,,,,UNIVERSITY OF MICHIGAN,SRA122309,,public,0FBB8F70032C7EB64890518717F8E50B,E34BDE6A0446AD27E55DEF9310DC97AD
SRR1062046,2013-12-30 19:34:01,2014-03-07 03:33:42,112985292,19546455516,112985292,173,12565,,https://sra-downloadb.be-md.ncbi.nlm.nih.gov/sos12/sra-pub-zq-1211/SRR001/062/SRR1062046/SRR1062046.sralite.1,SRX399756,VN37,WGS,RANDOM,GENOMIC,PAIRED,0,0,ILLUMINA,Illumina HiSeq 2000,SRP034749,PRJNA232497,,232497,SRS520085,SAMN02485610,simple,9615,Canis lupus familiaris,VN37,,,,,,,no,,,,,UNIVERSITY OF MICHIGAN,SRA122309,,public,3E643C9799BE394D76DC005FC230817D,600285CA468A52F1747C7FE99B5F8F0C
SRR1062054,2013-12-30 19:34:01,2014-03-07 03:40:56,66078158,13347787916,66078158,202,7734,,https://sra-downloadb.be-md.ncbi.nlm.nih.gov/sos12/sra-pub-zq-1211/SRR001/062/SRR1062054/SRR1062054.sralite.1,SRX399757,VN4,WGS,RANDOM,GENOMIC,PAIRED,0,0,ILLUMINA,Illumina HiSeq 2000,SRP034749,PRJNA232497,,232497,SRS520086,SAMN02485611,simple,9615,Canis lupus familiaris,VN4,,,,,,,no,,,,,UNIVERSITY OF MICHIGAN,SRA122309,,public,BAC61AEAA3D061FF931AB1585E6AF73F,33BAF58D0BECC5B192B6F8ADDD86CC38
SRR1062055,2013-12-30 19:34:01,2014-03-07 03:52:00,62839808,12693641216,62839808,202,7433,,https://sra-downloadb.be-md.ncbi.nlm.nih.gov/sos12/sra-pub-zq-1211/SRR001/062/SRR1062055/SRR1062055.sralite.1,SRX399757,VN4,WGS,RANDOM,GENOMIC,PAIRED,0,0,ILLUMINA,Illumina HiSeq 2000,SRP034749,PRJNA232497,,232497,SRS520086,SAMN02485611,simple,9615,Canis lupus familiaris,VN4,,,,,,,no,,,,,UNIVERSITY OF MICHIGAN,SRA122309,,public,FAA1348F7A9CDEA75C671C35297E07C0,DF6A34EE16BA62F89BF8B432237AB985
SRR1062072,2013-12-30 19:34:01,2014-03-07 03:47:54,26519905,5357020810,26519905,202,2691,,https://sra-downloadb.be-md.ncbi.nlm.nih.gov/sos12/sra-pub-zq-1211/SRR001/062/SRR1062072/SRR1062072.sralite.1,SRX399759,VN42,WGS,RANDOM,GENOMIC,PAIRED,0,0,ILLUMINA,Illumina HiSeq 2000,SRP034749,PRJNA232497,,232497,SRS520087,SAMN02485612,simple,9615,Canis lupus familiaris,VN42,,,,,,,no,,,,,UNIVERSITY OF MICHIGAN,SRA122309,,public,0E4E066360C5FE7A62179DFDF6DC4809,E3B3612AD0386157A02697E274A48FEB
SRR1062078,2013-12-30 19:34:01,2014-03-07 04:20:40,90891806,18360144812,90891806,202,10310,,https://sra-downloadb.be-md.ncbi.nlm.nih.gov/sos12/sra-pub-zq-1211/SRR001/062/SRR1062078/SRR1062078.sralite.1,SRX399759,VN42,WGS,RANDOM,GENOMIC,PAIRED,0,0,ILLUMINA,Illumina HiSeq 2000,SRP034749,PRJNA232497,,232497,SRS520087,SAMN02485612,simple,9615,Canis lupus familiaris,VN42,,,,,,,no,,,,,UNIVERSITY OF MICHIGAN,SRA122309,,public,B00E3A5B0F602DD221A358DF7A98B709,D74951885910E48294F4A9AFB078E49C
SRR1062090,2013-12-30 19:34:01,2014-03-04 13:40:52,115928055,23417467110,115928055,202,14684,,https://sra-downloadb.be-md.ncbi.nlm.nih.gov/sos12/sra-pub-zq-1211/SRR001/062/SRR1062090/SRR1062090.sralite.1,SRX399760,VN59,WGS,RANDOM,GENOMIC,PAIRED,0,0,ILLUMINA,Illumina HiSeq 2000,SRP034749,PRJNA232497,,232497,SRS520088,SAMN02485613,simple,9615,Canis lupus familiaris,VN59,,,,,,,no,,,,,UNIVERSITY OF MICHIGAN,SRA122309,,public,312A1E73B8E792F08F9241CC5542512D,8A74289C7E2572B9B49BC3C897F9D946
SRR1066702,2013-12-30 19:34:01,2014-03-28 15:16:03,89915391,18162908982,89915391,202,11680,,https://sra-downloadb.be-md.ncbi.nlm.nih.gov/sos12/sra-pub-zq-1211/SRR001/066/SRR1066702/SRR1066702.sralite.1,SRX403460,Lcu2_CTTGTA,WGS,RANDOM,GENOMIC,PAIRED,0,0,ILLUMINA,Illumina HiSeq 2000,SRP034749,PRJNA232497,,232497,SRS523207,SAMN02487034,simple,68736,Lycalopex culpaeus,Lcu2_Pastora,,,,,,,no,,,,,UNIVERSITY OF MICHIGAN,SRA122309,,public,B779370A754F380A9CD9A3206C00A6B6,91152F5676D02F016542B03204AB2995
SRR1066703,2013-12-30 19:34:01,2014-03-28 15:05:19,52680448,10641450496,52680448,202,6874,,https://sra-downloadb.be-md.ncbi.nlm.nih.gov/sos12/sra-pub-zq-1211/SRR001/066/SRR1066703/SRR1066703.sralite.1,SRX403461,Lcu2_GGCTAC,WGS,RANDOM,GENOMIC,PAIRED,0,0,ILLUMINA,Illumina HiSeq 2000,SRP034749,PRJNA232497,,232497,SRS523207,SAMN02487034,simple,68736,Lycalopex culpaeus,Lcu2_Pastora,,,,,,,no,,,,,UNIVERSITY OF MICHIGAN,SRA122309,,public,DA97AB374F5EE361775C920CDD4AE4AE,EC0A7CB1FF4C67D31166506F78C89F3A
SRR1062100,2013-12-30 19:34:01,2014-03-28 14:51:38,77739409,15703360618,77739409,202,8568,,https://sra-downloadb.be-md.ncbi.nlm.nih.gov/sos12/sra-pub-zq-1211/SRR001/062/SRR1062100/SRR1062100.sralite.1,SRX399761,VN76,WGS,RANDOM,GENOMIC,PAIRED,0,0,ILLUMINA,Illumina HiSeq 2000,SRP034749,PRJNA232497,,232497,SRS520089,SAMN02485614,simple,9615,Canis lupus familiaris,VN76,,,,,,,no,,,,,UNIVERSITY OF MICHIGAN,SRA122309,,public,695B8AE44FE6E9A0CA57E4641E8CEB46,44766A06429EAA51F4BCFD7F88054395
SRR1138313,2014-03-10 07:16:13,2014-01-22 17:32:44,204543250,40908650000,204543250,200,28252,,https://sra-downloadb.be-md.ncbi.nlm.nih.gov/sos9/sra-pub-zq-924/SRR001/1138/SRR1138313/SRR1138313.lite.1,SRX445385,,WGS,unspecified,GENOMIC,PAIRED,0,0,ILLUMINA,Illumina HiSeq 2000,SRP035294,PRJNA233638,,233638,SRS540533,SAMN02585181,simple,9615,Canis lupus familiaris,YJ01,,,,,male,,no,,,,,SHANGHAI INSTITUTES FOR BIOLOGICAL SCIENCES,SRA123865,,public,23BD94E50C28DB7C55CCCFF37E72E382,57883A5C97AF1A4B58BBD6B78FE3E993
SRR1138314,2014-03-10 07:16:13,2014-01-22 20:23:09,182682428,36536485600,182682428,200,26241,,https://sra-downloadb.be-md.ncbi.nlm.nih.gov/sos9/sra-pub-zq-924/SRR001/1138/SRR1138314/SRR1138314.lite.1,SRX445386,,WGS,unspecified,GENOMIC,PAIRED,0,0,ILLUMINA,Illumina HiSeq 2000,SRP035294,PRJNA233638,,233638,SRS540534,SAMN02585182,simple,9615,Canis lupus familiaris,YJ03,,,,,male,,no,,,,,SHANGHAI INSTITUTES FOR BIOLOGICAL SCIENCES,SRA123865,,public,05747D72D85937227CE7D8D2386E610C,0B06B60469B20C5DEFA125124968D584
SRR1138315,2014-03-10 07:16:13,2014-01-22 23:30:10,178796858,35759371600,178796858,200,25854,,https://sra-downloadb.be-md.ncbi.nlm.nih.gov/sos9/sra-pub-zq-924/SRR001/1138/SRR1138315/SRR1138315.lite.1,SRX445387,,WGS,unspecified,GENOMIC,PAIRED,0,0,ILLUMINA,Illumina HiSeq 2000,SRP035294,PRJNA233638,,233638,SRS540535,SAMN02585183,simple,9615,Canis lupus familiaris,YJ08,,,,,female,,no,,,,,SHANGHAI INSTITUTES FOR BIOLOGICAL SCIENCES,SRA123865,,public,42C04A358773ED7E9AC229CEDBE7DB3C,B69E2DF49A7B8BD976AB9ACE9831DD10
SRR1138316,2014-03-10 07:16:13,2014-01-23 04:37:15,181537499,36307499800,181537499,200,26156,,https://sra-downloadb.be-md.ncbi.nlm.nih.gov/sos9/sra-pub-zq-924/SRR001/1138/SRR1138316/SRR1138316.lite.1,SRX445388,,WGS,unspecified,GENOMIC,PAIRED,0,0,ILLUMINA,Illumina HiSeq 2000,SRP035294,PRJNA233638,,233638,SRS540536,SAMN02585184,simple,9615,Canis lupus familiaris,YJ10,,,,,male,,no,,,,,SHANGHAI INSTITUTES FOR BIOLOGICAL SCIENCES,SRA123865,,public,7D012F259DCC1AE4AFB865CA3D8F9503,E5CF588CC842F8327861477E5EE90A03
SRR1138317,2014-03-10 07:16:13,2014-01-23 08:41:29,175072504,35014500800,175072504,200,25399,,https://sra-downloadb.be-md.ncbi.nlm.nih.gov/sos9/sra-pub-zq-924/SRR001/1138/SRR1138317/SRR1138317.lite.1,SRX445389,,WGS,unspecified,GENOMIC,PAIRED,0,0,ILLUMINA,Illumina HiSeq 2000,SRP035294,PRJNA233638,,233638,SRS540537,SAMN02585185,simple,9615,Canis lupus familiaris,YJ14,,,,,female,,no,,,,,SHANGHAI INSTITUTES FOR BIOLOGICAL SCIENCES,SRA123865,,public,39440C36B4DF4D6089831BA3FFF21B70,46C1598F601B46204FD1A35879D1E9D8
SRR1138318,2014-03-10 07:16:13,2014-01-23 13:55:12,190383130,38076626000,190383130,200,27165,,https://sra-downloadb.be-md.ncbi.nlm.nih.gov/sos9/sra-pub-zq-924/SRR001/1138/SRR1138318/SRR1138318.lite.1,SRX445390,,WGS,unspecified,GENOMIC,PAIRED,0,0,ILLUMINA,Illumina HiSeq 2000,SRP035294,PRJNA233638,,233638,SRS540538,SAMN02585186,simple,9615,Canis lupus familiaris,YJ15,,,,,female,,no,,,,,SHANGHAI INSTITUTES FOR BIOLOGICAL SCIENCES,SRA123865,,public,789429ECC2E6A74AF4100DD9582BB93B,B6CD2A904AAE397768D6AC223A0F7F1E
SRR1138331,2014-03-10 07:16:13,2014-01-23 17:44:39,184698014,36939602800,184698014,200,26568,,https://sra-downloadb.be-md.ncbi.nlm.nih.gov/sos9/sra-pub-zq-924/SRR001/1138/SRR1138331/SRR1138331.lite.1,SRX445399,,WGS,unspecified,GENOMIC,PAIRED,0,0,ILLUMINA,Illumina HiSeq 2000,SRP035294,PRJNA233638,,233638,SRS540543,SAMN02585187,simple,9615,Canis lupus familiaris,YJ16,,,,,male,,no,,,,,SHANGHAI INSTITUTES FOR BIOLOGICAL SCIENCES,SRA123865,,public,79CC54CBF22736B8FA79C07BFDF28A8A,83C6C86D8F7D13F7C5039A53EA1F2BC6
SRR1138337,2014-03-10 07:16:13,2014-01-24 13:13:30,203196889,40639377800,203196889,200,26690,,https://sra-downloadb.be-md.ncbi.nlm.nih.gov/sos9/sra-pub-zq-924/SRR001/1138/SRR1138337/SRR1138337.lite.1,SRX445420,,WGS,unspecified,GENOMIC,PAIRED,0,0,ILLUMINA,Illumina HiSeq 2000,SRP035294,PRJNA233638,,233638,SRS540563,SAMN02585171,simple,9615,Canis lupus familiaris,LJ1,,,,,male,,no,,,,,SHANGHAI INSTITUTES FOR BIOLOGICAL SCIENCES,SRA123865,,public,1C548E206AD97F6F995557B0E62BFFC6,84425CC256E2DB56DE2F30D577EEDFC2
SRR1138338,2014-03-10 07:16:13,2014-01-24 17:24:10,202815944,40563188800,202815944,200,26467,,https://sra-downloadb.be-md.ncbi.nlm.nih.gov/sos9/sra-pub-zq-924/SRR001/1138/SRR1138338/SRR1138338.lite.1,SRX445425,,WGS,unspecified,GENOMIC,PAIRED,0,0,ILLUMINA,Illumina HiSeq 2000,SRP035294,PRJNA233638,,233638,SRS540568,SAMN02585172,simple,9615,Canis lupus familiaris,LJ12,,,,,male,,no,,,,,SHANGHAI INSTITUTES FOR BIOLOGICAL SCIENCES,SRA123865,,public,4A181D7A78AF7C287B7EB603D2465C29,13AFF480D6858AA0B2DB3B1B634EBCAE
SRR1138332,2014-03-10 07:16:13,2014-01-23 22:59:58,189042176,37808435200,189042176,200,27114,,https://sra-downloadb.be-md.ncbi.nlm.nih.gov/sos9/sra-pub-zq-924/SRR001/1138/SRR1138332/SRR1138332.lite.1,SRX445400,,WGS,unspecified,GENOMIC,PAIRED,0,0,ILLUMINA,Illumina HiSeq 2000,SRP035294,PRJNA233638,,233638,SRS540544,SAMN02585188,simple,9615,Canis lupus familiaris,YJ17,,,,,male,,no,,,,,SHANGHAI INSTITUTES FOR BIOLOGICAL SCIENCES,SRA123865,,public,838314111F45977F477D5F413C62EED7,D3EFCA91E768E904A9E48DA2665392AF
SRR1138333,2014-03-10 07:16:13,2014-01-24 02:52:32,188900228,37780045600,188900228,200,26705,,https://sra-downloadb.be-md.ncbi.nlm.nih.gov/sos9/sra-pub-zq-924/SRR001/1138/SRR1138333/SRR1138333.lite.1,SRX445401,,WGS,unspecified,GENOMIC,PAIRED,0,0,ILLUMINA,Illumina HiSeq 2000,SRP035294,PRJNA233638,,233638,SRS540545,SAMN02585189,simple,9615,Canis lupus familiaris,YJ21,,,,,female,,no,,,,,SHANGHAI INSTITUTES FOR BIOLOGICAL SCIENCES,SRA123865,,public,4DE7780D4A23850C600E754D87A6DA91,67ECFBEC451C7770C5B2DB8192381655
SRR1138334,2014-03-10 07:16:13,2014-01-24 07:02:50,197213246,39442649200,197213246,200,27420,,https://sra-downloadb.be-md.ncbi.nlm.nih.gov/sos9/sra-pub-zq-924/SRR001/1138/SRR1138334/SRR1138334.lite.1,SRX445402,,WGS,unspecified,GENOMIC,PAIRED,0,0,ILLUMINA,Illumina HiSeq 2000,SRP035294,PRJNA233638,,233638,SRS540546,SAMN02585190,simple,9615,Canis lupus familiaris,YJ26,,,,,female,,no,,,,,SHANGHAI INSTITUTES FOR BIOLOGICAL SCIENCES,SRA123865,,public,4FF24C96EAEDC3C02D472C4137F4ED83,2AC881C6A735A0CE671E402DB9C258A7
SRR1138340,2014-03-10 07:16:13,2014-01-24 20:20:59,193705762,38741152400,193705762,200,25850,,https://sra-downloadb.be-md.ncbi.nlm.nih.gov/sos9/sra-pub-zq-924/SRR001/1138/SRR1138340/SRR1138340.lite.1,SRX445432,,WGS,unspecified,GENOMIC,PAIRED,0,0,ILLUMINA,Illumina HiSeq 2000,SRP035294,PRJNA233638,,233638,SRS540575,SAMN02585173,simple,9615,Canis lupus familiaris,LJ13,,,,,female,,no,,,,,SHANGHAI INSTITUTES FOR BIOLOGICAL SCIENCES,SRA123865,,public,B5BAD08AC45948057A1D513C6FD4141E,8136A7B22E68AFE65FD716A70CD5B406
SRR1138342,2014-03-10 07:16:13,2014-01-25 01:07:51,174003807,34800761400,174003807,200,22325,,https://sra-downloadb.be-md.ncbi.nlm.nih.gov/sos9/sra-pub-zq-924/SRR001/1138/SRR1138342/SRR1138342.lite.1,SRX445443,,WGS,unspecified,GENOMIC,PAIRED,0,0,ILLUMINA,Illumina HiSeq 2000,SRP035294,PRJNA233638,,233638,SRS540586,SAMN02585174,simple,9615,Canis lupus familiaris,LJ2,,,,,female,,no,,,,,SHANGHAI INSTITUTES FOR BIOLOGICAL SCIENCES,SRA123865,,public,A87C336491452E78C9C151F03F4ADBF1,C280BCC24A69FF40AFB0773790D78079
SRR1138343,2014-03-10 07:16:13,2014-01-25 04:14:38,185496761,37099352200,185496761,200,25245,,https://sra-downloadb.be-md.ncbi.nlm.nih.gov/sos9/sra-pub-zq-924/SRR001/1138/SRR1138343/SRR1138343.lite.1,SRX445445,,WGS,unspecified,GENOMIC,PAIRED,0,0,ILLUMINA,Illumina HiSeq 2000,SRP035294,PRJNA233638,,233638,SRS540587,SAMN02585175,simple,9615,Canis lupus familiaris,LJ6,,,,,female,,no,,,,,SHANGHAI INSTITUTES FOR BIOLOGICAL SCIENCES,SRA123865,,public,E3C9063B3C8B176B198FF8EF1D9F3ADD,3E699CA440EC23E526605770E7E466D3
SRR1138344,2014-03-10 07:16:13,2014-01-25 08:29:46,191699941,38339988200,191699941,200,25900,,https://sra-downloadb.be-md.ncbi.nlm.nih.gov/sos9/sra-pub-zq-924/SRR001/1138/SRR1138344/SRR1138344.lite.1,SRX445446,,WGS,unspecified,GENOMIC,PAIRED,0,0,ILLUMINA,Illumina HiSeq 2000,SRP035294,PRJNA233638,,233638,SRS540588,SAMN02585176,simple,9615,Canis lupus familiaris,LJ8,,,,,female,,no,,,,,SHANGHAI INSTITUTES FOR BIOLOGICAL SCIENCES,SRA123865,,public,204CA09DAA7C889BA54D9EE4CD91EFCC,7E05A3714620212EEA00A493945F16A5
SRR1138345,2014-03-10 07:16:13,2014-01-25 11:08:07,164002524,32800504800,164002524,200,20830,,https://sra-downloadb.be-md.ncbi.nlm.nih.gov/sos9/sra-pub-zq-924/SRR001/1138/SRR1138345/SRR1138345.lite.1,SRX445447,,WGS,unspecified,GENOMIC,PAIRED,0,0,ILLUMINA,Illumina HiSeq 2000,SRP035294,PRJNA233638,,233638,SRS540589,SAMN02585177,simple,9615,Canis lupus familiaris,WM3,,,,,female,,no,,,,,SHANGHAI INSTITUTES FOR BIOLOGICAL SCIENCES,SRA123865,,public,1C363DC0746B5B4AAB52C9C816BCC317,BB6875F48FF287F10A31DD389EF889F6
SRR1138349,2014-03-10 07:16:13,2014-01-24 10:21:25,202588580,40517716000,202588580,200,26992,,https://sra-downloadb.be-md.ncbi.nlm.nih.gov/sos9/sra-pub-zq-924/SRR001/1138/SRR1138349/SRR1138349.lite.1,SRX445451,,WGS,unspecified,GENOMIC,PAIRED,0,0,ILLUMINA,Illumina HiSeq 2000,SRP035294,PRJNA233638,,233638,SRS540593,SAMN02585161,simple,9615,Canis lupus familiaris,DQ25,,,,,female,,no,,,,,SHANGHAI INSTITUTES FOR BIOLOGICAL SCIENCES,SRA123865,,public,E88DCB33A404ED5DCFCB2C0D8676BC59,AD379BE56B250CB77D6395AF4716B9F1
SRR1138350,2014-03-10 07:16:13,2014-01-24 14:37:49,210203199,42040639800,210203199,200,28047,,https://sra-downloadb.be-md.ncbi.nlm.nih.gov/sos9/sra-pub-zq-924/SRR001/1138/SRR1138350/SRR1138350.lite.1,SRX445452,,WGS,unspecified,GENOMIC,PAIRED,0,0,ILLUMINA,Illumina HiSeq 2000,SRP035294,PRJNA233638,,233638,SRS540594,SAMN02585162,simple,9615,Canis lupus familiaris,DQ28,,,,,female,,no,,,,,SHANGHAI INSTITUTES FOR BIOLOGICAL SCIENCES,SRA123865,,public,5485C010BDABC4C656C65349FCCA243E,063F30A4EA1E1765AF53BDE1F59BC602
SRR1138346,2014-03-10 07:16:13,2014-01-25 14:21:49,194805451,38961090200,194805451,200,26143,,https://sra-downloadb.be-md.ncbi.nlm.nih.gov/sos9/sra-pub-zq-924/SRR001/1138/SRR1138346/SRR1138346.lite.1,SRX445448,,WGS,unspecified,GENOMIC,PAIRED,0,0,ILLUMINA,Illumina HiSeq 2000,SRP035294,PRJNA233638,,233638,SRS540590,SAMN02585178,simple,9615,Canis lupus familiaris,YL1,,,,,male,,no,,,,,SHANGHAI INSTITUTES FOR BIOLOGICAL SCIENCES,SRA123865,,public,D44C33899A46D6C37F5CDAB80EE59EAC,902DC7258A8EBEFCA589F4650A46FD1D
SRR1138347,2014-03-10 07:16:13,2014-01-25 17:30:28,194731910,38946382000,194731910,200,26151,,https://sra-downloadb.be-md.ncbi.nlm.nih.gov/sos9/sra-pub-zq-924/SRR001/1138/SRR1138347/SRR1138347.lite.1,SRX445449,,WGS,unspecified,GENOMIC,PAIRED,0,0,ILLUMINA,Illumina HiSeq 2000,SRP035294,PRJNA233638,,233638,SRS540591,SAMN02585179,simple,9615,Canis lupus familiaris,YL5,,,,,male,,no,,,,,SHANGHAI INSTITUTES FOR BIOLOGICAL SCIENCES,SRA123865,,public,0D7859464270B76B83AFE8DC63EF5F6C,ADE2C079C8F2097E2DB037DBCDE04FE4
SRR1138348,2014-03-10 07:16:13,2014-01-25 20:31:42,186961335,37392267000,186961335,200,24308,,https://sra-downloadb.be-md.ncbi.nlm.nih.gov/sos9/sra-pub-zq-924/SRR001/1138/SRR1138348/SRR1138348.lite.1,SRX445450,,WGS,unspecified,GENOMIC,PAIRED,0,0,ILLUMINA,Illumina HiSeq 2000,SRP035294,PRJNA233638,,233638,SRS540592,SAMN02585180,simple,9615,Canis lupus familiaris,YL7,,,,,male,,no,,,,,SHANGHAI INSTITUTES FOR BIOLOGICAL SCIENCES,SRA123865,,public,AD76E7D818303CF9B83CCB1B09E3FF46,ED2B1BE452281BBEB43B761503433D5A
SRR1138351,2014-03-10 07:16:13,2014-01-24 16:21:36,184116548,36823309600,184116548,200,25577,,https://sra-downloadb.be-md.ncbi.nlm.nih.gov/sos9/sra-pub-zq-924/SRR001/1138/SRR1138351/SRR1138351.lite.1,SRX445454,,WGS,unspecified,GENOMIC,PAIRED,0,0,ILLUMINA,Illumina HiSeq 2000,SRP035294,PRJNA233638,,233638,SRS540597,SAMN02585163,simple,9615,Canis lupus familiaris,DQ29,,,,,male,,no,,,,,SHANGHAI INSTITUTES FOR BIOLOGICAL SCIENCES,SRA123865,,public,B12A3A0ECEC3F8E33FEAE78758C1E4AE,A3616EBB95CB9AE758CC0C381597269F
SRR1138352,2014-03-10 07:16:13,2014-01-24 20:10:33,191990464,38398092800,191990464,200,26893,,https://sra-downloadb.be-md.ncbi.nlm.nih.gov/sos9/sra-pub-zq-924/SRR001/1138/SRR1138352/SRR1138352.lite.1,SRX445455,,WGS,unspecified,GENOMIC,PAIRED,0,0,ILLUMINA,Illumina HiSeq 2000,SRP035294,PRJNA233638,,233638,SRS540596,SAMN02585164,simple,9615,Canis lupus familiaris,DQ32,,,,,male,,no,,,,,SHANGHAI INSTITUTES FOR BIOLOGICAL SCIENCES,SRA123865,,public,58D7A7D8D45148B32F187070536009F0,A4E5DB4381158E8040C20F6B514130B3
SRR1138353,2014-03-10 07:16:13,2014-01-24 23:16:55,201081902,40216380400,201081902,200,26630,,https://sra-downloadb.be-md.ncbi.nlm.nih.gov/sos9/sra-pub-zq-924/SRR001/1138/SRR1138353/SRR1138353.lite.1,SRX445456,,WGS,unspecified,GENOMIC,PAIRED,0,0,ILLUMINA,Illumina HiSeq 2000,SRP035294,PRJNA233638,,233638,SRS540598,SAMN02585165,simple,9615,Canis lupus familiaris,DQ33,,,,,female,,no,,,,,SHANGHAI INSTITUTES FOR BIOLOGICAL SCIENCES,SRA123865,,public,1D706D24962B58253180FBD1CD379493,15978379B7FF2DB25C7F5EE0A5C63043
SRR1138354,2014-03-10 07:16:13,2014-01-25 02:09:08,168341613,33668322600,168341613,200,22750,,https://sra-downloadb.be-md.ncbi.nlm.nih.gov/sos9/sra-pub-zq-924/SRR001/1138/SRR1138354/SRR1138354.lite.1,SRX445457,,WGS,unspecified,GENOMIC,PAIRED,0,0,ILLUMINA,Illumina HiSeq 2000,SRP035294,PRJNA233638,,233638,SRS540599,SAMN02585166,simple,9615,Canis lupus familiaris,DQ45,,,,,female,,no,,,,,SHANGHAI INSTITUTES FOR BIOLOGICAL SCIENCES,SRA123865,,public,28DF7C84D85E47E162E61C0AAD2AE6D3,D98C6D611F054C43C3F699E23D39344D
SRR1138355,2014-03-10 07:16:13,2014-01-25 06:17:59,206645542,41329108400,206645542,200,28633,,https://sra-downloadb.be-md.ncbi.nlm.nih.gov/sos9/sra-pub-zq-924/SRR001/1138/SRR1138355/SRR1138355.lite.1,SRX445458,,WGS,unspecified,GENOMIC,PAIRED,0,0,ILLUMINA,Illumina HiSeq 2000,SRP035294,PRJNA233638,,233638,SRS540600,SAMN02585167,simple,9615,Canis lupus familiaris,DQ52,,,,,male,,no,,,,,SHANGHAI INSTITUTES FOR BIOLOGICAL SCIENCES,SRA123865,,public,8A1EA4D0448B7B98054748935D627CD9,727F93659DE7D91088C1253B911C38B8
SRR1138357,2014-03-10 07:16:13,2014-01-25 08:28:38,161332324,32266464800,161332324,200,22070,,https://sra-downloadb.be-md.ncbi.nlm.nih.gov/sos9/sra-pub-zq-924/SRR001/1138/SRR1138357/SRR1138357.lite.1,SRX445459,,WGS,unspecified,GENOMIC,PAIRED,0,0,ILLUMINA,Illumina HiSeq 2000,SRP035294,PRJNA233638,,233638,SRS540601,SAMN02585168,simple,9615,Canis lupus familiaris,DQ54,,,,,male,,no,,,,,SHANGHAI INSTITUTES FOR BIOLOGICAL SCIENCES,SRA123865,,public,0639D90DD02371576BFD5487B19EF077,2314591F2F7586ED8C49F8FBE5142227
SRR1138358,2014-03-10 07:16:13,2014-01-26 11:38:15,180169980,36394335960,180169980,202,24043,,https://sra-downloadb.be-md.ncbi.nlm.nih.gov/sos9/sra-pub-zq-924/SRR001/1138/SRR1138358/SRR1138358.lite.1,SRX445460,,WGS,unspecified,GENOMIC,PAIRED,0,0,ILLUMINA,Illumina HiSeq 2000,SRP035294,PRJNA233638,,233638,SRS540602,SAMN02585169,simple,9615,Canis lupus familiaris,DQ59,,,,,female,,no,,,,,SHANGHAI INSTITUTES FOR BIOLOGICAL SCIENCES,SRA123865,,public,3AB0D4B823523D65CA3AE4E0B3BFE937,5E8E44E67136B571E3D732B8FAF75CF6
SRR1138359,2014-03-10 07:16:13,2014-01-25 14:30:39,199471207,39894241400,199471207,200,26760,,https://sra-downloadb.be-md.ncbi.nlm.nih.gov/sos9/sra-pub-zq-924/SRR001/1138/SRR1138359/SRR1138359.lite.1,SRX445461,,WGS,unspecified,GENOMIC,PAIRED,0,0,ILLUMINA,Illumina HiSeq 2000,SRP035294,PRJNA233638,,233638,SRS540603,SAMN02585170,simple,9615,Canis lupus familiaris,DQ60,,,,,male,,no,,,,,SHANGHAI INSTITUTES FOR BIOLOGICAL SCIENCES,SRA123865,,public,A5155FE0D2C806D89B0B06376A4F4D44,AB9B20452B36361F243A6BC64B497139
SRR1518485,2015-07-22 17:08:08,2015-12-16 17:33:22,121908938,24381787600,121908938,200,16322,,https://sra-downloadb.be-md.ncbi.nlm.nih.gov/sos12/sra-pub-zq-1211/SRR001/518/SRR1518485/SRR1518485.sralite.1,SRX655601,,WGS,RANDOM,GENOMIC,PAIRED,0,0,ILLUMINA,Illumina HiSeq 1000,SRP044399,PRJNA255370,,255370,SRS661477,SAMN02921301,simple,9614,Canis latrans,cac,,,,,missing,,no,,,,,IBE(CSIC-UNIVERSITAT POMPEU FABRA),SRA175458,,public,AD5B2D59EE19B7FA63D3676FE3B273D7,46068E802F945010DB2CCED8A2F529C9
SRR1518486,2015-07-22 17:08:05,2015-12-29 01:11:16,163076250,32615250000,163076250,200,21228,,https://sra-downloadb.be-md.ncbi.nlm.nih.gov/sos12/sra-pub-zq-1214/SRR001/518/SRR1518486.sralite.1,SRX655602,,WGS,RANDOM,GENOMIC,PAIRED,0,0,ILLUMINA,Illumina HiSeq 1000,SRP044399,PRJNA255370,,255370,SRS661477,SAMN02921301,simple,9614,Canis latrans,cac,,,,,missing,,no,,,,,IBE(CSIC-UNIVERSITAT POMPEU FABRA),SRA175458,,public,573FE628243CD0FF08C0B37DC9ED7391,4A70A736951B6EC0278E1B83AC955856
SRR1518488,2015-07-17 00:01:18,2014-07-22 04:55:38,92795983,18559196600,92795983,200,10898,,https://sra-downloadb.be-md.ncbi.nlm.nih.gov/sos12/sra-pub-zq-1211/SRR001/518/SRR1518488/SRR1518488.sralite.1,SRX655604,,WGS,RANDOM,GENOMIC,PAIRED,0,0,ILLUMINA,Illumina HiSeq 1000,SRP044399,PRJNA255370,,255370,SRS661478,SAMN02921302,simple,9614,Canis latrans,alc,,,,,missing,,no,,,,,IBE(CSIC-UNIVERSITAT POMPEU FABRA),SRA175458,,public,CC555BD8F6AAD6EEF489A3304602CAD9,A1B8B6873FE8645E684D7A7DE234DCD9
SRR1518487,2015-07-22 17:08:08,2015-12-24 05:06:31,39199127,7839825400,39199127,200,4895,,https://sra-downloadb.be-md.ncbi.nlm.nih.gov/sos12/sra-pub-zq-1214/SRR001/518/SRR1518487.sralite.1,SRX655603,,WGS,RANDOM,GENOMIC,PAIRED,0,0,ILLUMINA,Illumina HiSeq 1000,SRP044399,PRJNA255370,,255370,SRS661477,SAMN02921301,simple,9614,Canis latrans,cac,,,,,missing,,no,,,,,IBE(CSIC-UNIVERSITAT POMPEU FABRA),SRA175458,,public,6A0DA937AB081FCEB557D4CDECA65CC0,7F24DD8C7AFD13E471B730ADED32FC41
SRR1518513,2015-07-22 17:08:08,2015-12-17 15:00:36,148874560,29774912000,148874560,200,19050,,https://sra-downloadb.be-md.ncbi.nlm.nih.gov/sos12/sra-pub-zq-1211/SRR001/518/SRR1518513/SRR1518513.sralite.1,SRX655629,,WGS,RANDOM,GENOMIC,PAIRED,0,0,ILLUMINA,Illumina HiSeq 1000,SRP044399,PRJNA255370,,255370,SRS661486,SAMN02921310,simple,9612,Canis lupus,glw,,,,,missing,,no,,,,,IBE(CSIC-UNIVERSITAT POMPEU FABRA),SRA175458,,public,86ACA4680BEA3034EFAA66305AFE48F8,7CC0EA667381E00ECEFF6EF7A3713C73
SRR1518514,2015-07-22 17:08:07,2015-12-17 14:58:53,174480651,34896130200,174480651,200,22784,,https://sra-downloadb.be-md.ncbi.nlm.nih.gov/sos12/sra-pub-zq-1211/SRR001/518/SRR1518514/SRR1518514.sralite.1,SRX655630,,WGS,RANDOM,GENOMIC,PAIRED,0,0,ILLUMINA,Illumina HiSeq 1000,SRP044399,PRJNA255370,,255370,SRS661486,SAMN02921310,simple,9612,Canis lupus,glw,,,,,missing,,no,,,,,IBE(CSIC-UNIVERSITAT POMPEU FABRA),SRA175458,,public,6B6851422DC3B3E541D2DB6457834F95,237F9363223B11B20979A9B4603988D7
SRR1518489,2015-07-17 00:01:18,2014-07-22 05:16:27,109908386,21981677200,109908386,200,12691,,https://sra-downloadb.be-md.ncbi.nlm.nih.gov/sos12/sra-pub-zq-1211/SRR001/518/SRR1518489/SRR1518489.sralite.1,SRX655605,,WGS,RANDOM,GENOMIC,PAIRED,0,0,ILLUMINA,Illumina HiSeq 1000,SRP044399,PRJNA255370,,255370,SRS661479,SAMN02921303,simple,9614,Canis latrans,mwc,,,,,missing,,no,,,,,IBE(CSIC-UNIVERSITAT POMPEU FABRA),SRA175458,,public,13E93BADF1BB3B08958BA07244FD49F6,8D91AF76C461A0200E10FF691D29C3AE
SRR1518515,2015-07-22 17:08:08,2015-12-17 14:47:11,154289999,30857999800,154289999,200,19292,,https://sra-downloadb.be-md.ncbi.nlm.nih.gov/sos12/sra-pub-zq-1211/SRR001/518/SRR1518515/SRR1518515.sralite.1,SRX655631,,WGS,RANDOM,GENOMIC,PAIRED,0,0,ILLUMINA,Illumina HiSeq 1000,SRP044399,PRJNA255370,,255370,SRS661487,SAMN02921311,simple,9612,Canis lupus,inw,,,,,missing,,no,,,,,IBE(CSIC-UNIVERSITAT POMPEU FABRA),SRA175458,,public,9D9E5900695495B2702AA30382293179,2EFAED4F3957D06A20FFFF7FDDBAC204
SRR1518516,2015-07-22 17:08:07,2015-12-17 15:29:09,176558359,35311671800,176558359,200,23332,,https://sra-downloadb.be-md.ncbi.nlm.nih.gov/sos12/sra-pub-zq-1211/SRR001/518/SRR1518516/SRR1518516.sralite.1,SRX655632,,WGS,RANDOM,GENOMIC,PAIRED,0,0,ILLUMINA,Illumina HiSeq 1000,SRP044399,PRJNA255370,,255370,SRS661487,SAMN02921311,simple,9612,Canis lupus,inw,,,,,missing,,no,,,,,IBE(CSIC-UNIVERSITAT POMPEU FABRA),SRA175458,,public,51E97C5FE4F42A12FB27B56B3C670EFC,372570953F4A7DBD378501C9F06C0220
SRR1518517,2015-07-22 17:08:08,2015-12-17 15:20:01,187746546,37549309200,187746546,200,25150,,https://sra-downloadb.be-md.ncbi.nlm.nih.gov/sos12/sra-pub-zq-1214/SRR001/518/SRR1518517.sralite.1,SRX655633,,WGS,RANDOM,GENOMIC,PAIRED,0,0,ILLUMINA,Illumina HiSeq 1000,SRP044399,PRJNA255370,,255370,SRS661488,SAMN02921312,simple,9612,Canis lupus,irw,,,,,missing,,no,,,,,IBE(CSIC-UNIVERSITAT POMPEU FABRA),SRA175458,,public,38AE6A0550805F7DA304358E3EA43E88,064F75A9D5215FB3333E8AAEDA2E5AD8
SRR1518518,2015-07-22 17:08:08,2015-12-17 15:10:46,175993614,35198722800,175993614,200,24257,,https://sra-downloadb.be-md.ncbi.nlm.nih.gov/sos12/sra-pub-zq-1214/SRR001/518/SRR1518518.sralite.1,SRX655634,,WGS,RANDOM,GENOMIC,PAIRED,0,0,ILLUMINA,Illumina HiSeq 1000,SRP044399,PRJNA255370,,255370,SRS661488,SAMN02921312,simple,9612,Canis lupus,irw,,,,,missing,,no,,,,,IBE(CSIC-UNIVERSITAT POMPEU FABRA),SRA175458,,public,1C96A473E75D7ECC7D24E1AC9EF8AA14,8BCB4ECBBC19800EB89BF7BB53BD646D
SRR1518519,2015-07-17 00:01:21,2014-07-22 05:46:27,101737464,19330118160,101737464,190,10707,,https://sra-downloadb.be-md.ncbi.nlm.nih.gov/sos12/sra-pub-zq-1211/SRR001/518/SRR1518519/SRR1518519.sralite.1,SRX655635,,WGS,RANDOM,GENOMIC,PAIRED,0,0,ILLUMINA,Illumina HiSeq 1000,SRP044399,PRJNA255370,,255370,SRS661489,SAMN02921313,simple,9612,Canis lupus,ita,,,,,missing,,no,,,,,IBE(CSIC-UNIVERSITAT POMPEU FABRA),SRA175458,,public,0FEA1F34199E49BFB6568FAAFD107183,49C085EBCD62A1A228720F171EDDDD34
SRR1518520,2015-07-22 17:08:08,2015-12-17 14:44:41,145073172,29014634400,145073172,200,18752,,https://sra-downloadb.be-md.ncbi.nlm.nih.gov/sos12/sra-pub-zq-1211/SRR001/518/SRR1518520/SRR1518520.sralite.1,SRX655636,,WGS,RANDOM,GENOMIC,PAIRED,0,0,ILLUMINA,Illumina HiSeq 1000,SRP044399,PRJNA255370,,255370,SRS661490,SAMN02921314,simple,9612,Canis lupus,mxa,,,,,missing,,no,,,,,IBE(CSIC-UNIVERSITAT POMPEU FABRA),SRA175458,,public,6AAEEBE576C4CE37DD5E1FC68EB63E1D,20B5ECE0CBAF616B27872D3BBF3F5FC2
SRR1518521,2015-07-22 17:08:08,2015-12-17 14:57:54,164286964,32857392800,164286964,200,21134,,https://sra-downloadb.be-md.ncbi.nlm.nih.gov/sos12/sra-pub-zq-1211/SRR001/518/SRR1518521/SRR1518521.sralite.1,SRX655637,,WGS,RANDOM,GENOMIC,PAIRED,0,0,ILLUMINA,Illumina HiSeq 1000,SRP044399,PRJNA255370,,255370,SRS661490,SAMN02921314,simple,9612,Canis lupus,mxa,,,,,missing,,no,,,,,IBE(CSIC-UNIVERSITAT POMPEU FABRA),SRA175458,,public,DA4A1FFB23DD0A425B17839D4119C2AE,ACC026514B66D862809200534B7A11BA
SRR1518522,2015-07-17 00:01:21,2014-07-22 05:50:08,94903548,18031674120,94903548,190,10442,,https://sra-downloadb.be-md.ncbi.nlm.nih.gov/sos12/sra-pub-zq-1211/SRR001/518/SRR1518522/SRR1518522.sralite.1,SRX655638,,WGS,RANDOM,GENOMIC,PAIRED,0,0,ILLUMINA,Illumina HiSeq 1000,SRP044399,PRJNA255370,,255370,SRS661491,SAMN02921315,simple,9612,Canis lupus,mxb,,,,,missing,,no,,,,,IBE(CSIC-UNIVERSITAT POMPEU FABRA),SRA175458,,public,2DB82220439D562936BFD95229379BE5,C9630DF803A5F2F694D824761719B8B9
SRR1518523,2015-07-22 17:08:05,2015-12-17 15:27:43,182991646,36598329200,182991646,200,24723,,https://sra-downloadb.be-md.ncbi.nlm.nih.gov/sos12/sra-pub-zq-1214/SRR001/518/SRR1518523.sralite.1,SRX655639,,WGS,RANDOM,GENOMIC,PAIRED,0,0,ILLUMINA,Illumina HiSeq 1000,SRP044399,PRJNA255370,,255370,SRS661492,SAMN02921316,simple,9612,Canis lupus,ptw,,,,,missing,,no,,,,,IBE(CSIC-UNIVERSITAT POMPEU FABRA),SRA175458,,public,BF2512581D10382B55FC4A879514055A,006D474060DE5E7640EC3B3938AED6C7
SRR1518524,2015-07-22 17:08:08,2015-12-17 15:33:30,160368272,32073654400,160368272,200,21758,,https://sra-downloadb.be-md.ncbi.nlm.nih.gov/sos12/sra-pub-zq-1211/SRR001/518/SRR1518524/SRR1518524.sralite.1,SRX655640,,WGS,RANDOM,GENOMIC,PAIRED,0,0,ILLUMINA,Illumina HiSeq 1000,SRP044399,PRJNA255370,,255370,SRS661492,SAMN02921316,simple,9612,Canis lupus,ptw,,,,,missing,,no,,,,,IBE(CSIC-UNIVERSITAT POMPEU FABRA),SRA175458,,public,DCFB63A1207A92D4D17997AB6971F8A6,A4E4E828811AF044AB93214677FABD69
SRR1518525,2015-07-22 17:08:08,2015-12-17 15:11:52,188996643,37799328600,188996643,200,25332,,https://sra-downloadb.be-md.ncbi.nlm.nih.gov/sos12/sra-pub-zq-1211/SRR001/518/SRR1518525/SRR1518525.sralite.1,SRX655641,,WGS,RANDOM,GENOMIC,PAIRED,0,0,ILLUMINA,Illumina HiSeq 1000,SRP044399,PRJNA255370,,255370,SRS661493,SAMN02921317,simple,9612,Canis lupus,rwa,,,,,missing,,no,,,,,IBE(CSIC-UNIVERSITAT POMPEU FABRA),SRA175458,,public,BA93AC3653C65BF94B5E49AEAFDA1381,E0EE1ACACB46278F5500142FE28928A1
SRR1518526,2015-07-22 17:08:07,2015-12-17 15:09:01,176296088,35259217600,176296088,200,24156,,https://sra-downloadb.be-md.ncbi.nlm.nih.gov/sos12/sra-pub-zq-1211/SRR001/518/SRR1518526/SRR1518526.sralite.1,SRX655642,,WGS,RANDOM,GENOMIC,PAIRED,0,0,ILLUMINA,Illumina HiSeq 1000,SRP044399,PRJNA255370,,255370,SRS661493,SAMN02921317,simple,9612,Canis lupus,rwa,,,,,missing,,no,,,,,IBE(CSIC-UNIVERSITAT POMPEU FABRA),SRA175458,,public,E67931B64E40A53B9BF64376AB91CCD4,E1EB718F3D785BD404029CC86595C3A5
SRR1518527,2015-07-17 00:01:21,2014-07-22 05:51:45,103470289,19659354910,103470289,190,10914,,https://sra-downloadb.be-md.ncbi.nlm.nih.gov/sos12/sra-pub-zq-1211/SRR001/518/SRR1518527/SRR1518527.sralite.1,SRX655643,,WGS,RANDOM,GENOMIC,PAIRED,0,0,ILLUMINA,Illumina HiSeq 1000,SRP044399,PRJNA255370,,255370,SRS661494,SAMN02921318,simple,9612,Canis lupus,rwb,,,,,missing,,no,,,,,IBE(CSIC-UNIVERSITAT POMPEU FABRA),SRA175458,,public,3E410EC5E2FA7AC560A64A70DF7B9C5C,95869F3AF393F40361C1A245857466D7
SRR1518528,2015-07-22 17:08:07,2015-12-17 15:26:37,186920665,37384133000,186920665,200,25539,,https://sra-downloadb.be-md.ncbi.nlm.nih.gov/sos12/sra-pub-zq-1211/SRR001/518/SRR1518528/SRR1518528.sralite.1,SRX655644,,WGS,RANDOM,GENOMIC,PAIRED,0,0,ILLUMINA,Illumina HiSeq 1000,SRP044399,PRJNA255370,,255370,SRS661495,SAMN02921319,simple,9612,Canis lupus,spw,,,,,missing,,no,,,,,IBE(CSIC-UNIVERSITAT POMPEU FABRA),SRA175458,,public,490C84965DC0E7E2C9DD3984C0F4D2C2,9059084DC8E1F5F422515A39F7402E24
SRR1518529,2015-07-22 17:08:08,2015-12-17 14:53:56,161492020,32298404000,161492020,200,21461,,https://sra-downloadb.be-md.ncbi.nlm.nih.gov/sos12/sra-pub-zq-1211/SRR001/518/SRR1518529/SRR1518529.sralite.1,SRX655645,,WGS,RANDOM,GENOMIC,PAIRED,0,0,ILLUMINA,Illumina HiSeq 1000,SRP044399,PRJNA255370,,255370,SRS661495,SAMN02921319,simple,9612,Canis lupus,spw,,,,,missing,,no,,,,,IBE(CSIC-UNIVERSITAT POMPEU FABRA),SRA175458,,public,D936F576B8AF5DC6FD80826A0203A5EC,0DD7A824ADD541612928DA5B1FA8EB17
SRR1518530,2015-07-22 17:08:07,2015-12-17 13:59:56,42404574,8480914800,42404574,200,5649,,https://sra-downloadb.be-md.ncbi.nlm.nih.gov/sos12/sra-pub-zq-1214/SRR001/518/SRR1518530.sralite.1,SRX655646,,WGS,RANDOM,GENOMIC,PAIRED,0,0,ILLUMINA,Illumina HiSeq 1000,SRP044399,PRJNA255370,,255370,SRS661496,SAMN02921320,simple,9612,Canis lupus,ysa,,,,,missing,,no,,,,,IBE(CSIC-UNIVERSITAT POMPEU FABRA),SRA175458,,public,694765B4B5B6821B07DC64502DC57D98,49ECBBE563530315AE20871EBB7348F7
SRR1518531,2015-07-22 17:08:07,2015-12-17 14:38:44,148370596,29674119200,148370596,200,18414,,https://sra-downloadb.be-md.ncbi.nlm.nih.gov/sos12/sra-pub-zq-1211/SRR001/518/SRR1518531/SRR1518531.sralite.1,SRX655647,,WGS,RANDOM,GENOMIC,PAIRED,0,0,ILLUMINA,Illumina HiSeq 1000,SRP044399,PRJNA255370,,255370,SRS661496,SAMN02921320,simple,9612,Canis lupus,ysa,,,,,missing,,no,,,,,IBE(CSIC-UNIVERSITAT POMPEU FABRA),SRA175458,,public,4EB3CD8B2D96C4FD989B24E24242B515,77FADF20F7D264051EDDE78FF9953F55
SRR1518532,2015-07-22 17:08:08,2015-12-17 14:46:44,149582268,29916453600,149582268,200,19511,,https://sra-downloadb.be-md.ncbi.nlm.nih.gov/sos12/sra-pub-zq-1211/SRR001/518/SRR1518532/SRR1518532.sralite.1,SRX655648,,WGS,RANDOM,GENOMIC,PAIRED,0,0,ILLUMINA,Illumina HiSeq 1000,SRP044399,PRJNA255370,,255370,SRS661496,SAMN02921320,simple,9612,Canis lupus,ysa,,,,,missing,,no,,,,,IBE(CSIC-UNIVERSITAT POMPEU FABRA),SRA175458,,public,990278442B2548DA90D6648CFDBDDE0D,D651AFA81203DC8DC9B508E055A3465C
SRR1518533,2015-07-22 17:08:05,2015-12-17 14:42:21,138387147,27677429400,0,200,17123,,https://sra-downloadb.be-md.ncbi.nlm.nih.gov/sos12/sra-pub-zq-1211/SRR001/518/SRR1518533/SRR1518533.sralite.1,SRX655649,,WGS,RANDOM,GENOMIC,PAIRED,0,0,ILLUMINA,Illumina HiSeq 1000,SRP044399,PRJNA255370,,255370,SRS661497,SAMN02921321,simple,9612,Canis lupus,ysb,,,,,missing,,no,,,,,IBE(CSIC-UNIVERSITAT POMPEU FABRA),SRA175458,,public,,
SRR1518534,2015-07-22 17:08:08,2015-12-17 15:00:16,177401410,35480282000,177401410,200,23048,,https://sra-downloadb.be-md.ncbi.nlm.nih.gov/sos12/sra-pub-zq-1211/SRR001/518/SRR1518534/SRR1518534.sralite.1,SRX655650,,WGS,RANDOM,GENOMIC,PAIRED,0,0,ILLUMINA,Illumina HiSeq 1000,SRP044399,PRJNA255370,,255370,SRS661497,SAMN02921321,simple,9612,Canis lupus,ysb,,,,,missing,,no,,,,,IBE(CSIC-UNIVERSITAT POMPEU FABRA),SRA175458,,public,71B5F5321E48ACCCAB02F00CB063D543,5336E179C550F26CF28A7D75EFFDB7DC
SRR1518535,2015-07-17 00:01:22,2014-07-22 06:56:36,113130014,21494702660,113130014,190,12325,,https://sra-downloadb.be-md.ncbi.nlm.nih.gov/sos12/sra-pub-zq-1211/SRR001/518/SRR1518535/SRR1518535.sralite.1,SRX655651,,WGS,RANDOM,GENOMIC,PAIRED,0,0,ILLUMINA,Illumina HiSeq 1000,SRP044399,PRJNA255370,,255370,SRS661498,SAMN02921322,simple,9612,Canis lupus,ysc,,,,,missing,,no,,,,,IBE(CSIC-UNIVERSITAT POMPEU FABRA),SRA175458,,public,8FE1172070F1315F41FAD42563F76557,DA5656F774045D4121C5CDC9842587C4
SRR2017892,2015-05-18 12:42:14,2015-05-18 12:24:00,184683409,33243013620,184683409,180,23156,,https://sra-downloadb.be-md.ncbi.nlm.nih.gov/sos12/sra-pub-zq-1211/SRR002/017/SRR2017892/SRR2017892.sralite.1,SRX1024625,SZAXPI012802-14,WGS,other,GENOMIC,PAIRED,0,0,ILLUMINA,Illumina HiSeq 2000,SRP058219,,,0,SRS933415,SAMN03652998,simple,246881,Canis lupus chanco,BGI-01505070002,,,,,,,no,,,,,BGI,SRA266463,,public,AF952E224B24E5F8635F909266C68374,62D3FC5393D0A916EE0609BCC33A3AA3
SRR2017889,2015-05-14 06:12:11,2015-05-14 05:59:45,152433136,27437964480,152433136,180,17948,,https://sra-downloadb.be-md.ncbi.nlm.nih.gov/sos12/sra-pub-zq-1211/SRR002/017/SRR2017889/SRR2017889.sralite.1,SRX1024622,SZAXPI014377-129,WGS,other,GENOMIC,PAIRED,0,0,ILLUMINA,Illumina HiSeq 2000,SRP058219,,,0,SRS933414,SAMN03652997,simple,246881,Canis lupus chanco,BGI-01505070008,,,,,,,no,,,,,BGI,SRA266463,,public,737E3C4D0DCFDBDFCFEE93176F8196BD,11098EAC63026CA679C658426DE7A6BB
SRR2017890,2015-05-18 19:21:11,2015-05-18 19:08:00,148434707,26718247260,148434707,180,17626,,https://sra-downloadb.be-md.ncbi.nlm.nih.gov/sos12/sra-pub-zq-1211/SRR002/017/SRR2017890/SRR2017890.sralite.1,SRX1024623,SZAXPI014377-129,WGS,other,GENOMIC,PAIRED,0,0,ILLUMINA,Illumina HiSeq 2000,SRP058219,,,0,SRS933414,SAMN03652997,simple,246881,Canis lupus chanco,BGI-01505070008,,,,,,,no,,,,,BGI,SRA266463,,public,077E0E04B4628A5B689A572E58CF77B3,D3A24550CCC417BA851F8E00E61DBE61
SRR2017891,2015-05-18 19:32:11,2015-05-18 19:23:44,77189917,13894185060,77189917,180,8942,,https://sra-downloadb.be-md.ncbi.nlm.nih.gov/sos12/sra-pub-zq-1211/SRR002/017/SRR2017891/SRR2017891.sralite.1,SRX1024624,SZAXPI014377-129,WGS,other,GENOMIC,PAIRED,0,0,ILLUMINA,Illumina HiSeq 2000,SRP058219,,,0,SRS933414,SAMN03652997,simple,246881,Canis lupus chanco,BGI-01505070008,,,,,,,no,,,,,BGI,SRA266463,,public,DE70DC737AD391794AB7DDA0CFF71B25,6AD9970366E946BBCF3BB875DB05D3DD
SRR2017897,2015-05-18 17:13:11,2015-05-18 16:54:05,184803348,33264602640,184803348,180,23349,,https://sra-downloadb.be-md.ncbi.nlm.nih.gov/sos12/sra-pub-zq-1211/SRR002/017/SRR2017897/SRR2017897.sralite.1,SRX1024630,SZAXPI012813-13,WGS,other,GENOMIC,PAIRED,0,0,ILLUMINA,Illumina HiSeq 2000,SRP058219,,,0,SRS933420,SAMN03653003,simple,246881,Canis lupus chanco,BGI-01505070001,,,,,,,no,,,,,BGI,SRA266463,,public,6AA193CE0A20194F285DBE20F407F2DE,C11129BE76381842BD4C3B1A0C12F87A
SRR2017895,2015-05-18 15:23:12,2015-05-18 15:08:26,133022600,23944068000,133022600,180,15017,,https://sra-downloadb.be-md.ncbi.nlm.nih.gov/sos12/sra-pub-zq-1211/SRR002/017/SRR2017895/SRR2017895.sralite.1,SRX1024628,SZAXPI012808-15,WGS,other,GENOMIC,PAIRED,0,0,ILLUMINA,Illumina HiSeq 2000,SRP058219,,,0,SRS933418,SAMN03653001,simple,246881,Canis lupus chanco,BGI-01505070003,,,,,,,no,,,,,BGI,SRA266463,,public,BBA069B7317625A7D2D4B28360ECA7E3,D791651E921ECF1C62FFF7313D5374D8
SRR2017893,2015-05-18 12:58:13,2015-05-18 12:44:36,184935889,33288460020,184935889,180,23255,,https://sra-downloadb.be-md.ncbi.nlm.nih.gov/sos12/sra-pub-zq-1211/SRR002/017/SRR2017893/SRR2017893.sralite.1,SRX1024626,SZAXPI012803-19,WGS,other,GENOMIC,PAIRED,0,0,ILLUMINA,Illumina HiSeq 2000,SRP058219,,,0,SRS933416,SAMN03652999,simple,246881,Canis lupus chanco,BGI-01505070005,,,,,,,no,,,,,BGI,SRA266463,,public,B9FB6FA724D6F06A141FD30BF8A3479D,F3F798BE08B6D6EF454BA59E6E13025C
SRR2017896,2015-05-18 15:42:17,2015-05-18 15:19:02,184721821,33249927780,184721821,180,22922,,https://sra-downloadb.be-md.ncbi.nlm.nih.gov/sos12/sra-pub-zq-1211/SRR002/017/SRR2017896/SRR2017896.sralite.1,SRX1024629,SZAXPI012812-26,WGS,other,GENOMIC,PAIRED,0,0,ILLUMINA,Illumina HiSeq 2000,SRP058219,,,0,SRS933419,SAMN03653002,simple,246881,Canis lupus chanco,BGI-01505070006,,,,,,,no,,,,,BGI,SRA266463,,public,D1BD7BE5487A099017B7303BF4FD6504,6DD708C65311076F9B18BCA25929D72C
SRR2017894,2015-05-18 15:46:15,2015-05-18 15:30:44,185405200,33372936000,185405200,180,23305,,https://sra-downloadb.be-md.ncbi.nlm.nih.gov/sos12/sra-pub-zq-1211/SRR002/017/SRR2017894/SRR2017894.sralite.1,SRX1024627,SZAXPI012804-22,WGS,other,GENOMIC,PAIRED,0,0,ILLUMINA,Illumina HiSeq 2000,SRP058219,,,0,SRS933417,SAMN03653000,simple,246881,Canis lupus chanco,BGI-01505070007,,,,,,,no,,,,,BGI,SRA266463,,public,2363ED2708E6513EAEFB2AB5F2415C1D,3A252DB0B180BDE66878D7DC77D8937B
SRR2017900,2015-05-13 11:56:45,2015-05-13 11:26:27,190402520,34272453600,190402520,180,24721,,https://sra-downloadb.be-md.ncbi.nlm.nih.gov/sos12/sra-pub-zq-1211/SRR002/017/SRR2017900/SRR2017900.sralite.1,SRX1024633,SZAXPI012813-13,WGS,other,GENOMIC,PAIRED,0,0,ILLUMINA,Illumina HiSeq 2000,SRP058219,,,0,SRS933420,SAMN03653003,simple,246881,Canis lupus chanco,BGI-01505070001,,,,,,,no,,,,,BGI,SRA266463,,public,307F528C23A205CABC4628C37B1F6657,0A32A8C180815CEB3C1227710A05DB95
SRR2017901,2015-05-18 05:49:13,2015-05-18 05:34:44,195002477,35100445860,195002477,180,24709,,https://sra-downloadb.be-md.ncbi.nlm.nih.gov/sos12/sra-pub-zq-1211/SRR002/017/SRR2017901/SRR2017901.sralite.1,SRX1024634,SZAXPI012802-14,WGS,other,GENOMIC,PAIRED,0,0,ILLUMINA,Illumina HiSeq 2000,SRP058219,,,0,SRS933415,SAMN03652998,simple,246881,Canis lupus chanco,BGI-01505070002,,,,,,,no,,,,,BGI,SRA266463,,public,A7BE53986C0FB30DF0806E3AD6FCF08B,743127D89DC4B6C55B57CDC6F9A88E2C
SRR2017902,2015-05-18 07:16:11,2015-05-18 06:57:33,194490810,35008345800,194490810,180,24998,,https://sra-downloadb.be-md.ncbi.nlm.nih.gov/sos12/sra-pub-zq-1211/SRR002/017/SRR2017902/SRR2017902.sralite.1,SRX1024635,SZAXPI012808-15,WGS,other,GENOMIC,PAIRED,0,0,ILLUMINA,Illumina HiSeq 2000,SRP058219,,,0,SRS933418,SAMN03653001,simple,246881,Canis lupus chanco,BGI-01505070003,,,,,,,no,,,,,BGI,SRA266463,,public,057E8EB54F61A13FD6DFFCE1EA27B393,DC115C37A3E3C68D779AAE6BDAA660C4
SRR2017899,2015-05-18 17:45:15,2015-05-18 17:38:06,54110613,9739910340,54110613,180,6433,,https://sra-downloadb.be-md.ncbi.nlm.nih.gov/sos12/sra-pub-zq-1211/SRR002/017/SRR2017899/SRR2017899.sralite.1,SRX1024632,SZAXPI012808-15,WGS,other,GENOMIC,PAIRED,0,0,ILLUMINA,Illumina HiSeq 2000,SRP058219,,,0,SRS933418,SAMN03653001,simple,246881,Canis lupus chanco,BGI-01505070003,,,,,,,no,,,,,BGI,SRA266463,,public,7E8A10E9ACFF6B56EC15C4D2175A5032,1794CAE693CCD015591EE3275205E61D
SRR2017898,2015-05-18 18:08:13,2015-05-18 17:55:33,185070340,33312661200,185070340,180,23331,,https://sra-downloadb.be-md.ncbi.nlm.nih.gov/sos12/sra-pub-zq-1211/SRR002/017/SRR2017898/SRR2017898.sralite.1,SRX1024631,SZAXPI012815-18,WGS,other,GENOMIC,PAIRED,0,0,ILLUMINA,Illumina HiSeq 2000,SRP058219,,,0,SRS933421,SAMN03653004,simple,246881,Canis lupus chanco,BGI-01505070004,,,,,,,no,,,,,BGI,SRA266463,,public,5D771C824898D6082BEFA1D7E422767C,395EE6C656D226E22CD36D7D763D4004
SRR2017903,2015-05-18 07:57:12,2015-05-18 07:36:40,174434993,31398298740,174434993,180,22986,,https://sra-downloadb.be-md.ncbi.nlm.nih.gov/sos12/sra-pub-zq-1211/SRR002/017/SRR2017903/SRR2017903.sralite.1,SRX1024636,SZAXPI012815-18,WGS,other,GENOMIC,PAIRED,0,0,ILLUMINA,Illumina HiSeq 2000,SRP058219,,,0,SRS933421,SAMN03653004,simple,246881,Canis lupus chanco,BGI-01505070004,,,,,,,no,,,,,BGI,SRA266463,,public,76B55FBDDD6F113AF5D493905B921EAA,A9ECAB72FE8844047DE8333668FDC0D2
SRR2017904,2015-05-18 08:57:18,2015-05-18 08:39:45,195704404,35226792720,195704404,180,25325,,https://sra-downloadb.be-md.ncbi.nlm.nih.gov/sos12/sra-pub-zq-1211/SRR002/017/SRR2017904/SRR2017904.sralite.1,SRX1024637,SZAXPI012803-19,WGS,other,GENOMIC,PAIRED,0,0,ILLUMINA,Illumina HiSeq 2000,SRP058219,,,0,SRS933416,SAMN03652999,simple,246881,Canis lupus chanco,BGI-01505070005,,,,,,,no,,,,,BGI,SRA266463,,public,2ADD9D4A4B62414149668BAC8F335E1B,44E0948B4303876EE53351BAEE8E1162
SRR2017906,2015-05-18 11:25:13,2015-05-18 11:06:04,194250825,34965148500,194250825,180,24791,,https://sra-downloadb.be-md.ncbi.nlm.nih.gov/sos12/sra-pub-zq-1211/SRR002/017/SRR2017906/SRR2017906.sralite.1,SRX1024639,SZAXPI012812-26,WGS,other,GENOMIC,PAIRED,0,0,ILLUMINA,Illumina HiSeq 2000,SRP058219,,,0,SRS933419,SAMN03653002,simple,246881,Canis lupus chanco,BGI-01505070006,,,,,,,no,,,,,BGI,SRA266463,,public,F11613E3A9D923C623503DC7201A24E2,411F7E5F49D654ECB94FC33C320FACE1
SRR2017905,2015-05-18 09:38:11,2015-05-18 09:26:50,157899111,28421839980,157899111,180,20481,,https://sra-downloadb.be-md.ncbi.nlm.nih.gov/sos12/sra-pub-zq-1211/SRR002/017/SRR2017905/SRR2017905.sralite.1,SRX1024638,SZAXPI012804-22,WGS,other,GENOMIC,PAIRED,0,0,ILLUMINA,Illumina HiSeq 2000,SRP058219,,,0,SRS933417,SAMN03653000,simple,246881,Canis lupus chanco,BGI-01505070007,,,,,,,no,,,,,BGI,SRA266463,,public,7CD105E7AC0113438BD3B5E4CE9467BE,176B749CF9081A9E81D3356EFE288A1E
SRR2095362,2015-08-01 00:00:00,2016-02-26 20:51:59,302007169,54361290420,302007169,180,19041,GCA_000002285.2,https://sra-downloadb.be-md.ncbi.nlm.nih.gov/sos12/sra-pub-zq-1211/SRR002/095/SRR2095362/SRR2095362.sralite.1,SRX1088774,,WGS,RANDOM,GENOMIC,PAIRED,0,0,ILLUMINA,Illumina Genome Analyzer IIx,SRP060516,PRJNA288568,,288568,SRS984773,SAMN03801694,simple,9615,Canis lupus familiaris,Wolf08,,,,,missing,,no,,,,,NHGRI,SRA276176,,public,95768C3DE2AA40EC3DDDAD87038E4171,D3AE5ABF507083A038F5C62BBF2D3A07
SRR2149862,2015-08-26 00:00:00,2015-08-13 18:36:18,382006659,37962199350,377237328,99,30827,assembly,https://sra-downloadb.be-md.ncbi.nlm.nih.gov/sos12/sra-pub-run-1232/SRR002/2149/SRR2149862/SRR2149862.1,SRX1137171,20110215203019379,WGS,RANDOM,GENOMIC,PAIRED,0,0,ABI_SOLID,AB SOLiD 4 System,SRP062184,PRJNA274504,2,274504,SRS1025425,SAMN03366709,simple,286419,Canis lupus dingo,RKW13760,,,,,male,,no,,,,,NOVEMBRE LAB,SRA244061,,public,E6B0B56597A8C6916F9C9696723D8AA8,D3FB273915EF19B50AF84DF30E121050
SRR2149863,2015-08-26 00:00:00,2015-08-13 14:24:08,124305316,9322898700,0,75,8241,assembly,https://sra-downloadb.be-md.ncbi.nlm.nih.gov/sos12/sra-pub-run-1232/SRR002/2149/SRR2149863/SRR2149863.1,SRX1137172,20110114043608426,WGS,RANDOM,GENOMIC,SINGLE,0,0,ABI_SOLID,AB SOLiD 4 System,SRP062184,PRJNA274504,2,274504,SRS1025425,SAMN03366709,simple,286419,Canis lupus dingo,RKW13760,,,,,male,,no,,,,,NOVEMBRE LAB,SRA244061,,public,735E53C93CD0C247FFA937FC1EA913D8,158D60227D8D9C6C251950DD27649CE8
SRR2149864,2015-08-26 00:00:00,2015-08-13 14:36:08,164735899,12355192425,0,75,10578,assembly,https://sra-downloadb.be-md.ncbi.nlm.nih.gov/sos12/sra-pub-run-1232/SRR002/2149/SRR2149864/SRR2149864.1,SRX1137173,20110114191849780,WGS,RANDOM,GENOMIC,SINGLE,0,0,ABI_SOLID,AB SOLiD 4 System,SRP062184,PRJNA274504,2,274504,SRS1025425,SAMN03366709,simple,286419,Canis lupus dingo,RKW13760,,,,,male,,no,,,,,NOVEMBRE LAB,SRA244061,,public,D378A46BE074CC89027258E6179FA18E,1D57641D3D06748F1C3F16D2A7925107
SRR2149865,2015-08-26 00:00:00,2015-08-13 15:24:44,170285029,12771377175,0,75,10274,assembly,https://sra-downloadb.be-md.ncbi.nlm.nih.gov/sos12/sra-pub-run-1232/SRR002/2149/SRR2149865/SRR2149865.1,SRX1137174,20110114192348714,WGS,RANDOM,GENOMIC,SINGLE,0,0,ABI_SOLID,AB SOLiD 4 System,SRP062184,PRJNA274504,2,274504,SRS1025425,SAMN03366709,simple,286419,Canis lupus dingo,RKW13760,,,,,male,,no,,,,,NOVEMBRE LAB,SRA244061,,public,D52BC599F6D1E899700FC701144D3BE4,0F22B72B1E8E5054FF19D949EE680B2A
SRR2149866,2015-08-26 00:00:00,2015-08-13 14:23:44,141386686,10604001450,0,75,8851,assembly,https://sra-downloadb.be-md.ncbi.nlm.nih.gov/sos12/sra-pub-run-1232/SRR002/2149/SRR2149866/SRR2149866.1,SRX1137175,2011011419261295,WGS,RANDOM,GENOMIC,SINGLE,0,0,ABI_SOLID,AB SOLiD 4 System,SRP062184,PRJNA274504,2,274504,SRS1025425,SAMN03366709,simple,286419,Canis lupus dingo,RKW13760,,,,,male,,no,,,,,NOVEMBRE LAB,SRA244061,,public,E5C475B17578041D993F8C833302AFD9,14357691753C2219452B9D2A5B68B9E2
SRR2149868,2015-08-26 00:00:00,2015-08-13 14:51:38,318784424,15939221200,0,50,8285,assembly,https://sra-downloadb.be-md.ncbi.nlm.nih.gov/sos12/sra-pub-run-1232/SRR002/2149/SRR2149868/SRR2149868.1,SRX1137177,20110114192844183,WGS,RANDOM,GENOMIC,SINGLE,0,0,ABI_SOLID,AB SOLiD 4 System,SRP062184,PRJNA274504,2,274504,SRS1025423,SAMN03366710,simple,9612,Canis lupus,RKW13759,,,,,female,,no,,,,,NOVEMBRE LAB,SRA244061,,public,8BECE4B0A221BB52AD3E3435F288E16E,726F113D9EFBD5DF884324A59A2D16B0
SRR2149869,2015-08-26 00:00:00,2015-08-13 16:50:20,479293990,47265249300,466010996,98,26084,assembly,https://sra-downloadb.be-md.ncbi.nlm.nih.gov/sos12/sra-pub-run-1232/SRR002/2149/SRR2149869/SRR2149869.1,SRX1137178,20110115185358824,WGS,RANDOM,GENOMIC,PAIRED,0,0,ABI_SOLID,AB SOLiD 4 System,SRP062184,PRJNA274504,2,274504,SRS1025423,SAMN03366710,simple,9612,Canis lupus,RKW13759,,,,,female,,no,,,,,NOVEMBRE LAB,SRA244061,,public,46E15976D8AB1A97E7292D751DA5B9A6,6007F62005E89FC424B7781A83743786
SRR2149870,2015-08-26 00:00:00,2015-08-10 14:58:09,88060094,17788138988,88060094,202,10829,,https://sra-downloadb.be-md.ncbi.nlm.nih.gov/sos12/sra-pub-zq-1211/SRR002/149/SRR2149870/SRR2149870.sralite.1,SRX1137179,IsraeliWolf@BRISCO,WGS,RANDOM,GENOMIC,PAIRED,0,0,ILLUMINA,Illumina HiSeq 2000,SRP062184,PRJNA274504,2,274504,SRS1025423,SAMN03366710,simple,9612,Canis lupus,RKW13759,,,,,female,,no,,,,,NOVEMBRE LAB,SRA244061,,public,FEC63EC0EE1F0722278085935862DB88,6D880E7EF9DC6FC9934336D04DA73C78
SRR2149867,2015-08-26 00:00:00,2015-08-10 11:44:22,85541565,17108313000,85541565,200,9914,,https://sra-downloadb.be-md.ncbi.nlm.nih.gov/sos12/sra-pub-zq-1211/SRR002/149/SRR2149867/SRR2149867.sralite.1,SRX1137176,Dingo2x100@HWI-ST430,WGS,RANDOM,GENOMIC,PAIRED,0,0,ILLUMINA,Illumina HiSeq 2000,SRP062184,PRJNA274504,2,274504,SRS1025425,SAMN03366709,simple,286419,Canis lupus dingo,RKW13760,,,,,male,,no,,,,,NOVEMBRE LAB,SRA244061,,public,B45C599F4698FD1FEB010D9122D175AB,9689B3B721A4C86DC4AA1C4012CED8C9
SRR2149871,2015-08-26 00:00:00,2015-08-13 20:26:24,507113882,50711388200,507113882,100,30425,assembly,https://sra-downloadb.be-md.ncbi.nlm.nih.gov/sos12/sra-pub-run-1232/SRR002/2149/SRR2149871/SRR2149871.1,SRX1137180,20110118213753806,WGS,RANDOM,GENOMIC,PAIRED,0,0,ABI_SOLID,AB SOLiD 4 System,SRP062184,PRJNA274504,2,274504,SRS1025420,SAMN03366712,simple,9612,Canis lupus,RKW3919,,,,,female,,no,,,,,NOVEMBRE LAB,SRA244061,,public,6CCF3F8BA091A1D875B197462B05A825,9DB3F366B80DE1915988761EF7DF0546
SRR2149874,2015-08-26 00:00:00,2015-08-15 21:18:47,254361028,12718051400,0,50,7331,assembly,https://sra-downloadb.be-md.ncbi.nlm.nih.gov/sos12/sra-pub-run-1232/SRR002/2149/SRR2149874/SRR2149874.1,SRX1137183,20110114193248355,WGS,RANDOM,GENOMIC,SINGLE,0,0,ABI_SOLID,AB SOLiD 4 System,SRP062184,PRJNA274504,2,274504,SRS1025419,SAMN03366713,simple,68724,Canis aureus,RKW1332,,,,,female,,no,,,,,NOVEMBRE LAB,SRA244061,,public,D9CCF64B91F5BB05F1886D2281C03C40,FAB0C76B18BB7D70176796A440EA608E
SRR2149875,2015-08-26 00:00:00,2015-08-13 16:14:02,411597998,20579899900,0,50,10929,assembly,https://sra-downloadb.be-md.ncbi.nlm.nih.gov/sos12/sra-pub-run-1232/SRR002/2149/SRR2149875/SRR2149875.1,SRX1137184,20110115232009030,WGS,RANDOM,GENOMIC,SINGLE,0,0,ABI_SOLID,AB SOLiD 4 System,SRP062184,PRJNA274504,2,274504,SRS1025419,SAMN03366713,simple,68724,Canis aureus,RKW1332,,,,,female,,no,,,,,NOVEMBRE LAB,SRA244061,,public,E01BA0258B72EB9C9F07FD8E7CCB29E9,EAC06C2767B91458A167A44C5BDDEF73
SRR2149876,2015-08-26 00:00:00,2015-08-14 01:28:08,554413921,55441392100,554413921,100,33196,assembly,https://sra-downloadb.be-md.ncbi.nlm.nih.gov/sos12/sra-pub-run-1232/SRR002/2149/SRR2149876/SRR2149876.1,SRX1137185,20110115231642755,WGS,RANDOM,GENOMIC,PAIRED,0,0,ABI_SOLID,AB SOLiD 4 System,SRP062184,PRJNA274504,2,274504,SRS1025419,SAMN03366713,simple,68724,Canis aureus,RKW1332,,,,,female,,no,,,,,NOVEMBRE LAB,SRA244061,,public,343ADCF7477F858A2E815C43E1F094F5,4C326F67C87711E5C602606ADF69CFA8
SRR2149872,2015-08-26 00:00:00,2015-08-13 15:10:01,458668619,22933430950,0,50,13326,assembly,https://sra-downloadb.be-md.ncbi.nlm.nih.gov/sos12/sra-pub-run-1232/SRR002/2149/SRR2149872/SRR2149872.1,SRX1137181,20110115232650761,WGS,RANDOM,GENOMIC,SINGLE,0,0,ABI_SOLID,AB SOLiD 4 System,SRP062184,PRJNA274504,2,274504,SRS1025420,SAMN03366712,simple,9612,Canis lupus,RKW3919,,,,,female,,no,,,,,NOVEMBRE LAB,SRA244061,,public,CC231913615B10ACECD1D416444584A1,839325DC4F9B3EDE0A4451004DDBEB7B
SRR2149873,2015-08-26 00:00:00,2015-08-12 15:48:07,116221006,23476643212,116221006,202,14438,,https://sra-downloadb.be-md.ncbi.nlm.nih.gov/sos12/sra-pub-zq-1211/SRR002/149/SRR2149873/SRR2149873.sralite.1,SRX1137182,CroatianWolf2x100@BRISCOE,WGS,RANDOM,GENOMIC,PAIRED,0,0,ILLUMINA,Illumina HiSeq 2000,SRP062184,PRJNA274504,2,274504,SRS1025420,SAMN03366712,simple,9612,Canis lupus,RKW3919,,,,,female,,no,,,,,NOVEMBRE LAB,SRA244061,,public,C25BD8776DA26A6D78B7444FEB0F22D4,EAC8CAB2A8C9AADDA7F30D3D3E70C5AC
SRR2149877,2015-08-26 00:00:00,2015-08-13 12:58:04,463434252,46343425200,463434252,100,23590,assembly,https://sra-downloadb.be-md.ncbi.nlm.nih.gov/sos12/sra-pub-run-1232/SRR002/2149/SRR2149877/SRR2149877.1,SRX1137186,20110115233137024,WGS,RANDOM,GENOMIC,PAIRED,0,0,ABI_SOLID,AB SOLiD 4 System,SRP062184,PRJNA274504,2,274504,SRS1025419,SAMN03366713,simple,68724,Canis aureus,RKW1332,,,,,female,,no,,,,,NOVEMBRE LAB,SRA244061,,public,79D3AB7B6667367DDE6FF5F463150D6A,18758A8F67DA74012D5E0153EAA66484
SRR2149878,2015-08-26 00:00:00,2015-08-11 18:00:29,70323286,14064657200,70323286,200,7896,,https://sra-downloadb.be-md.ncbi.nlm.nih.gov/sos12/sra-pub-zq-1211/SRR002/149/SRR2149878/SRR2149878.sralite.1,SRX1137187,GoldenJackal2x100@HWI-ST430,WGS,RANDOM,GENOMIC,PAIRED,0,0,ILLUMINA,Illumina HiSeq 2000,SRP062184,PRJNA274504,2,274504,SRS1025419,SAMN03366713,simple,68724,Canis aureus,RKW1332,,,,,female,,no,,,,,NOVEMBRE LAB,SRA244061,,public,62FEBE2C0B0EC5D8BEE50D2265C3A644,48C7E21406E51EE891753D1AC5576FED
SRR2149879,2015-08-26 00:00:00,2015-08-11 19:18:08,170266432,34053286400,170266432,200,22399,,https://sra-downloadb.be-md.ncbi.nlm.nih.gov/sos12/sra-pub-zq-1211/SRR002/149/SRR2149879/SRR2149879.sralite.1,SRX1137188,ChineseWolf2x100@FCD0KNFACXX,WGS,RANDOM,GENOMIC,PAIRED,0,0,ILLUMINA,Illumina HiSeq 2000,SRP062184,PRJNA274504,2,274504,SRS1025418,SAMN03366711,simple,9612,Canis lupus,RKW13451,,,,,female,,no,,,,,NOVEMBRE LAB,SRA244061,,public,96C7AB91BB08797C54FAEB71B8E7D191,70D3402E26A1E818F9C84408CF6F2C81
SRR2149880,2015-08-26 00:00:00,2015-08-11 19:06:28,131281482,26256296400,131281482,200,16091,,https://sra-downloadb.be-md.ncbi.nlm.nih.gov/sos12/sra-pub-zq-1211/SRR002/149/SRR2149880/SRR2149880.sralite.1,SRX1137189,ChineseWolf2x100@FCC0DE0ACX,WGS,RANDOM,GENOMIC,PAIRED,0,0,ILLUMINA,Illumina HiSeq 2000,SRP062184,PRJNA274504,2,274504,SRS1025418,SAMN03366711,simple,9612,Canis lupus,RKW13451,,,,,female,,no,,,,,NOVEMBRE LAB,SRA244061,,public,933F3D8A80FBB194E0BF6AF8460F6050,46EF53BDC34F0E43A161AF3CAB19D5C0
SRR2149881,2015-08-26 00:00:00,2015-08-11 18:22:06,45476409,9095281800,45476409,200,6077,,https://sra-downloadb.be-md.ncbi.nlm.nih.gov/sos12/sra-pub-zq-1211/SRR002/149/SRR2149881/SRR2149881.sralite.1,SRX1137190,ChineseWolf2x100@FCC0D8CACXX,WGS,RANDOM,GENOMIC,PAIRED,0,0,ILLUMINA,Illumina HiSeq 2000,SRP062184,PRJNA274504,2,274504,SRS1025418,SAMN03366711,simple,9612,Canis lupus,RKW13451,,,,,female,,no,,,,,NOVEMBRE LAB,SRA244061,,public,BC0C97D247C7C1E5844DC05DF804173E,3C3025C77F32675E0C9B7B164D7FE63A
SRR2827600,2015-12-01 00:00:00,2015-11-02 03:29:55,203527399,41926644194,203527399,206,30112,,https://sra-downloadb.be-md.ncbi.nlm.nih.gov/sos12/sra-pub-zq-1211/SRR002/827/SRR2827600/SRR2827600.sralite.1,SRX1386902,LUPWCHN00003_PE611,WGS,RANDOM,GENOMIC,PAIRED,0,0,ILLUMINA,Illumina HiSeq 2000,SRP065149,PRJNA266585,,266585,SRS1135629,SAMN03168394,simple,9612,Canis lupus,LUPWCHN00003,,,,,missing,,no,,,,,"KUNMING INSTITUTE OF ZOOLOGY, CAS",SRA307300,,public,1135065A31110EC5B5D42AFBB98E58E8,F59BCCFF639734CD8A7E56B0BC44524F
SRR2827601,2015-12-01 00:00:00,2015-11-02 18:55:02,212597937,39118020408,212597937,184,27768,,https://sra-downloadb.be-md.ncbi.nlm.nih.gov/sos12/sra-pub-zq-1211/SRR002/827/SRR2827601/SRR2827601.sralite.1,SRX1386903,LUPWCHN00008_PE653,WGS,RANDOM,GENOMIC,PAIRED,0,0,ILLUMINA,Illumina HiSeq 2000,SRP065149,PRJNA266585,,266585,SRS1135628,SAMN03168397,simple,9612,Canis lupus,LUPWCHN00008,,,,,missing,,no,,,,,"KUNMING INSTITUTE OF ZOOLOGY, CAS",SRA307300,,public,1BEF8FB191A86037E1F0269A6121120C,E16A1A7B852797445080C29FCC8FFE4E
SRR2827608,2015-12-01 00:00:00,2015-10-30 21:08:09,175103760,35020752000,175103760,200,24966,,https://sra-downloadb.be-md.ncbi.nlm.nih.gov/sos12/sra-pub-zq-1211/SRR002/827/SRR2827608/SRR2827608.sralite.1,SRX1386910,LUPWCHN00009_PE644,WGS,RANDOM,GENOMIC,PAIRED,0,0,ILLUMINA,Illumina HiSeq 2000,SRP065149,PRJNA266585,,266585,SRS1135623,SAMN03168398,simple,9612,Canis lupus,LUPWCHN00009,,,,,missing,,no,,,,,"KUNMING INSTITUTE OF ZOOLOGY, CAS",SRA307300,,public,DCC3EBF4BE8AC533F72C871A9A856139,B862B76AA4003C982A069D646CDBE98C
SRR2827602,2015-12-01 00:00:00,2015-11-02 20:03:24,225716968,46497695408,225716968,206,32667,,https://sra-downloadb.be-md.ncbi.nlm.nih.gov/sos12/sra-pub-zq-1211/SRR002/827/SRR2827602/SRR2827602.sralite.1,SRX1386904,LUPWCHN00010_PE600,WGS,RANDOM,GENOMIC,PAIRED,0,0,ILLUMINA,Illumina HiSeq 2000,SRP065149,PRJNA266585,,266585,SRS1135627,SAMN03168399,simple,9612,Canis lupus,LUPWCHN00010,,,,,missing,,no,,,,,"KUNMING INSTITUTE OF ZOOLOGY, CAS",SRA307300,,public,CD4FE4279E8543EE9A9A621E5DB7C3D7,7957246087C201A5BFBD343B333DB79A
SRR2827603,2015-12-01 00:00:00,2015-11-03 04:55:45,210749119,43414318514,210749119,206,31156,,https://sra-downloadb.be-md.ncbi.nlm.nih.gov/sos12/sra-pub-zq-1211/SRR002/827/SRR2827603/SRR2827603.sralite.1,SRX1386905,LUPZCHN00006_PE637,WGS,RANDOM,GENOMIC,PAIRED,0,0,ILLUMINA,Illumina HiSeq 2000,SRP065149,PRJNA266585,,266585,SRS1135626,SAMN03168396,simple,9612,Canis lupus,LUPZCHN00006,,,,,missing,,no,,,,,"KUNMING INSTITUTE OF ZOOLOGY, CAS",SRA307300,,public,41E29714415BA65211862A9C35483D30,922EECA329D013B3244D83BEC75DCF47
SRR2827609,2015-12-01 00:00:00,2015-10-31 19:24:39,206697404,41339480800,206697404,200,28224,,https://sra-downloadb.be-md.ncbi.nlm.nih.gov/sos12/sra-pub-zq-1211/SRR002/827/SRR2827609/SRR2827609.sralite.1,SRX1386911,LUPWCHN00009_PE658,WGS,RANDOM,GENOMIC,PAIRED,0,0,ILLUMINA,Illumina HiSeq 2000,SRP065149,PRJNA266585,,266585,SRS1135623,SAMN03168398,simple,9612,Canis lupus,LUPWCHN00009,,,,,missing,,no,,,,,"KUNMING INSTITUTE OF ZOOLOGY, CAS",SRA307300,,public,CB7E0CDB718483BBB9054EC57D592E72,73D14DC1C39359CE6C608404CF74C745
SRR2827610,2015-12-01 00:00:00,2015-11-01 05:42:32,127932255,25586451000,127932255,200,18142,,https://sra-downloadb.be-md.ncbi.nlm.nih.gov/sos12/sra-pub-zq-1211/SRR002/827/SRR2827610/SRR2827610.sralite.1,SRX1386912,LUPWCHN00013_PE636_1,WGS,RANDOM,GENOMIC,PAIRED,0,0,ILLUMINA,Illumina HiSeq 2000,SRP065149,PRJNA266585,,266585,SRS1135622,SAMN03168400,simple,9612,Canis lupus,LUPWCHN00013,,,,,missing,,no,,,,,"KUNMING INSTITUTE OF ZOOLOGY, CAS",SRA307300,,public,E8085A4D7DAB310688769AA746652910,858FE8EE75B69CAAC337760A6342C199
SRR2827611,2015-12-01 00:00:00,2015-11-01 20:16:54,157273422,31454684400,157273422,200,21392,,https://sra-downloadb.be-md.ncbi.nlm.nih.gov/sos12/sra-pub-zq-1211/SRR002/827/SRR2827611/SRR2827611.sralite.1,SRX1386912,LUPWCHN00013_PE636_1,WGS,RANDOM,GENOMIC,PAIRED,0,0,ILLUMINA,Illumina HiSeq 2000,SRP065149,PRJNA266585,,266585,SRS1135622,SAMN03168400,simple,9612,Canis lupus,LUPWCHN00013,,,,,missing,,no,,,,,"KUNMING INSTITUTE OF ZOOLOGY, CAS",SRA307300,,public,9C4643E0F91602184123CC888B5CA9FD,24B7A32740548CE9345563388A030E89
SRR2827612,2015-12-01 00:00:00,2015-11-02 03:52:52,118082600,24088850400,118082600,204,13019,,https://sra-downloadb.be-md.ncbi.nlm.nih.gov/sos12/sra-pub-zq-1211/SRR002/827/SRR2827612/SRR2827612.sralite.1,SRX1386914,LUPZCHN00002_PE611_1,WGS,RANDOM,GENOMIC,PAIRED,0,0,ILLUMINA,Illumina HiSeq 2000,SRP065149,PRJNA266585,,266585,SRS1135621,SAMN03168393,simple,9612,Canis lupus,LUPZCHN00002,,,,,missing,,no,,,,,"KUNMING INSTITUTE OF ZOOLOGY, CAS",SRA307300,,public,E2AABD06C2E2B883E7FC5E250BB79E7C,39DA6E57959F24F8199356A5FAF4E681
SRR2827613,2015-12-01 00:00:00,2015-11-02 05:25:09,32350441,5628976734,32350441,174,3488,,https://sra-downloadb.be-md.ncbi.nlm.nih.gov/sos12/sra-pub-zq-1211/SRR002/827/SRR2827613/SRR2827613.sralite.1,SRX1386914,LUPZCHN00002_PE611_1,WGS,RANDOM,GENOMIC,PAIRED,0,0,ILLUMINA,Illumina HiSeq 2000,SRP065149,PRJNA266585,,266585,SRS1135621,SAMN03168393,simple,9612,Canis lupus,LUPZCHN00002,,,,,missing,,no,,,,,"KUNMING INSTITUTE OF ZOOLOGY, CAS",SRA307300,,public,03965EEACD7DD8F419C3FFACDBC0FEBF,4520CD66A26CF54144C34179847E15D1
SRR2827614,2015-12-01 00:00:00,2015-11-02 08:27:24,35884977,6243985998,35884977,174,3935,,https://sra-downloadb.be-md.ncbi.nlm.nih.gov/sos12/sra-pub-zq-1211/SRR002/827/SRR2827614/SRR2827614.sralite.1,SRX1386914,LUPZCHN00002_PE611_1,WGS,RANDOM,GENOMIC,PAIRED,0,0,ILLUMINA,Illumina HiSeq 2000,SRP065149,PRJNA266585,,266585,SRS1135621,SAMN03168393,simple,9612,Canis lupus,LUPZCHN00002,,,,,missing,,no,,,,,"KUNMING INSTITUTE OF ZOOLOGY, CAS",SRA307300,,public,30768D8BAECA873EB16049F431DAD99F,1B0966D2C894FB276F9E52D5263840CF
SRR2827615,2015-12-01 00:00:00,2015-11-02 12:04:58,62878341,12827181564,62878341,204,7196,,https://sra-downloadb.be-md.ncbi.nlm.nih.gov/sos12/sra-pub-zq-1211/SRR002/827/SRR2827615/SRR2827615.sralite.1,SRX1386917,LUPZCHN00005_PE607_1,WGS,RANDOM,GENOMIC,PAIRED,0,0,ILLUMINA,Illumina HiSeq 2000,SRP065149,PRJNA266585,,266585,SRS1135620,SAMN03168395,simple,9612,Canis lupus,LUPZCHN00005,,,,,missing,,no,,,,,"KUNMING INSTITUTE OF ZOOLOGY, CAS",SRA307300,,public,0250259B48AE2939542DACF95111FA31,62F81AAA72A7273379A0235B7029E51A
SRR2827616,2015-12-01 00:00:00,2015-11-02 13:40:08,46422447,8077505778,46422447,174,4914,,https://sra-downloadb.be-md.ncbi.nlm.nih.gov/sos12/sra-pub-zq-1211/SRR002/827/SRR2827616/SRR2827616.sralite.1,SRX1386917,LUPZCHN00005_PE607_1,WGS,RANDOM,GENOMIC,PAIRED,0,0,ILLUMINA,Illumina HiSeq 2000,SRP065149,PRJNA266585,,266585,SRS1135620,SAMN03168395,simple,9612,Canis lupus,LUPZCHN00005,,,,,missing,,no,,,,,"KUNMING INSTITUTE OF ZOOLOGY, CAS",SRA307300,,public,7231B8CE804A979646E72D073C283B2C,9F330EDAD672663D5CB16840D841FCD9
SRR2827617,2015-12-01 00:00:00,2015-11-02 15:43:55,40639627,7071295098,40639627,174,4348,,https://sra-downloadb.be-md.ncbi.nlm.nih.gov/sos12/sra-pub-zq-1211/SRR002/827/SRR2827617/SRR2827617.sralite.1,SRX1386917,LUPZCHN00005_PE607_1,WGS,RANDOM,GENOMIC,PAIRED,0,0,ILLUMINA,Illumina HiSeq 2000,SRP065149,PRJNA266585,,266585,SRS1135620,SAMN03168395,simple,9612,Canis lupus,LUPZCHN00005,,,,,missing,,no,,,,,"KUNMING INSTITUTE OF ZOOLOGY, CAS",SRA307300,,public,3489D2413C2D9EE366B94177AF9CA52D,F371A5DCD6DBBF89EA94EB663A6D4E0E
SRR2827618,2015-12-01 00:00:00,2015-10-31 18:02:12,69276313,13855262600,69276313,200,8255,,https://sra-downloadb.be-md.ncbi.nlm.nih.gov/sos12/sra-pub-zq-1211/SRR002/827/SRR2827618/SRR2827618.sralite.1,SRX1386920,RUFZCHN00001_PE435_1,WGS,RANDOM,GENOMIC,PAIRED,0,0,ILLUMINA,Illumina HiSeq 2000,SRP065149,PRJNA266585,,266585,SRS1135619,SAMN03168405,simple,68730,Cuon alpinus,RUFZCHN00001,,,,,missing,,no,,,,,"KUNMING INSTITUTE OF ZOOLOGY, CAS",SRA307300,,public,A8A610A8C7E04D3E69B9075C9092AF83,8DC8F5B7045269FD79DFFF6D1DB07337
SRR2827619,2015-12-01 00:00:00,2015-10-31 21:04:54,69512104,13902420800,69512104,200,8289,,https://sra-downloadb.be-md.ncbi.nlm.nih.gov/sos12/sra-pub-zq-1211/SRR002/827/SRR2827619/SRR2827619.sralite.1,SRX1386920,RUFZCHN00001_PE435_1,WGS,RANDOM,GENOMIC,PAIRED,0,0,ILLUMINA,Illumina HiSeq 2000,SRP065149,PRJNA266585,,266585,SRS1135619,SAMN03168405,simple,68730,Cuon alpinus,RUFZCHN00001,,,,,missing,,no,,,,,"KUNMING INSTITUTE OF ZOOLOGY, CAS",SRA307300,,public,0B0416E1EBF00F718D7E947F76A87692,EAC9EF93C39F7F1514FD49E080D47526
SRR2827620,2015-12-01 00:00:00,2015-11-05 01:56:11,69395913,13879182600,69395913,200,8161,,https://sra-downloadb.be-md.ncbi.nlm.nih.gov/sos12/sra-pub-zq-1211/SRR002/827/SRR2827620/SRR2827620.sralite.1,SRX1386920,RUFZCHN00001_PE435_1,WGS,RANDOM,GENOMIC,PAIRED,0,0,ILLUMINA,Illumina HiSeq 2000,SRP065149,PRJNA266585,,266585,SRS1135619,SAMN03168405,simple,68730,Cuon alpinus,RUFZCHN00001,,,,,missing,,no,,,,,"KUNMING INSTITUTE OF ZOOLOGY, CAS",SRA307300,,public,20CF2AA775544B664CAC4D788A126EE7,47645E51E4A18FD53F5E9D2663614C5F
SRR2827621,2015-12-01 00:00:00,2015-11-05 00:50:33,56856115,11371223000,56856115,200,6452,,https://sra-downloadb.be-md.ncbi.nlm.nih.gov/sos12/sra-pub-zq-1211/SRR002/827/SRR2827621/SRR2827621.sralite.1,SRX1386920,RUFZCHN00001_PE435_1,WGS,RANDOM,GENOMIC,PAIRED,0,0,ILLUMINA,Illumina HiSeq 2000,SRP065149,PRJNA266585,,266585,SRS1135619,SAMN03168405,simple,68730,Cuon alpinus,RUFZCHN00001,,,,,missing,,no,,,,,"KUNMING INSTITUTE OF ZOOLOGY, CAS",SRA307300,,public,F0047643E40E4ACAA07FF890E16E8A7F,783EC4FDE924C026573622D38332E824
SRR2827622,2015-12-01 00:00:00,2015-11-05 01:54:12,55914181,11182836200,55914181,200,6313,,https://sra-downloadb.be-md.ncbi.nlm.nih.gov/sos12/sra-pub-zq-1211/SRR002/827/SRR2827622/SRR2827622.sralite.1,SRX1386920,RUFZCHN00001_PE435_1,WGS,RANDOM,GENOMIC,PAIRED,0,0,ILLUMINA,Illumina HiSeq 2000,SRP065149,PRJNA266585,,266585,SRS1135619,SAMN03168405,simple,68730,Cuon alpinus,RUFZCHN00001,,,,,missing,,no,,,,,"KUNMING INSTITUTE OF ZOOLOGY, CAS",SRA307300,,public,050F47E771E2FDB1A1E2A8849D0B9E9B,3C7EC165482F0FDCBF78A81CD1ED483B
SRR2827623,2015-12-01 00:00:00,2015-11-06 08:35:36,57054715,11410943000,57054715,200,6442,,https://sra-downloadb.be-md.ncbi.nlm.nih.gov/sos12/sra-pub-zq-1211/SRR002/827/SRR2827623/SRR2827623.sralite.1,SRX1386920,RUFZCHN00001_PE435_1,WGS,RANDOM,GENOMIC,PAIRED,0,0,ILLUMINA,Illumina HiSeq 2000,SRP065149,PRJNA266585,,266585,SRS1135619,SAMN03168405,simple,68730,Cuon alpinus,RUFZCHN00001,,,,,missing,,no,,,,,"KUNMING INSTITUTE OF ZOOLOGY, CAS",SRA307300,,public,D961178092547B4A95F2BDA8D23EAF6B,9D64492132F181707744B98A31BA7311
SRR2827624,2015-12-01 00:00:00,2015-11-06 08:33:55,57145866,11429173200,57145866,200,6439,,https://sra-downloadb.be-md.ncbi.nlm.nih.gov/sos12/sra-pub-zq-1211/SRR002/827/SRR2827624/SRR2827624.sralite.1,SRX1386920,RUFZCHN00001_PE435_1,WGS,RANDOM,GENOMIC,PAIRED,0,0,ILLUMINA,Illumina HiSeq 2000,SRP065149,PRJNA266585,,266585,SRS1135619,SAMN03168405,simple,68730,Cuon alpinus,RUFZCHN00001,,,,,missing,,no,,,,,"KUNMING INSTITUTE OF ZOOLOGY, CAS",SRA307300,,public,4B410037AE79ED9D7E8C3CBBA274570A,28BD5F2BACD6551C054745535F593DF2
SRR2827625,2015-12-01 00:00:00,2015-11-06 08:30:46,57143471,11428694200,57143471,200,6448,,https://sra-downloadb.be-md.ncbi.nlm.nih.gov/sos12/sra-pub-zq-1211/SRR002/827/SRR2827625/SRR2827625.sralite.1,SRX1386920,RUFZCHN00001_PE435_1,WGS,RANDOM,GENOMIC,PAIRED,0,0,ILLUMINA,Illumina HiSeq 2000,SRP065149,PRJNA266585,,266585,SRS1135619,SAMN03168405,simple,68730,Cuon alpinus,RUFZCHN00001,,,,,missing,,no,,,,,"KUNMING INSTITUTE OF ZOOLOGY, CAS",SRA307300,,public,C69ED37AC832AC7B331900F755DA9B81,F4646115DDC770AB0C96369EA9F8F099
SRR2827626,2015-12-01 00:00:00,2015-11-06 08:52:14,56220170,11244034000,56220170,200,6355,,https://sra-downloadb.be-md.ncbi.nlm.nih.gov/sos12/sra-pub-zq-1211/SRR002/827/SRR2827626/SRR2827626.sralite.1,SRX1386920,RUFZCHN00001_PE435_1,WGS,RANDOM,GENOMIC,PAIRED,0,0,ILLUMINA,Illumina HiSeq 2000,SRP065149,PRJNA266585,,266585,SRS1135619,SAMN03168405,simple,68730,Cuon alpinus,RUFZCHN00001,,,,,missing,,no,,,,,"KUNMING INSTITUTE OF ZOOLOGY, CAS",SRA307300,,public,CE6AFAEFEA24C56418E7D628A11081AB,31C85DCB38716672BC62725606FCEB17
SRR3384065,2016-04-16 00:00:00,2016-04-14 19:16:26,102573046,20719755292,102573046,202,12104,,https://sra-downloadb.be-md.ncbi.nlm.nih.gov/sos12/sra-pub-zq-1214/SRR003/384/SRR3384065.sralite.1,SRX1705272,1756_lib1,WGS,RANDOM,GENOMIC,PAIRED,400,50,ILLUMINA,Illumina HiSeq 2000,SRP034749,PRJNA232497,,232497,SRS1397565,SAMN04851104,simple,9615,Canis lupus familiaris,1756,,,,,female,,no,,,,,UNIVERSITY OF MICHIGAN,SRA411909,,public,02D1A9E225F42D3C236EE1F9B349E060,CC757FD8A4D9D3CBB107BC1FEDBFA8BF
SRR3384063,2016-04-16 00:00:00,2016-04-14 18:56:18,76409079,13753634220,76409079,180,7970,,https://sra-downloadb.be-md.ncbi.nlm.nih.gov/sos12/sra-pub-zq-1211/SRR003/384/SRR3384063/SRR3384063.sralite.1,SRX1705271,Dog05,WGS,RANDOM,GENOMIC,PAIRED,300,50,ILLUMINA,Illumina HiSeq 2000,SRP034749,PRJNA232497,,232497,SRS1397564,SAMN04851103,simple,9615,Canis lupus familiaris,Dog05,,,,,male,,no,,,,,UNIVERSITY OF MICHIGAN,SRA411909,,public,638BD88F8EC18B8D54932D98F7A16534,6E3280C37A1175974F1E6A8A8028DA74
SRR3384064,2016-04-16 00:00:00,2016-04-14 18:53:27,76409079,13753634220,76409079,180,7970,,https://sra-downloadb.be-md.ncbi.nlm.nih.gov/sos12/sra-pub-zq-1214/SRR003/384/SRR3384064.sralite.1,SRX1705271,Dog05,WGS,RANDOM,GENOMIC,PAIRED,300,50,ILLUMINA,Illumina HiSeq 2000,SRP034749,PRJNA232497,,232497,SRS1397564,SAMN04851103,simple,9615,Canis lupus familiaris,Dog05,,,,,male,,no,,,,,UNIVERSITY OF MICHIGAN,SRA411909,,public,638BD88F8EC18B8D54932D98F7A16534,6E3280C37A1175974F1E6A8A8028DA74
SRR3384031,2016-04-16 00:00:00,2016-04-14 16:16:51,109570192,18955643216,109570192,173,11817,,https://sra-downloadb.be-md.ncbi.nlm.nih.gov/sos12/sra-pub-zq-1214/SRR003/384/SRR3384031.sralite.1,SRX1705240,PT49,WGS,RANDOM,GENOMIC,PAIRED,300,50,ILLUMINA,Illumina HiSeq 2000,SRP034749,PRJNA232497,,232497,SRS1397563,SAMN04851101,simple,9615,Canis lupus familiaris,PT49,,,,,male,,no,,,,,UNIVERSITY OF MICHIGAN,SRA411909,,public,C71957829F4C3A5E7B2A0CD980AF17EE,57D00E362A48870C63F61A646348C36A
SRR3384032,2016-04-16 00:00:00,2016-04-14 16:45:15,90549088,18290915776,90549088,202,10125,,https://sra-downloadb.be-md.ncbi.nlm.nih.gov/sos12/sra-pub-zq-1211/SRR003/384/SRR3384032/SRR3384032.sralite.1,SRX1705240,PT49,WGS,RANDOM,GENOMIC,PAIRED,300,50,ILLUMINA,Illumina HiSeq 2000,SRP034749,PRJNA232497,,232497,SRS1397563,SAMN04851101,simple,9615,Canis lupus familiaris,PT49,,,,,male,,no,,,,,UNIVERSITY OF MICHIGAN,SRA411909,,public,DBDA93926BA204433BBE4B203F9B8F2D,350BCFC312609F31545D98C6B030028E
SRR2835674,2016-10-27 00:00:00,2015-10-28 06:20:15,204144324,40828864800,204144324,200,25745,,https://sra-downloadb.be-md.ncbi.nlm.nih.gov/sos12/sra-pub-zq-1211/SRR002/835/SRR2835674/SRR2835674.sralite.1,SRX1389197,,WGS,unspecified,GENOMIC,PAIRED,0,0,ILLUMINA,Illumina HiSeq 2000,SRP065350,PRJNA299506,,299506,SRS1136754,SAMN04209256,simple,9612,Canis lupus,RKW1387,,,,,not collected,,no,,,,,UNIVERSITY OF CALIFORNIA LOS ANGELES,SRA307545,,public,5003E5247BDB444FB92A66CFA9C91F3A,FBA751276139BACFAD6173F4BBCA9829
SRR3384029,2016-04-16 00:00:00,2016-04-14 22:20:25,108576498,54288249000,108576498,500,33854,,https://sra-downloadb.be-md.ncbi.nlm.nih.gov/sos12/sra-pub-zq-1214/SRR003/384/SRR3384029.sralite.1,SRX1705239,IBW_wgs_1,WGS,RANDOM,GENOMIC,PAIRED,500,50,ILLUMINA,Illumina HiSeq 2500,SRP073312,PRJNA318403,,318403,SRS1397562,SAMN04851099,simple,425934,Canis lupus signatus,Penelope,,,,,female,,no,,,,,UNIVERSITY OF MICHIGAN,SRA411843,,public,39B3A414088F9C583668B24377D0DFB5,C87FB703B166B85018711749DE0ADE58
SRR3384030,2016-04-16 00:00:00,2016-04-14 20:41:34,197350981,39864898162,197350981,202,25403,,https://sra-downloadb.be-md.ncbi.nlm.nih.gov/sos12/sra-pub-zq-1211/SRR003/384/SRR3384030/SRR3384030.sralite.1,SRX1705239,IBW_wgs_1,WGS,RANDOM,GENOMIC,PAIRED,500,50,ILLUMINA,Illumina HiSeq 2500,SRP073312,PRJNA318403,,318403,SRS1397562,SAMN04851099,simple,425934,Canis lupus signatus,Penelope,,,,,female,,no,,,,,UNIVERSITY OF MICHIGAN,SRA411843,,public,DC3CDD0C65F8AC172BCF8F7D9E3A893E,583C9874B66F3F3F981EC202F85AAACC
SRR3574870,2016-05-25 00:00:00,2016-05-23 17:14:50,97967122,18613753180,97967122,190,10837,,https://sra-downloadb.be-md.ncbi.nlm.nih.gov/sos12/sra-pub-zq-1214/SRR003/574/SRR3574870.sralite.1,SRX1793993,,WGS,RANDOM,GENOMIC,PAIRED,0,0,ILLUMINA,Illumina HiSeq 1500,SRP044399,PRJNA255370,,255370,SRS661477,SAMN02921301,simple,9614,Canis latrans,cac,,,,,missing,,no,,,,,UNIVERSITY OF MICHIGAN,SRA428303,,public,7219B3A3EE9730EC495F833AA0016F4A,6C53B03A73F6E1D0BCFCBE92A7621B5A
SRR3574640,2016-05-25 00:00:00,2016-05-23 17:52:21,106748160,20282150400,106748160,190,11435,,https://sra-downloadb.be-md.ncbi.nlm.nih.gov/sos12/sra-pub-zq-1214/SRR003/574/SRR3574640.sralite.1,SRX1793796,,WGS,RANDOM,GENOMIC,PAIRED,0,0,ILLUMINA,Illumina HiSeq 1500,SRP044399,PRJNA255370,,255370,SRS661486,SAMN02921310,simple,9612,Canis lupus,glw,,,,,missing,,no,,,,,UNIVERSITY OF MICHIGAN,SRA428303,,public,4C9F9E042AE3EB46D778377255A6395C,B00BE6E54D88CBB31CEB3E3B78283A20
SRR3574809,2016-05-25 00:00:00,2016-05-23 17:18:36,105887839,21389343478,105887839,202,13119,,https://sra-downloadb.be-md.ncbi.nlm.nih.gov/sos12/sra-pub-zq-1214/SRR003/574/SRR3574809.sralite.1,SRX1793872,,WGS,RANDOM,GENOMIC,PAIRED,0,0,ILLUMINA,Illumina HiSeq 1500,SRP044399,PRJNA255370,,255370,SRS661487,SAMN02921311,simple,9612,Canis lupus,inw,,,,,missing,,no,,,,,UNIVERSITY OF MICHIGAN,SRA428303,,public,72A85432A6C9AD64CB1F4C857487C807,54B705CA4C8C3B2F8AD2B69ACBE2FE4C
SRR3574816,2016-05-25 00:00:00,2016-05-23 17:31:21,108464224,21909773248,108464224,202,13233,,https://sra-downloadb.be-md.ncbi.nlm.nih.gov/sos12/sra-pub-zq-1214/SRR003/574/SRR3574816.sralite.1,SRX1793872,,WGS,RANDOM,GENOMIC,PAIRED,0,0,ILLUMINA,Illumina HiSeq 1500,SRP044399,PRJNA255370,,255370,SRS661487,SAMN02921311,simple,9612,Canis lupus,inw,,,,,missing,,no,,,,,UNIVERSITY OF MICHIGAN,SRA428303,,public,5B201F7FD21AD4E6D7FC805245E46E34,18414A343D0ED1E9870DB9DA989C39A5
SRR3574846,2016-05-25 00:00:00,2016-05-23 17:31:07,88027524,16725229560,88027524,190,9494,,https://sra-downloadb.be-md.ncbi.nlm.nih.gov/sos12/sra-pub-zq-1214/SRR003/574/SRR3574846.sralite.1,SRX1793970,,WGS,RANDOM,GENOMIC,PAIRED,0,0,ILLUMINA,Illumina HiSeq 1500,SRP044399,PRJNA255370,,255370,SRS661492,SAMN02921316,simple,9612,Canis lupus,ptw,,,,,missing,,no,,,,,UNIVERSITY OF MICHIGAN,SRA428303,,public,1840D6717AFB1681DBDA373D024AFCF1,D9FD04F64BCB4CB37848407662F35CFA
SRR3960582,2016-08-01 23:48:47,2016-07-27 23:40:29,170865116,17257376716,0,101,10756,,https://sra-downloadb.be-md.ncbi.nlm.nih.gov/sos12/sra-pub-zq-1211/SRR003/960/SRR3960582/SRR3960582.sralite.1,SRX1981971,AlaskanWolf,WGS,RANDOM,GENOMIC,SINGLE,0,0,ILLUMINA,Illumina HiSeq 2000,SRP080018,PRJNA331222,,331222,SRS1589013,SAMN05439956,simple,9612,Canis lupus,AlaskanWolf,,,,,not determined,,no,,,,,"UNIVERSITY OF CALIFORNIA, SANTA CRUZ",SRA444999,,public,BD8AFFF941F4D1F02B7056C5CA2426BF,83FD27FC1973E207D11707A0556DB6C1
SRR4275385,2016-09-21 00:00:00,2016-09-20 22:49:54,112134477,15810961257,0,141,8282,,https://sra-downloadb.be-md.ncbi.nlm.nih.gov/sos12/sra-pub-zq-1214/SRR004/275/SRR4275385.sralite.1,SRX2180294,,WGS,RANDOM,GENOMIC,SINGLE,0,0,ILLUMINA,Illumina HiSeq 2000,SRP080018,PRJNA331222,,331222,SRS1704985,SAMN05791669,simple,9612,Canis lupus,AlgonquinWolf13467,,,,,not determined,,no,,,,,"UNIVERSITY OF CALIFORNIA, SANTA CRUZ",SRA444999,,public,D0FBE4BD80CEAE23BD901255AD4A6F75,85E0A4A239D3E8F76E5E8A2ED773DE84
SRR4274944,2016-09-21 00:00:00,2016-09-20 18:58:38,122960251,17337395391,0,141,9361,,https://sra-downloadb.be-md.ncbi.nlm.nih.gov/sos12/sra-pub-zq-1214/SRR004/274/SRR4274944.sralite.1,SRX2180169,Algonquin wolf 13470 SE,WGS,RANDOM,GENOMIC,SINGLE,0,0,ILLUMINA,Illumina HiSeq 2000,SRP080018,PRJNA331222,,331222,SRS1704945,SAMN05791668,simple,9612,Canis lupus,AlgonquinWolf13470,,,,,not determined,,no,,,,,"UNIVERSITY OF CALIFORNIA, SANTA CRUZ",SRA444999,,public,13DFA69C4582E493675730910DFC5114,1405B362FFAF1E1714E67622AE236BC9
SRR4191781,2016-09-20 17:58:57,2016-09-07 23:46:11,103177840,14548075440,0,141,7678,,https://sra-downloadb.be-md.ncbi.nlm.nih.gov/sos12/sra-pub-zq-1214/SRR004/191/SRR4191781.sralite.1,SRX2146489,,WGS,RANDOM,GENOMIC,SINGLE,0,0,ILLUMINA,Illumina HiSeq 2000,SRP080018,PRJNA331222,,331222,SRS1677740,SAMN05736724,simple,9614,Canis latrans,QuebecWolf,,,,,not determined,,no,,,,,"UNIVERSITY OF CALIFORNIA, SANTA CRUZ",SRA444999,,public,289F890008D87035B98CEB7D42595630,22A9EE92A899897175E5D3ACD9640D5E
SRR5168995,2017-01-17 00:17:54,2017-01-12 00:07:13,111491415,33447424500,111491415,300,12254,,https://sra-downloadb.be-md.ncbi.nlm.nih.gov/sos12/sra-pub-zq-1214/SRR005/168/SRR5168995.sralite.1,SRX2485791,Ti3_L8,WGS,RANDOM,GENOMIC,PAIRED,0,0,ILLUMINA,Illumina HiSeq 2000,SRP096612,PRJNA361023,,361023,SRS1915940,SAMN06219539,simple,9612,Canis lupus,ti3,,,,,not applicable,,no,,,,,SICHUAN UNIVERSITY,SRA526625,,public,F7FF979EFA8D4C8C6785E3E983A0092A,68527C85D6486F1C4E44F729311C0D60
SRR5168996,2017-01-17 00:39:33,2017-01-12 00:26:18,127426296,38227888800,127426296,300,14177,,https://sra-downloadb.be-md.ncbi.nlm.nih.gov/sos12/sra-pub-zq-1214/SRR005/168/SRR5168996.sralite.1,SRX2485792,Ti3_L7,WGS,RANDOM,GENOMIC,PAIRED,0,0,ILLUMINA,Illumina HiSeq 2000,SRP096612,PRJNA361023,,361023,SRS1915940,SAMN06219539,simple,9612,Canis lupus,ti3,,,,,not applicable,,no,,,,,SICHUAN UNIVERSITY,SRA526625,,public,8A945EF139463F470B1D119ABBE2F8D4,CE535E00F7786F8672FC49BEB4A325F4
ERR1990020,2017-05-24 11:08:40,2017-07-14 00:11:05,227735504,68484713038,227735504,300,15775,GCF_000002285.3,https://sra-downloadb.be-md.ncbi.nlm.nih.gov/sos12/sra-pub-zq-1214/ERR001/990/ERR1990020.sralite.1,ERX2049917,unspecified,WGS,RANDOM,GENOMIC,PAIRED,300,0,ILLUMINA,Illumina HiSeq 3000,ERP017853,PRJEB16012,,350639,ERS1755456,SAMEA104091563,simple,9615,Canis lupus familiaris,SAMEA104091563,,,,,,,no,,,,,"INSTITUTE OF GENETICS, UNIVERSITY OF BERN, SWITZER",ERA935641,,public,4DB74DA6F523D5231374E4C3C5B08FC8,FFBF4E837CBA0E3BC8CED04CF18179BC
ERR1990021,2017-05-24 11:08:40,2017-07-14 03:14:17,186909867,56196786760,186909867,300,12926,GCF_000002285.3,https://sra-downloadb.be-md.ncbi.nlm.nih.gov/sos12/sra-pub-zq-1214/ERR001/990/ERR1990021.sralite.1,ERX2049918,unspecified,WGS,RANDOM,GENOMIC,PAIRED,300,0,ILLUMINA,Illumina HiSeq 3000,ERP017853,PRJEB16012,,350639,ERS1755457,SAMEA104091564,simple,9615,Canis lupus familiaris,SAMEA104091564,,,,,,,no,,,,,"INSTITUTE OF GENETICS, UNIVERSITY OF BERN, SWITZER",ERA935641,,public,323360D25B9828538C3F31E0F092EDEE,CB3EEE67011BF55A06A2012161784A22
ERR1990022,2017-05-24 11:08:40,2017-07-14 00:09:55,218901942,65681633936,218901942,300,14731,GCF_000002285.3,https://sra-downloadb.be-md.ncbi.nlm.nih.gov/sos12/sra-pub-zq-1214/ERR001/990/ERR1990022.sralite.1,ERX2049919,unspecified,WGS,RANDOM,GENOMIC,PAIRED,300,0,ILLUMINA,Illumina HiSeq 3000,ERP017853,PRJEB16012,,350639,ERS1755458,SAMEA104091565,simple,9615,Canis lupus familiaris,SAMEA104091565,,,,,,,no,,,,,"INSTITUTE OF GENETICS, UNIVERSITY OF BERN, SWITZER",ERA935641,,public,057B9D941E0C5929AC52CBD2E36F18C8,477F3FA6A2CD63FFE5C07204A433CAC0
SRR5168998,2017-01-17 04:51:03,2017-01-12 04:10:55,373851745,112155523500,373851745,300,42754,,https://sra-downloadb.be-md.ncbi.nlm.nih.gov/sos12/sra-pub-zq-1214/SRR005/168/SRR5168998.sralite.1,SRX2485794,IM5_HLCFKCCXX_L3,WGS,RANDOM,GENOMIC,PAIRED,0,0,ILLUMINA,Illumina HiSeq 2000,SRP096612,PRJNA361023,,361023,SRS1915941,SAMN06219538,simple,9612,Canis lupus,im5,,,,,not applicable,,no,,,,,SICHUAN UNIVERSITY,SRA526625,,public,1139E13B5D9C5FDDBBEC4316BB2CEA2F,A4D1EDB06E6D5D577F75683B199B6EAC
SRR5168997,2017-01-17 00:51:20,2017-01-12 00:31:51,117399152,35219745600,117399152,300,12864,,https://sra-downloadb.be-md.ncbi.nlm.nih.gov/sos12/sra-pub-zq-1214/SRR005/168/SRR5168997.sralite.1,SRX2485793,Ti3_L6,WGS,RANDOM,GENOMIC,PAIRED,0,0,ILLUMINA,Illumina HiSeq 2000,SRP096612,PRJNA361023,,361023,SRS1915940,SAMN06219539,simple,9612,Canis lupus,ti3,,,,,not applicable,,no,,,,,SICHUAN UNIVERSITY,SRA526625,,public,278A44C4B7A6DFA8AE98532DF0FC5AB4,CC9B397B8817C61DC41FA9B72332387F
SRR7107645,2018-05-09 00:10:50,2018-05-03 18:50:21,160262851,35380728798,160262851,220,15150,GCF_000002285.3,https://sra-downloadb.be-md.ncbi.nlm.nih.gov/sos12/sra-pub-zq-1214/SRR007/107/SRR7107645.sralite.1,SRX4035882,GW1,WGS,unspecified,GENOMIC,PAIRED,0,0,ILLUMINA,Illumina Genome Analyzer IIx,SRP144493,PRJNA448733,,448733,SRS402038,SAMN01974486,simple,9615,Canis lupus familiaris,GW1,,,,,,,no,,,,,NHGRI,SRA699439,,public,6A6E5EEAC132C3848C59A3BB97D92760,1BE829DDAF3AAA96F4CD6CABDC0EB58E
SRR7107540,2018-05-10 00:06:32,2018-05-03 21:40:42,218596200,65736823789,218596200,300,24523,GCF_000002285.3,https://sra-downloadb.be-md.ncbi.nlm.nih.gov/sos12/sra-pub-zq-1214/SRR007/107/SRR7107540.sralite.1,SRX4035777,WO001_895,WGS,RANDOM,GENOMIC,PAIRED,0,0,ILLUMINA,Illumina HiSeq 3000,SRP144493,PRJNA448733,,448733,ERS1755456,SAMEA104091563,simple,9615,Canis lupus familiaris,SAMEA104091563,,,,,,,no,,,,,NHGRI,SRA699439,,public,3E9BE1D5ADEA4608AB3098ABD917F87F,86FC85FA2153E430FA170B48E5E4ED8A
SRR7107541,2018-05-09 00:10:49,2018-05-03 20:15:27,178092882,53546652773,178092882,300,20693,GCF_000002285.3,https://sra-downloadb.be-md.ncbi.nlm.nih.gov/sos12/sra-pub-zq-1214/SRR007/107/SRR7107541.sralite.1,SRX4035778,WO002_732,WGS,RANDOM,GENOMIC,PAIRED,0,0,ILLUMINA,Illumina HiSeq 3000,SRP144493,PRJNA448733,,448733,ERS1755457,SAMEA104091564,simple,9615,Canis lupus familiaris,SAMEA104091564,,,,,,,no,,,,,NHGRI,SRA699439,,public,5E4943DB78CD78E19558119E7357F2B7,F92DBEA3886A93B915BF31409074BF6E
SRR7107542,2018-05-09 00:10:49,2018-05-03 19:13:06,209822164,62958433781,209822164,300,23395,GCF_000002285.3,https://sra-downloadb.be-md.ncbi.nlm.nih.gov/sos12/sra-pub-zq-1214/SRR007/107/SRR7107542.sralite.1,SRX4035779,WO003_636,WGS,RANDOM,GENOMIC,PAIRED,0,0,ILLUMINA,Illumina HiSeq 3000,SRP144493,PRJNA448733,,448733,ERS1755458,SAMEA104091565,simple,9615,Canis lupus familiaris,SAMEA104091565,,,,,,,no,,,,,NHGRI,SRA699439,,public,33C1BF6A297D154CC4E85E3B715660EE,9E2CCCF37BEDCF744D9470162E9B427D
SRR7107562,2018-05-09 00:10:49,2018-05-03 19:27:19,291496389,58299277800,291496389,200,23216,GCF_000002285.3,https://sra-downloadb.be-md.ncbi.nlm.nih.gov/sos12/sra-pub-zq-1214/SRR007/107/SRR7107562.sralite.1,SRX4035799,5482450,WGS,RANDOM,GENOMIC,PAIRED,0,0,ILLUMINA,Illumina HiSeq 2000,SRP144493,PRJNA448733,,448733,ERS147935,SAMEA1521940,simple,9615,Canis lupus familiaris,SAMEA1521940,,,,,,,no,,,,,NHGRI,SRA699439,,public,34E6ECFE960690AAD4B0D62B684927C5,4738A9394D241D2EC28E920673889E12
SRR7107646,2018-05-09 00:10:50,2018-05-03 18:17:04,113846752,26962455354,113846752,236,11015,GCF_000002285.3,https://sra-downloadb.be-md.ncbi.nlm.nih.gov/sos12/sra-pub-zq-1214/SRR007/107/SRR7107646.sralite.1,SRX4035883,GW2,WGS,unspecified,GENOMIC,PAIRED,0,0,ILLUMINA,Illumina Genome Analyzer IIx,SRP144493,PRJNA448733,,448733,SRS402061,SAMN01974487,simple,9615,Canis lupus familiaris,GW2,,,,,,,no,,,,,NHGRI,SRA699439,,public,8CB2BD04B190E804C51066C327492A08,F44A8A267B2C417ACA51661823B3F707
SRR7107647,2018-05-09 00:10:50,2018-05-03 18:55:29,210917731,42605381662,210917731,202,17412,GCF_000002285.3,https://sra-downloadb.be-md.ncbi.nlm.nih.gov/sos12/sra-pub-zq-1214/SRR007/107/SRR7107647.sralite.1,SRX4035884,GW3,WGS,unspecified,GENOMIC,PAIRED,0,0,ILLUMINA,Illumina Genome Analyzer IIx,SRP144493,PRJNA448733,,448733,SRS402066,SAMN01974488,simple,9615,Canis lupus familiaris,GW3,,,,,,,no,,,,,NHGRI,SRA699439,,public,F067C5DDEA6C037C75EB21074CA51D93,C30CBFB80978B6674F8B67EE8A2FEC87
SRR7107648,2018-05-09 00:10:50,2018-05-03 19:15:02,253714517,27066043788,253714517,106,13401,GCF_000002285.3,https://sra-downloadb.be-md.ncbi.nlm.nih.gov/sos12/sra-pub-zq-1214/SRR007/107/SRR7107648.sralite.1,SRX4035885,GW4,WGS,unspecified,GENOMIC,PAIRED,0,0,ILLUMINA,Illumina Genome Analyzer IIx,SRP144493,PRJNA448733,,448733,SRS401789,SAMN01974489,simple,9615,Canis lupus familiaris,GW4,,,,,,,no,,,,,NHGRI,SRA699439,,public,3A44E1A87F1F0BDAAFE262AC67331A58,B29190C0EC902AB0E8383CB7A936DF7B
SRR7107649,2018-05-09 00:10:50,2018-05-03 20:20:57,345485223,69788015046,345485223,202,11728,GCF_000002285.3,https://sra-downloadb.be-md.ncbi.nlm.nih.gov/sos12/sra-pub-zq-1214/SRR007/107/SRR7107649.sralite.1,SRX4035886,dogCI1,WGS,unspecified,GENOMIC,PAIRED,0,0,ILLUMINA,Illumina Genome Analyzer IIx,SRP144493,PRJNA448733,,448733,SRS402070,SAMN01974490,simple,9615,Canis lupus familiaris,dogCI1,,,,,,,no,,,,,NHGRI,SRA699439,,public,9A15FBCF7BC78DBDD17D4DACFF86FA64,850971BA46EE5110B1EAEC7C7A890D92
SRR7107650,2018-05-09 00:10:50,2018-05-03 19:10:10,164882453,56389798926,164882453,342,21574,GCF_000002285.3,https://sra-downloadb.be-md.ncbi.nlm.nih.gov/sos12/sra-pub-zq-1214/SRR007/107/SRR7107650.sralite.1,SRX4035887,dogCI2,WGS,unspecified,GENOMIC,PAIRED,0,0,ILLUMINA,Illumina Genome Analyzer IIx,SRP144493,PRJNA448733,,448733,SRS402075,SAMN01974491,simple,9615,Canis lupus familiaris,dogCI2,,,,,,,no,,,,,NHGRI,SRA699439,,public,27F740AD8AB9A01EDA144C6105695CC7,5C1287249DAA28E18617030DAB984CEC
SRR7107662,2018-05-09 00:10:50,2018-05-03 18:23:43,105916003,19646886080,105916003,185,9082,GCF_000002285.3,https://sra-downloadb.be-md.ncbi.nlm.nih.gov/sos12/sra-pub-zq-1214/SRR007/107/SRR7107662.sralite.1,SRX4035899,Dog01,WGS,RANDOM,GENOMIC,PAIRED,0,0,ILLUMINA,Illumina HiSeq 2000,SRP144493,PRJNA448733,,448733,SRS520043,SAMN02485568,simple,9615,Canis lupus familiaris,Dog01,,,,,,,no,,,,,NHGRI,SRA699439,,public,31A7E326148FD0823DB45653423C33E7,E335EC7B757967CD8814D28AF292B2A3
SRR7107663,2018-05-09 00:10:50,2018-05-03 18:25:39,114156603,21179698060,114156603,185,9121,GCF_000002285.3,https://sra-downloadb.be-md.ncbi.nlm.nih.gov/sos12/sra-pub-zq-1214/SRR007/107/SRR7107663.sralite.1,SRX4035900,Dog02,WGS,RANDOM,GENOMIC,PAIRED,0,0,ILLUMINA,Illumina HiSeq 2000,SRP144493,PRJNA448733,,448733,SRS520044,SAMN02485569,simple,9615,Canis lupus familiaris,Dog02,,,,,,,no,,,,,NHGRI,SRA699439,,public,2B432EC7A1E01A70DE69F41C3360724E,4BD2BE7EE8D8C3AD175EE4218984A799
SRR7107664,2018-05-09 00:10:50,2018-05-03 18:27:16,111636773,20751830320,111636773,185,9846,GCF_000002285.3,https://sra-downloadb.be-md.ncbi.nlm.nih.gov/sos12/sra-pub-zq-1214/SRR007/107/SRR7107664.sralite.1,SRX4035901,Dog03,WGS,RANDOM,GENOMIC,PAIRED,0,0,ILLUMINA,Illumina HiSeq 2000,SRP144493,PRJNA448733,,448733,SRS520045,SAMN02485570,simple,9615,Canis lupus familiaris,Dog03,,,,,,,no,,,,,NHGRI,SRA699439,,public,E876200C8D295F6AA3330176FA15FD0F,87D7EA668287C043547D73886186A5B9
SRR7107665,2018-05-09 00:10:50,2018-05-03 18:29:16,106325516,19724579240,106325516,185,9666,GCF_000002285.3,https://sra-downloadb.be-md.ncbi.nlm.nih.gov/sos12/sra-pub-zq-1214/SRR007/107/SRR7107665.sralite.1,SRX4035902,Dog04,WGS,RANDOM,GENOMIC,PAIRED,0,0,ILLUMINA,Illumina HiSeq 2000,SRP144493,PRJNA448733,,448733,SRS520046,SAMN02485571,simple,9615,Canis lupus familiaris,Dog04,,,,,,,no,,,,,NHGRI,SRA699439,,public,1B9D82B2631D917E8C63E93CE2FB9E21,36C0287FB6F75115C7B478A2D7B9608B
SRR7107651,2018-05-09 00:10:50,2018-05-03 18:55:30,126007937,30493920754,126007937,242,12069,GCF_000002285.3,https://sra-downloadb.be-md.ncbi.nlm.nih.gov/sos12/sra-pub-zq-1214/SRR007/107/SRR7107651.sralite.1,SRX4035888,dogCI3,WGS,unspecified,GENOMIC,PAIRED,0,0,ILLUMINA,Illumina Genome Analyzer IIx,SRP144493,PRJNA448733,,448733,SRS402076,SAMN01974492,simple,9615,Canis lupus familiaris,dogCI3,,,,,,,no,,,,,NHGRI,SRA699439,,public,58D3549EC27C26CC307CD032F45DF7EE,D8610519B4559E78DF715C57F7FB430D
SRR7107666,2018-05-09 00:10:50,2018-05-03 18:25:35,113356125,21056628120,113356125,185,9882,GCF_000002285.3,https://sra-downloadb.be-md.ncbi.nlm.nih.gov/sos12/sra-pub-zq-1214/SRR007/107/SRR7107666.sralite.1,SRX4035903,Dog06,WGS,RANDOM,GENOMIC,PAIRED,0,0,ILLUMINA,Illumina HiSeq 2000,SRP144493,PRJNA448733,,448733,SRS520047,SAMN02485572,simple,9615,Canis lupus familiaris,Dog06,,,,,,,no,,,,,NHGRI,SRA699439,,public,6CDD2711642E07569E26DF80C9E4BAFF,95168FDB6F5B94469D3C0683930DD7FA
SRR7107669,2018-05-09 00:10:50,2018-05-03 18:21:43,103243466,19157143120,103243466,185,8765,GCF_000002285.3,https://sra-downloadb.be-md.ncbi.nlm.nih.gov/sos12/sra-pub-zq-1214/SRR007/107/SRR7107669.sralite.1,SRX4035906,Dog09,WGS,RANDOM,GENOMIC,PAIRED,0,0,ILLUMINA,Illumina HiSeq 2000,SRP144493,PRJNA448733,,448733,SRS520050,SAMN02485575,simple,9615,Canis lupus familiaris,Dog09,,,,,,,no,,,,,NHGRI,SRA699439,,public,285F630E8B1BCF9F0065D8E691F86863,F1814466FE2D3E58ED901C0A133A253C
SRR7107670,2018-05-09 00:10:50,2018-05-03 18:30:46,113026197,20956821600,113026197,185,9753,GCF_000002285.3,https://sra-downloadb.be-md.ncbi.nlm.nih.gov/sos12/sra-pub-zq-1214/SRR007/107/SRR7107670.sralite.1,SRX4035907,Dog10,WGS,RANDOM,GENOMIC,PAIRED,0,0,ILLUMINA,Illumina HiSeq 2000,SRP144493,PRJNA448733,,448733,SRS520051,SAMN02485576,simple,9615,Canis lupus familiaris,Dog10,,,,,,,no,,,,,NHGRI,SRA699439,,public,480F2DFD9A1736BEAB4795ECD5EC9B41,979B89EC2CE87EAB5D798C9D54C9456B
SRR7107675,2018-05-09 00:10:50,2018-05-03 18:33:50,108437395,20205828800,108437395,186,9578,GCF_000002285.3,https://sra-downloadb.be-md.ncbi.nlm.nih.gov/sos12/sra-pub-zq-1214/SRR007/107/SRR7107675.sralite.1,SRX4035912,Dog15,WGS,RANDOM,GENOMIC,PAIRED,0,0,ILLUMINA,Illumina HiSeq 2000,SRP144493,PRJNA448733,,448733,SRS520056,SAMN02485581,simple,9615,Canis lupus familiaris,Dog15,,,,,,,no,,,,,NHGRI,SRA699439,,public,008F397B910C776F0942C1BF1BD1806D,165295FC0FBE2C8996C7E84B9C2D542C
SRR7107676,2018-05-09 00:10:50,2018-05-03 18:24:33,104391083,21086998766,104391083,202,9370,GCF_000002285.3,https://sra-downloadb.be-md.ncbi.nlm.nih.gov/sos12/sra-pub-zq-1214/SRR007/107/SRR7107676.sralite.1,SRX4035913,EG44,WGS,RANDOM,GENOMIC,PAIRED,0,0,ILLUMINA,Illumina HiSeq 2000,SRP144493,PRJNA448733,,448733,SRS520057,SAMN02485582,simple,9615,Canis lupus familiaris,EG44,,,,,,,no,,,,,NHGRI,SRA699439,,public,920512A71E0E4D58CCBF177A51C1DB60,2321ABD0A811FDC2B77B155C531D2D15
SRR7107677,2018-05-09 00:10:50,2018-05-03 18:14:28,90476577,18276268554,90476577,202,6915,GCF_000002285.3,https://sra-downloadb.be-md.ncbi.nlm.nih.gov/sos12/sra-pub-zq-1214/SRR007/107/SRR7107677.sralite.1,SRX4035914,EG49,WGS,RANDOM,GENOMIC,PAIRED,0,0,ILLUMINA,Illumina HiSeq 2000,SRP144493,PRJNA448733,,448733,SRS520058,SAMN02485583,simple,9615,Canis lupus familiaris,EG49,,,,,,,no,,,,,NHGRI,SRA699439,,public,CCB342EC4E0AC085D4780E75B011C332,716EA119F4DF3397ED4A68ACCCB575F0
SRR7107680,2018-05-09 00:10:50,2018-05-03 19:15:20,182161654,34286439454,182161654,188,13353,GCF_000002285.3,https://sra-downloadb.be-md.ncbi.nlm.nih.gov/sos12/sra-pub-zq-1214/SRR007/107/SRR7107680.sralite.1,SRX4035917,ID125,WGS,RANDOM,GENOMIC,PAIRED,0,0,ILLUMINA,Illumina HiSeq 2000,SRP144493,PRJNA448733,,448733,SRS520061,SAMN02485586,simple,9615,Canis lupus familiaris,ID125,,,,,,,no,,,,,NHGRI,SRA699439,,public,F719EF78FDAE53B79257B7B75F88112E,9C54ABE7C5BF4E09A6455A9861EC21FA
SRR7107681,2018-05-09 00:10:50,2018-05-03 18:11:55,93518441,18890725082,93518441,202,6963,GCF_000002285.3,https://sra-downloadb.be-md.ncbi.nlm.nih.gov/sos12/sra-pub-zq-1214/SRR007/107/SRR7107681.sralite.1,SRX4035918,ID137,WGS,RANDOM,GENOMIC,PAIRED,0,0,ILLUMINA,Illumina HiSeq 2000,SRP144493,PRJNA448733,,448733,SRS520062,SAMN02485587,simple,9615,Canis lupus familiaris,ID137,,,,,,,no,,,,,NHGRI,SRA699439,,public,A78C26E7F482361BD08E348DF7336B72,0BDAB336C550986ECB8D4DB5C2146896
SRR7107682,2018-05-09 00:10:50,2018-05-03 18:35:56,133062386,26878601972,133062386,202,10378,GCF_000002285.3,https://sra-downloadb.be-md.ncbi.nlm.nih.gov/sos12/sra-pub-zq-1214/SRR007/107/SRR7107682.sralite.1,SRX4035919,ID165,WGS,RANDOM,GENOMIC,PAIRED,0,0,ILLUMINA,Illumina HiSeq 2000,SRP144493,PRJNA448733,,448733,SRS520063,SAMN02485588,simple,9615,Canis lupus familiaris,ID165,,,,,,,no,,,,,NHGRI,SRA699439,,public,F67F343CB3CAF151C86C3D56FEE257EA,927FD12066CA64BCB5EA999846917933
SRR7107684,2018-05-09 00:10:50,2018-05-03 19:04:14,188715227,35284259121,188715227,186,13706,GCF_000002285.3,https://sra-downloadb.be-md.ncbi.nlm.nih.gov/sos12/sra-pub-zq-1214/SRR007/107/SRR7107684.sralite.1,SRX4035921,ID60,WGS,RANDOM,GENOMIC,PAIRED,0,0,ILLUMINA,Illumina HiSeq 2000,SRP144493,PRJNA448733,,448733,SRS520065,SAMN02485590,simple,9615,Canis lupus familiaris,ID60,,,,,,,no,,,,,NHGRI,SRA699439,,public,764009BC033346B907AD98ED19CFA9D3,46F957615E01F402DF1A52C85E281DBE
SRR7107685,2018-05-09 00:10:50,2018-05-03 18:17:21,98271285,19850799570,98271285,202,6950,GCF_000002285.3,https://sra-downloadb.be-md.ncbi.nlm.nih.gov/sos12/sra-pub-zq-1214/SRR007/107/SRR7107685.sralite.1,SRX4035922,ID91,WGS,RANDOM,GENOMIC,PAIRED,0,0,ILLUMINA,Illumina HiSeq 2000,SRP144493,PRJNA448733,,448733,SRS520066,SAMN02485591,simple,9615,Canis lupus familiaris,ID91,,,,,,,no,,,,,NHGRI,SRA699439,,public,146E816D0553D71C7D797B45B484790C,0EBEAA7AF33EEEF8F3DA565C0E33616B
SRR7107686,2018-05-09 00:10:50,2018-05-03 18:09:44,88040234,17784127268,88040234,202,8279,GCF_000002285.3,https://sra-downloadb.be-md.ncbi.nlm.nih.gov/sos12/sra-pub-zq-1214/SRR007/107/SRR7107686.sralite.1,SRX4035923,IN18,WGS,RANDOM,GENOMIC,PAIRED,0,0,ILLUMINA,Illumina HiSeq 2000,SRP144493,PRJNA448733,,448733,SRS520067,SAMN02485592,simple,9615,Canis lupus familiaris,IN18,,,,,,,no,,,,,NHGRI,SRA699439,,public,A903236DE2A7299749C1D53A57E5C625,1C071783B42F1820A61CBB3DBDD91A0E
SRR7107687,2018-05-09 00:10:50,2018-05-03 18:19:00,103824367,20972522134,103824367,202,9938,GCF_000002285.3,https://sra-downloadb.be-md.ncbi.nlm.nih.gov/sos12/sra-pub-zq-1214/SRR007/107/SRR7107687.sralite.1,SRX4035924,IN23,WGS,RANDOM,GENOMIC,PAIRED,0,0,ILLUMINA,Illumina HiSeq 2000,SRP144493,PRJNA448733,,448733,SRS520068,SAMN02485593,simple,9615,Canis lupus familiaris,IN23,,,,,,,no,,,,,NHGRI,SRA699439,,public,C37E435D2FE8351B1CBB624F2CA1717E,DD2F6A15821BA026E245960E51334610
SRR7107688,2018-05-09 00:10:50,2018-05-03 18:08:17,73739800,14895439600,73739800,202,5695,GCF_000002285.3,https://sra-downloadb.be-md.ncbi.nlm.nih.gov/sos12/sra-pub-zq-1214/SRR007/107/SRR7107688.sralite.1,SRX4035925,IN29,WGS,RANDOM,GENOMIC,PAIRED,0,0,ILLUMINA,Illumina HiSeq 2000,SRP144493,PRJNA448733,,448733,SRS520069,SAMN02485594,simple,9615,Canis lupus familiaris,IN29,,,,,,,no,,,,,NHGRI,SRA699439,,public,ECB3ED0E50BE4D14C2DCFB25DA58EA86,B077586A7505D5388E51888BD94E8316
SRR7107689,2018-05-09 00:10:50,2018-05-03 18:16:31,106707579,21554930958,106707579,202,8455,GCF_000002285.3,https://sra-downloadb.be-md.ncbi.nlm.nih.gov/sos12/sra-pub-zq-1214/SRR007/107/SRR7107689.sralite.1,SRX4035926,LB74,WGS,RANDOM,GENOMIC,PAIRED,0,0,ILLUMINA,Illumina HiSeq 2000,SRP144493,PRJNA448733,,448733,SRS520070,SAMN02485595,simple,9615,Canis lupus familiaris,LB74,,,,,,,no,,,,,NHGRI,SRA699439,,public,EF073BB1A6381E40120F838D0DE89012,02DCFE2133652AA98123727908DF313B
SRR7107690,2018-05-09 00:10:50,2018-05-03 18:22:37,112571850,22739513700,112571850,202,9181,GCF_000002285.3,https://sra-downloadb.be-md.ncbi.nlm.nih.gov/sos12/sra-pub-zq-1214/SRR007/107/SRR7107690.sralite.1,SRX4035927,LB79,WGS,RANDOM,GENOMIC,PAIRED,0,0,ILLUMINA,Illumina HiSeq 2000,SRP144493,PRJNA448733,,448733,SRS520071,SAMN02485596,simple,9615,Canis lupus familiaris,LB79,,,,,,,no,,,,,NHGRI,SRA699439,,public,7B9E68C97BF3294387D2B9C42C440A27,27AE112114EC847A3A2C53B5B2F876CD
SRR7107691,2018-05-09 00:10:50,2018-05-03 18:38:54,117041373,23642357346,117041373,202,10443,GCF_000002285.3,https://sra-downloadb.be-md.ncbi.nlm.nih.gov/sos12/sra-pub-zq-1214/SRR007/107/SRR7107691.sralite.1,SRX4035928,LB85,WGS,RANDOM,GENOMIC,PAIRED,0,0,ILLUMINA,Illumina HiSeq 2000,SRP144493,PRJNA448733,,448733,SRS520072,SAMN02485597,simple,9615,Canis lupus familiaris,LB85,,,,,,,no,,,,,NHGRI,SRA699439,,public,240632953FF4927DDA2079151089047D,E778D3D277645D399B25DE4FFD71B2FC
SRR7107692,2018-05-09 00:10:50,2018-05-03 18:13:22,100757132,20352940664,100757132,202,7344,GCF_000002285.3,https://sra-downloadb.be-md.ncbi.nlm.nih.gov/sos12/sra-pub-zq-1214/SRR007/107/SRR7107692.sralite.1,SRX4035929,NA63,WGS,RANDOM,GENOMIC,PAIRED,0,0,ILLUMINA,Illumina HiSeq 2000,SRP144493,PRJNA448733,,448733,SRS520073,SAMN02485598,simple,9615,Canis lupus familiaris,NA63,,,,,,,no,,,,,NHGRI,SRA699439,,public,9379CAA0EFFCAEFCFE9C3FE6FAB87602,9CDDABC5441EF6ACEE832097ADFA3551
SRR7107693,2018-05-09 00:10:50,2018-05-03 19:04:30,192813982,35717922935,192813982,185,14386,GCF_000002285.3,https://sra-downloadb.be-md.ncbi.nlm.nih.gov/sos12/sra-pub-zq-1214/SRR007/107/SRR7107693.sralite.1,SRX4035930,NA8,WGS,RANDOM,GENOMIC,PAIRED,0,0,ILLUMINA,Illumina HiSeq 2000,SRP144493,PRJNA448733,,448733,SRS520074,SAMN02485599,simple,9615,Canis lupus familiaris,NA8,,,,,,,no,,,,,NHGRI,SRA699439,,public,62EF0ABCEAD1B5BE85224029B699A1D1,184DA04BFE037CEFC4BB1F6DD81688E8
SRR7107694,2018-05-09 00:10:50,2018-05-03 18:17:33,89737250,18126924500,89737250,202,7046,GCF_000002285.3,https://sra-downloadb.be-md.ncbi.nlm.nih.gov/sos12/sra-pub-zq-1214/SRR007/107/SRR7107694.sralite.1,SRX4035931,NA89,WGS,RANDOM,GENOMIC,PAIRED,0,0,ILLUMINA,Illumina HiSeq 2000,SRP144493,PRJNA448733,,448733,SRS520075,SAMN02485600,simple,9615,Canis lupus familiaris,NA89,,,,,,,no,,,,,NHGRI,SRA699439,,public,A45739E032EE9CA006109579D551A779,A6F36832E3FCE78ACD170C73639EA27E
SRR7107695,2018-05-09 00:10:50,2018-05-03 18:16:24,102625574,20730365948,102625574,202,7383,GCF_000002285.3,https://sra-downloadb.be-md.ncbi.nlm.nih.gov/sos12/sra-pub-zq-1214/SRR007/107/SRR7107695.sralite.1,SRX4035932,PG115,WGS,RANDOM,GENOMIC,PAIRED,0,0,ILLUMINA,Illumina HiSeq 2000,SRP144493,PRJNA448733,,448733,SRS520076,SAMN02485601,simple,9615,Canis lupus familiaris,PG115,,,,,,,no,,,,,NHGRI,SRA699439,,public,DC9D4F2CEA4DAE5586B51F7C74DE99E4,F723089A55998681B1244FCC28AC9F20
SRR7107696,2018-05-09 00:10:50,2018-05-03 18:20:21,79943378,15593380759,79943378,195,6154,GCF_000002285.3,https://sra-downloadb.be-md.ncbi.nlm.nih.gov/sos12/sra-pub-zq-1214/SRR007/107/SRR7107696.sralite.1,SRX4035933,PG122,WGS,RANDOM,GENOMIC,PAIRED,0,0,ILLUMINA,Illumina HiSeq 2000,SRP144493,PRJNA448733,,448733,SRS520077,SAMN02485602,simple,9615,Canis lupus familiaris,PG122,,,,,,,no,,,,,NHGRI,SRA699439,,public,AE2CDF363AC8AB6EB35815A4CBB4C8C1,252B3466F5161B0667892787AEB5092D
SRR7107697,2018-05-09 00:10:50,2018-05-03 19:30:10,201954186,37259034432,201954186,184,16377,GCF_000002285.3,https://sra-downloadb.be-md.ncbi.nlm.nih.gov/sos12/sra-pub-zq-1214/SRR007/107/SRR7107697.sralite.1,SRX4035934,PG84,WGS,RANDOM,GENOMIC,PAIRED,0,0,ILLUMINA,Illumina HiSeq 2000,SRP144493,PRJNA448733,,448733,SRS520078,SAMN02485603,simple,9615,Canis lupus familiaris,PG84,,,,,,,no,,,,,NHGRI,SRA699439,,public,B5E2642F5E0315D85D8DE3D6E05B62CD,6FFF622446382333D2C59EC887AB6ED2
SRR7107698,2018-05-09 00:10:50,2018-05-03 19:34:47,216240961,43680674122,216240961,202,16602,GCF_000002285.3,https://sra-downloadb.be-md.ncbi.nlm.nih.gov/sos12/sra-pub-zq-1214/SRR007/107/SRR7107698.sralite.1,SRX4035935,PT61,WGS,RANDOM,GENOMIC,PAIRED,0,0,ILLUMINA,Illumina HiSeq 2000,SRP144493,PRJNA448733,,448733,SRS520079,SAMN02485604,simple,9615,Canis lupus familiaris,PT61,,,,,,,no,,,,,NHGRI,SRA699439,,public,D41644870A45190F56EA4705612D7ADB,5D2C4D87ECC6685178AA2C4066B93A69
SRR7107699,2018-05-09 00:10:50,2018-05-03 19:25:37,195460957,36972698589,195460957,189,14656,GCF_000002285.3,https://sra-downloadb.be-md.ncbi.nlm.nih.gov/sos12/sra-pub-zq-1214/SRR007/107/SRR7107699.sralite.1,SRX4035936,PT71,WGS,RANDOM,GENOMIC,PAIRED,0,0,ILLUMINA,Illumina HiSeq 2000,SRP144493,PRJNA448733,,448733,SRS520080,SAMN02485605,simple,9615,Canis lupus familiaris,PT71,,,,,,,no,,,,,NHGRI,SRA699439,,public,695CDDC30117A005D4F7440D6E79F3AD,8E9FAC850841D95F2A3EC7953C2E98F9
SRR7107700,2018-05-09 00:10:50,2018-05-03 19:01:35,160274565,32375462130,160274565,202,13659,GCF_000002285.3,https://sra-downloadb.be-md.ncbi.nlm.nih.gov/sos12/sra-pub-zq-1214/SRR007/107/SRR7107700.sralite.1,SRX4035937,QA27,WGS,RANDOM,GENOMIC,PAIRED,0,0,ILLUMINA,Illumina HiSeq 2000,SRP144493,PRJNA448733,,448733,SRS520081,SAMN02485606,simple,9615,Canis lupus familiaris,QA27,,,,,,,no,,,,,NHGRI,SRA699439,,public,6045A952AE12ECDDDD5EE847A3D51E82,3D4CAF2B4D651B87264E8079F1E56896
SRR7107701,2018-05-09 00:10:50,2018-05-03 18:10:32,80059694,16172058188,80059694,202,7342,GCF_000002285.3,https://sra-downloadb.be-md.ncbi.nlm.nih.gov/sos12/sra-pub-zq-1214/SRR007/107/SRR7107701.sralite.1,SRX4035938,QA5,WGS,RANDOM,GENOMIC,PAIRED,0,0,ILLUMINA,Illumina HiSeq 2000,SRP144493,PRJNA448733,,448733,SRS520082,SAMN02485607,simple,9615,Canis lupus familiaris,QA5,,,,,,,no,,,,,NHGRI,SRA699439,,public,9870DD240992ABCAA8721683A7FE5625,C3022393F0BFE369B57586A3C7698D0B
SRR7107702,2018-05-09 00:10:50,2018-05-03 19:20:15,210270214,39206649469,210270214,186,18271,GCF_000002285.3,https://sra-downloadb.be-md.ncbi.nlm.nih.gov/sos12/sra-pub-zq-1214/SRR007/107/SRR7107702.sralite.1,SRX4035939,TW04,WGS,RANDOM,GENOMIC,PAIRED,0,0,ILLUMINA,Illumina HiSeq 2000,SRP144493,PRJNA448733,,448733,SRS520083,SAMN02485608,simple,9615,Canis lupus familiaris,TW04,,,,,,,no,,,,,NHGRI,SRA699439,,public,D72AC1B9130640B52F915CAB4FCC1E39,BFC13D6152BC96C6D3EAB31594F5E8D1
SRR7107703,2018-05-09 00:10:50,2018-05-03 18:41:52,124906973,25231208546,124906973,202,10032,GCF_000002285.3,https://sra-downloadb.be-md.ncbi.nlm.nih.gov/sos12/sra-pub-zq-1214/SRR007/107/SRR7107703.sralite.1,SRX4035940,VN21,WGS,RANDOM,GENOMIC,PAIRED,0,0,ILLUMINA,Illumina HiSeq 2000,SRP144493,PRJNA448733,,448733,SRS520084,SAMN02485609,simple,9615,Canis lupus familiaris,VN21,,,,,,,no,,,,,NHGRI,SRA699439,,public,E1CEC13CD22A7EA09FB5240C08B4E59E,7717257EFBB8BAC0437B830387EA4DC3
SRR7107704,2018-05-09 00:10:50,2018-05-03 18:22:16,112985292,19546455516,112985292,173,8142,GCF_000002285.3,https://sra-downloadb.be-md.ncbi.nlm.nih.gov/sos12/sra-pub-zq-1214/SRR007/107/SRR7107704.sralite.1,SRX4035941,VN37,WGS,RANDOM,GENOMIC,PAIRED,0,0,ILLUMINA,Illumina HiSeq 2000,SRP144493,PRJNA448733,,448733,SRS520085,SAMN02485610,simple,9615,Canis lupus familiaris,VN37,,,,,,,no,,,,,NHGRI,SRA699439,,public,A47425A198B77BAAC41BE5F0C9AF2294,7AA53A30AAE7CADE27B767834C6540B2
SRR7107709,2018-05-09 00:10:51,2018-05-03 18:51:25,89915391,18162908982,89915391,202,7907,GCF_000002285.3,https://sra-downloadb.be-md.ncbi.nlm.nih.gov/sos12/sra-pub-zq-1214/SRR007/107/SRR7107709.sralite.1,SRX4035946,Lcu2_CTTGTA,WGS,RANDOM,GENOMIC,PAIRED,0,0,ILLUMINA,Illumina HiSeq 2000,SRP144493,PRJNA448733,,448733,SRS523207,SAMN02487034,simple,68736,Lycalopex culpaeus,Lcu2_Pastora,,,,,,,no,,,,,NHGRI,SRA699439,,public,FE800671BED56B3FD3443DFA43160858,4707617A2CCA4C70BAE9727C9BDFC42D
SRR7107705,2018-05-09 00:10:50,2018-05-03 18:27:39,128917966,26041429132,128917966,202,10584,GCF_000002285.3,https://sra-downloadb.be-md.ncbi.nlm.nih.gov/sos12/sra-pub-zq-1214/SRR007/107/SRR7107705.sralite.1,SRX4035942,VN4,WGS,RANDOM,GENOMIC,PAIRED,0,0,ILLUMINA,Illumina HiSeq 2000,SRP144493,PRJNA448733,,448733,SRS520086,SAMN02485611,simple,9615,Canis lupus familiaris,VN4,,,,,,,no,,,,,NHGRI,SRA699439,,public,6238EE38D1644B31CFEFD4543E5A530C,AA52435DA91287A84BAA4C52E00B5B31
SRR7107706,2018-05-09 00:10:51,2018-05-03 18:36:10,117411711,23717165622,117411711,202,8466,GCF_000002285.3,https://sra-downloadb.be-md.ncbi.nlm.nih.gov/sos12/sra-pub-zq-1214/SRR007/107/SRR7107706.sralite.1,SRX4035943,VN42,WGS,RANDOM,GENOMIC,PAIRED,0,0,ILLUMINA,Illumina HiSeq 2000,SRP144493,PRJNA448733,,448733,SRS520087,SAMN02485612,simple,9615,Canis lupus familiaris,VN42,,,,,,,no,,,,,NHGRI,SRA699439,,public,7754B29DB88A11F1B7B03F1204C0FAEF,95C4466C1CA99451BD4C9BF624D08BD5
SRR7107707,2018-05-09 00:10:51,2018-05-03 18:24:54,115928055,23417467110,115928055,202,9185,GCF_000002285.3,https://sra-downloadb.be-md.ncbi.nlm.nih.gov/sos12/sra-pub-zq-1214/SRR007/107/SRR7107707.sralite.1,SRX4035944,VN59,WGS,RANDOM,GENOMIC,PAIRED,0,0,ILLUMINA,Illumina HiSeq 2000,SRP144493,PRJNA448733,,448733,SRS520088,SAMN02485613,simple,9615,Canis lupus familiaris,VN59,,,,,,,no,,,,,NHGRI,SRA699439,,public,F19D0AD75A820DD57C46D73A3BA20081,3DD667A339AC1C006E4FDD92D0066CD0
SRR7107708,2018-05-09 00:10:51,2018-05-03 18:07:17,77739409,15703360618,77739409,202,5757,GCF_000002285.3,https://sra-downloadb.be-md.ncbi.nlm.nih.gov/sos12/sra-pub-zq-1214/SRR007/107/SRR7107708.sralite.1,SRX4035945,VN76,WGS,RANDOM,GENOMIC,PAIRED,0,0,ILLUMINA,Illumina HiSeq 2000,SRP144493,PRJNA448733,,448733,SRS520089,SAMN02485614,simple,9615,Canis lupus familiaris,VN76,,,,,,,no,,,,,NHGRI,SRA699439,,public,B36C82B33C725B735402D96012B8DA81,39EF3196F5E28246A08CA0A57661B6F4
SRR7107720,2018-05-09 00:10:51,2018-05-03 19:42:17,202588580,40517716000,202588580,200,15022,GCF_000002285.3,https://sra-downloadb.be-md.ncbi.nlm.nih.gov/sos12/sra-pub-zq-1214/SRR007/107/SRR7107720.sralite.1,SRX4035957,DQ25,WGS,unspecified,GENOMIC,PAIRED,0,0,ILLUMINA,Illumina HiSeq 2000,SRP144493,PRJNA448733,,448733,SRS540593,SAMN02585161,simple,9615,Canis lupus familiaris,DQ25,,,,,female,,no,,,,,NHGRI,SRA699439,,public,4CDB57CC2E91A0BE2D05D73C4DE42985,D4E358DDB0A6713A9F7D8F798DB6A47C
SRR7107721,2018-05-09 00:10:51,2018-05-03 19:29:28,210203199,42040639800,210203199,200,15614,GCF_000002285.3,https://sra-downloadb.be-md.ncbi.nlm.nih.gov/sos12/sra-pub-zq-1214/SRR007/107/SRR7107721.sralite.1,SRX4035958,DQ28,WGS,unspecified,GENOMIC,PAIRED,0,0,ILLUMINA,Illumina HiSeq 2000,SRP144493,PRJNA448733,,448733,SRS540594,SAMN02585162,simple,9615,Canis lupus familiaris,DQ28,,,,,female,,no,,,,,NHGRI,SRA699439,,public,64D1CDCE2B4D920A9E1CC0333FD0E16A,CEE3CAB2F18A396E1F2FF6D28F382FA7
SRR7107722,2018-05-09 00:10:51,2018-05-03 19:22:46,184116548,36823309600,184116548,200,14178,GCF_000002285.3,https://sra-downloadb.be-md.ncbi.nlm.nih.gov/sos12/sra-pub-zq-1214/SRR007/107/SRR7107722.sralite.1,SRX4035959,DQ29,WGS,unspecified,GENOMIC,PAIRED,0,0,ILLUMINA,Illumina HiSeq 2000,SRP144493,PRJNA448733,,448733,SRS540597,SAMN02585163,simple,9615,Canis lupus familiaris,DQ29,,,,,male,,no,,,,,NHGRI,SRA699439,,public,DD99210BEF7B6C8C825C74E215E0CE4D,A45230477860FD92D3967040C44E3252
SRR7107723,2018-05-09 00:10:51,2018-05-03 20:12:34,191990464,38398092800,191990464,200,15498,GCF_000002285.3,https://sra-downloadb.be-md.ncbi.nlm.nih.gov/sos12/sra-pub-zq-1214/SRR007/107/SRR7107723.sralite.1,SRX4035960,DQ32,WGS,unspecified,GENOMIC,PAIRED,0,0,ILLUMINA,Illumina HiSeq 2000,SRP144493,PRJNA448733,,448733,SRS540596,SAMN02585164,simple,9615,Canis lupus familiaris,DQ32,,,,,male,,no,,,,,NHGRI,SRA699439,,public,2A1628C070AB424D27154E06B7EE0EB7,159690455F16A640565126AF51669DE1
SRR7107724,2018-05-09 00:10:51,2018-05-03 19:47:47,201081902,40216380400,201081902,200,14843,GCF_000002285.3,https://sra-downloadb.be-md.ncbi.nlm.nih.gov/sos12/sra-pub-zq-1214/SRR007/107/SRR7107724.sralite.1,SRX4035961,DQ33,WGS,unspecified,GENOMIC,PAIRED,0,0,ILLUMINA,Illumina HiSeq 2000,SRP144493,PRJNA448733,,448733,SRS540598,SAMN02585165,simple,9615,Canis lupus familiaris,DQ33,,,,,female,,no,,,,,NHGRI,SRA699439,,public,D33E9616540CBD1F7884A200CE2CF6B9,C75F85AEB6E5476BE3938E3C9188EF51
SRR7107725,2018-05-09 00:10:51,2018-05-03 19:16:51,168341613,33668322600,168341613,200,12389,GCF_000002285.3,https://sra-downloadb.be-md.ncbi.nlm.nih.gov/sos12/sra-pub-zq-1214/SRR007/107/SRR7107725.sralite.1,SRX4035962,DQ45,WGS,unspecified,GENOMIC,PAIRED,0,0,ILLUMINA,Illumina HiSeq 2000,SRP144493,PRJNA448733,,448733,SRS540599,SAMN02585166,simple,9615,Canis lupus familiaris,DQ45,,,,,female,,no,,,,,NHGRI,SRA699439,,public,F8910EA500D9B6F5C1A2B46EA6D3DA0E,DC73E1F6FBC337D8241A17878BCFBA5C
SRR7107726,2018-05-09 00:10:51,2018-05-03 20:22:58,206645542,41329108400,206645542,200,16019,GCF_000002285.3,https://sra-downloadb.be-md.ncbi.nlm.nih.gov/sos12/sra-pub-zq-1214/SRR007/107/SRR7107726.sralite.1,SRX4035963,DQ52,WGS,unspecified,GENOMIC,PAIRED,0,0,ILLUMINA,Illumina HiSeq 2000,SRP144493,PRJNA448733,,448733,SRS540600,SAMN02585167,simple,9615,Canis lupus familiaris,DQ52,,,,,male,,no,,,,,NHGRI,SRA699439,,public,B5DC5A65F9791E160B2655E5BA8E17C0,60A11EEAB765D87B0A5FDD21338D71CD
SRR7107727,2018-05-09 00:10:51,2018-05-03 19:25:36,161332324,32266464800,161332324,200,12070,GCF_000002285.3,https://sra-downloadb.be-md.ncbi.nlm.nih.gov/sos12/sra-pub-zq-1214/SRR007/107/SRR7107727.sralite.1,SRX4035964,DQ54,WGS,unspecified,GENOMIC,PAIRED,0,0,ILLUMINA,Illumina HiSeq 2000,SRP144493,PRJNA448733,,448733,SRS540601,SAMN02585168,simple,9615,Canis lupus familiaris,DQ54,,,,,male,,no,,,,,NHGRI,SRA699439,,public,C2B2F535183DF91CA62EE4223010892D,EEB5A7F1C65DB6C6516D158AC4291CB1
SRR7107728,2018-05-09 00:10:51,2018-05-03 20:15:14,180169980,36394335960,180169980,202,14084,GCF_000002285.3,https://sra-downloadb.be-md.ncbi.nlm.nih.gov/sos12/sra-pub-zq-1214/SRR007/107/SRR7107728.sralite.1,SRX4035965,DQ59,WGS,unspecified,GENOMIC,PAIRED,0,0,ILLUMINA,Illumina HiSeq 2000,SRP144493,PRJNA448733,,448733,SRS540602,SAMN02585169,simple,9615,Canis lupus familiaris,DQ59,,,,,female,,no,,,,,NHGRI,SRA699439,,public,FB92A64E8F50F59FE901F6D741569C89,C4F612D7A8A38F9D523C3F1567002355
SRR7107729,2018-05-09 00:10:51,2018-05-03 20:16:28,199471207,39894241400,199471207,200,14711,GCF_000002285.3,https://sra-downloadb.be-md.ncbi.nlm.nih.gov/sos12/sra-pub-zq-1214/SRR007/107/SRR7107729.sralite.1,SRX4035966,DQ60,WGS,unspecified,GENOMIC,PAIRED,0,0,ILLUMINA,Illumina HiSeq 2000,SRP144493,PRJNA448733,,448733,SRS540603,SAMN02585170,simple,9615,Canis lupus familiaris,DQ60,,,,,male,,no,,,,,NHGRI,SRA699439,,public,561ABA32110A49B36DB2AF539241B78D,5D9E6A2611C324777BCC5E5FF65F6A28
SRR7107730,2018-05-09 00:10:51,2018-05-03 20:48:14,203196889,40639377800,203196889,200,14548,GCF_000002285.3,https://sra-downloadb.be-md.ncbi.nlm.nih.gov/sos12/sra-pub-zq-1214/SRR007/107/SRR7107730.sralite.1,SRX4035967,LJ1,WGS,unspecified,GENOMIC,PAIRED,0,0,ILLUMINA,Illumina HiSeq 2000,SRP144493,PRJNA448733,,448733,SRS540563,SAMN02585171,simple,9615,Canis lupus familiaris,LJ1,,,,,male,,no,,,,,NHGRI,SRA699439,,public,FC0D786006C99A012D32D8E8F1FEBB7E,5814369DE3B26CDAE6D9F7A70084AAC8
SRR7107731,2018-05-09 00:10:51,2018-05-03 21:01:30,202815944,40563188800,202815944,200,14797,GCF_000002285.3,https://sra-downloadb.be-md.ncbi.nlm.nih.gov/sos12/sra-pub-zq-1214/SRR007/107/SRR7107731.sralite.1,SRX4035968,LJ12,WGS,unspecified,GENOMIC,PAIRED,0,0,ILLUMINA,Illumina HiSeq 2000,SRP144493,PRJNA448733,,448733,SRS540568,SAMN02585172,simple,9615,Canis lupus familiaris,LJ12,,,,,male,,no,,,,,NHGRI,SRA699439,,public,EF469079CD2E994CA1936869B051333B,A0896FFE279357B35D0265B5D93981A9
SRR7107732,2018-05-09 00:10:51,2018-05-03 19:43:33,193705762,38741152400,193705762,200,14107,GCF_000002285.3,https://sra-downloadb.be-md.ncbi.nlm.nih.gov/sos12/sra-pub-zq-1214/SRR007/107/SRR7107732.sralite.1,SRX4035969,LJ13,WGS,unspecified,GENOMIC,PAIRED,0,0,ILLUMINA,Illumina HiSeq 2000,SRP144493,PRJNA448733,,448733,SRS540575,SAMN02585173,simple,9615,Canis lupus familiaris,LJ13,,,,,female,,no,,,,,NHGRI,SRA699439,,public,D020FEAC4327333704F4A303EDB1A5B9,5299B62CB03480C9040154A2B1C21EB4
SRR7107733,2018-05-09 00:10:51,2018-05-03 21:20:39,174003807,34800761400,174003807,200,12495,GCF_000002285.3,https://sra-downloadb.be-md.ncbi.nlm.nih.gov/sos12/sra-pub-zq-1214/SRR007/107/SRR7107733.sralite.1,SRX4035970,LJ2,WGS,unspecified,GENOMIC,PAIRED,0,0,ILLUMINA,Illumina HiSeq 2000,SRP144493,PRJNA448733,,448733,SRS540586,SAMN02585174,simple,9615,Canis lupus familiaris,LJ2,,,,,female,,no,,,,,NHGRI,SRA699439,,public,A5DDE2F88198BCF9DAE15176935D4DB0,81E28C52F936763ABA7CCDFE4F3EB26C
SRR7107734,2018-05-09 00:10:51,2018-05-03 19:47:26,185496761,37099352200,185496761,200,14341,GCF_000002285.3,https://sra-downloadb.be-md.ncbi.nlm.nih.gov/sos12/sra-pub-zq-1214/SRR007/107/SRR7107734.sralite.1,SRX4035971,LJ6,WGS,unspecified,GENOMIC,PAIRED,0,0,ILLUMINA,Illumina HiSeq 2000,SRP144493,PRJNA448733,,448733,SRS540587,SAMN02585175,simple,9615,Canis lupus familiaris,LJ6,,,,,female,,no,,,,,NHGRI,SRA699439,,public,EE4463BB8DE0C77F95D0826441DBEA93,AF33171373F5BBF879BC030C0723A478
SRR7107735,2018-05-09 00:10:51,2018-05-03 20:25:34,191699941,38339988200,191699941,200,14670,GCF_000002285.3,https://sra-downloadb.be-md.ncbi.nlm.nih.gov/sos12/sra-pub-zq-1214/SRR007/107/SRR7107735.sralite.1,SRX4035972,LJ8,WGS,unspecified,GENOMIC,PAIRED,0,0,ILLUMINA,Illumina HiSeq 2000,SRP144493,PRJNA448733,,448733,SRS540588,SAMN02585176,simple,9615,Canis lupus familiaris,LJ8,,,,,female,,no,,,,,NHGRI,SRA699439,,public,786CD74B1097BEEC7DCDF52879B5FE18,58BC20C5BD17D1D72BDCC3D8C5A19A8A
SRR7107736,2018-05-09 00:10:51,2018-05-03 19:53:29,164002524,32800504800,164002524,200,11710,GCF_000002285.3,https://sra-downloadb.be-md.ncbi.nlm.nih.gov/sos12/sra-pub-zq-1214/SRR007/107/SRR7107736.sralite.1,SRX4035973,WM3,WGS,unspecified,GENOMIC,PAIRED,0,0,ILLUMINA,Illumina HiSeq 2000,SRP144493,PRJNA448733,,448733,SRS540589,SAMN02585177,simple,9615,Canis lupus familiaris,WM3,,,,,female,,no,,,,,NHGRI,SRA699439,,public,D71D52CDAD246E0E85860C9297EBF147,C261C3EA6FE83A70ACEF4B498134407E
SRR7107737,2018-05-09 00:10:51,2018-05-03 20:14:51,194805451,38961090200,194805451,200,14668,GCF_000002285.3,https://sra-downloadb.be-md.ncbi.nlm.nih.gov/sos12/sra-pub-zq-1214/SRR007/107/SRR7107737.sralite.1,SRX4035974,YL1,WGS,unspecified,GENOMIC,PAIRED,0,0,ILLUMINA,Illumina HiSeq 2000,SRP144493,PRJNA448733,,448733,SRS540590,SAMN02585178,simple,9615,Canis lupus familiaris,YL1,,,,,male,,no,,,,,NHGRI,SRA699439,,public,A00F4CAA4510C529AB47EF448F8C6047,47B5B634DB3C750449880B810EC34FE0
SRR7107738,2018-05-09 00:10:51,2018-05-03 20:13:00,194731910,38946382000,194731910,200,14485,GCF_000002285.3,https://sra-downloadb.be-md.ncbi.nlm.nih.gov/sos12/sra-pub-zq-1214/SRR007/107/SRR7107738.sralite.1,SRX4035975,YL5,WGS,unspecified,GENOMIC,PAIRED,0,0,ILLUMINA,Illumina HiSeq 2000,SRP144493,PRJNA448733,,448733,SRS540591,SAMN02585179,simple,9615,Canis lupus familiaris,YL5,,,,,male,,no,,,,,NHGRI,SRA699439,,public,DB800965C0DA361670881E772954E669,87A1FA4F5A667D7FC65613F11E1E9B93
SRR7107739,2018-05-09 00:10:51,2018-05-03 20:08:04,186961335,37392267000,186961335,200,13526,GCF_000002285.3,https://sra-downloadb.be-md.ncbi.nlm.nih.gov/sos12/sra-pub-zq-1214/SRR007/107/SRR7107739.sralite.1,SRX4035976,YL7,WGS,unspecified,GENOMIC,PAIRED,0,0,ILLUMINA,Illumina HiSeq 2000,SRP144493,PRJNA448733,,448733,SRS540592,SAMN02585180,simple,9615,Canis lupus familiaris,YL7,,,,,male,,no,,,,,NHGRI,SRA699439,,public,C7BDF0BA8630D908B65B5CFF2C66542C,A237C46500D24E65A2AB2B2F9ABFCD84
SRR7107740,2018-05-09 00:10:51,2018-05-03 20:36:04,204543250,40908650000,204543250,200,15365,GCF_000002285.3,https://sra-downloadb.be-md.ncbi.nlm.nih.gov/sos12/sra-pub-zq-1214/SRR007/107/SRR7107740.sralite.1,SRX4035977,YJ01,WGS,unspecified,GENOMIC,PAIRED,0,0,ILLUMINA,Illumina HiSeq 2000,SRP144493,PRJNA448733,,448733,SRS540533,SAMN02585181,simple,9615,Canis lupus familiaris,YJ01,,,,,male,,no,,,,,NHGRI,SRA699439,,public,680E2D5D92031652ECA4148433A4EE2F,62D9077A04F897101BEC8067F1F62D18
SRR7107741,2018-05-09 00:10:51,2018-05-03 20:05:17,182682428,36536485600,182682428,200,15210,GCF_000002285.3,https://sra-downloadb.be-md.ncbi.nlm.nih.gov/sos12/sra-pub-zq-1214/SRR007/107/SRR7107741.sralite.1,SRX4035978,YJ03,WGS,unspecified,GENOMIC,PAIRED,0,0,ILLUMINA,Illumina HiSeq 2000,SRP144493,PRJNA448733,,448733,SRS540534,SAMN02585182,simple,9615,Canis lupus familiaris,YJ03,,,,,male,,no,,,,,NHGRI,SRA699439,,public,4F44F596E6B53CAE01DBC69DE9B7FDE2,9D454F3A8FA54B100C0F2B906FA9A1E0
SRR7107742,2018-05-09 00:10:51,2018-05-03 20:01:40,178796858,35759371600,178796858,200,14976,GCF_000002285.3,https://sra-downloadb.be-md.ncbi.nlm.nih.gov/sos12/sra-pub-zq-1214/SRR007/107/SRR7107742.sralite.1,SRX4035979,YJ08,WGS,unspecified,GENOMIC,PAIRED,0,0,ILLUMINA,Illumina HiSeq 2000,SRP144493,PRJNA448733,,448733,SRS540535,SAMN02585183,simple,9615,Canis lupus familiaris,YJ08,,,,,female,,no,,,,,NHGRI,SRA699439,,public,7DE4955729939AF23C829F7BD2835585,D146D4AB23C07DA28A8CA2D7EA158F45
SRR7107743,2018-05-09 00:10:51,2018-05-03 20:21:03,181537499,36307499800,181537499,200,15494,GCF_000002285.3,https://sra-downloadb.be-md.ncbi.nlm.nih.gov/sos12/sra-pub-zq-1214/SRR007/107/SRR7107743.sralite.1,SRX4035980,YJ10,WGS,unspecified,GENOMIC,PAIRED,0,0,ILLUMINA,Illumina HiSeq 2000,SRP144493,PRJNA448733,,448733,SRS540536,SAMN02585184,simple,9615,Canis lupus familiaris,YJ10,,,,,male,,no,,,,,NHGRI,SRA699439,,public,FE008614FE5E72EB48B05D400A68951E,9CCD5B56A6BECC06AD75E68ABC99B8CE
SRR7107744,2018-05-09 00:10:51,2018-05-03 20:21:54,175072504,35014500800,175072504,200,14942,GCF_000002285.3,https://sra-downloadb.be-md.ncbi.nlm.nih.gov/sos12/sra-pub-zq-1214/SRR007/107/SRR7107744.sralite.1,SRX4035981,YJ14,WGS,unspecified,GENOMIC,PAIRED,0,0,ILLUMINA,Illumina HiSeq 2000,SRP144493,PRJNA448733,,448733,SRS540537,SAMN02585185,simple,9615,Canis lupus familiaris,YJ14,,,,,female,,no,,,,,NHGRI,SRA699439,,public,BCAECC34965B0171FB47F90DE389D15E,EA29301316608CA9525A23E8DF5AED29
SRR7107745,2018-05-09 00:10:51,2018-05-03 19:58:00,190383130,38076626000,190383130,200,15394,GCF_000002285.3,https://sra-downloadb.be-md.ncbi.nlm.nih.gov/sos12/sra-pub-zq-1214/SRR007/107/SRR7107745.sralite.1,SRX4035982,YJ15,WGS,unspecified,GENOMIC,PAIRED,0,0,ILLUMINA,Illumina HiSeq 2000,SRP144493,PRJNA448733,,448733,SRS540538,SAMN02585186,simple,9615,Canis lupus familiaris,YJ15,,,,,female,,no,,,,,NHGRI,SRA699439,,public,BA1C958EB2E3C3E8FB6133D0DDBD7F4B,B8E516197369787241DBC8353E52747F
SRR7107746,2018-05-09 00:10:51,2018-05-03 20:38:15,184698014,36939602800,184698014,200,15560,GCF_000002285.3,https://sra-downloadb.be-md.ncbi.nlm.nih.gov/sos12/sra-pub-zq-1214/SRR007/107/SRR7107746.sralite.1,SRX4035983,YJ16,WGS,unspecified,GENOMIC,PAIRED,0,0,ILLUMINA,Illumina HiSeq 2000,SRP144493,PRJNA448733,,448733,SRS540543,SAMN02585187,simple,9615,Canis lupus familiaris,YJ16,,,,,male,,no,,,,,NHGRI,SRA699439,,public,11938C750D2280BBD30E68B5C93F3405,50BD8DFDB741A08C500446EB2D706CA8
SRR7107747,2018-05-09 00:10:51,2018-05-03 20:15:52,189042176,37808435200,189042176,200,15639,GCF_000002285.3,https://sra-downloadb.be-md.ncbi.nlm.nih.gov/sos12/sra-pub-zq-1214/SRR007/107/SRR7107747.sralite.1,SRX4035984,YJ17,WGS,unspecified,GENOMIC,PAIRED,0,0,ILLUMINA,Illumina HiSeq 2000,SRP144493,PRJNA448733,,448733,SRS540544,SAMN02585188,simple,9615,Canis lupus familiaris,YJ17,,,,,male,,no,,,,,NHGRI,SRA699439,,public,D847C89CFE82D4514B23468C2FF12F71,4A828FAF746277ACAFC32089996F5897
SRR7107748,2018-05-09 00:10:51,2018-05-03 20:03:31,188900228,37780045600,188900228,200,15311,GCF_000002285.3,https://sra-downloadb.be-md.ncbi.nlm.nih.gov/sos12/sra-pub-zq-1214/SRR007/107/SRR7107748.sralite.1,SRX4035985,YJ21,WGS,unspecified,GENOMIC,PAIRED,0,0,ILLUMINA,Illumina HiSeq 2000,SRP144493,PRJNA448733,,448733,SRS540545,SAMN02585189,simple,9615,Canis lupus familiaris,YJ21,,,,,female,,no,,,,,NHGRI,SRA699439,,public,CDCE1037272B9B6DE52536ECACBA0F21,171D0A3812C8B30B6110BE5ED9C17211
SRR7107749,2018-05-10 00:06:32,2018-05-03 23:22:57,197213246,39442649200,197213246,200,16031,GCF_000002285.3,https://sra-downloadb.be-md.ncbi.nlm.nih.gov/sos12/sra-pub-zq-1214/SRR007/107/SRR7107749.sralite.1,SRX4035986,YJ26,WGS,unspecified,GENOMIC,PAIRED,0,0,ILLUMINA,Illumina HiSeq 2000,SRP144493,PRJNA448733,,448733,SRS540546,SAMN02585190,simple,9615,Canis lupus familiaris,YJ26,,,,,female,,no,,,,,NHGRI,SRA699439,,public,6CBE1C35770FC02B143388AE27BC42AF,45EDB4FE9E75A88E4B082EF7CF5A026B
SRR7107771,2018-05-09 00:10:52,2018-05-03 18:19:35,92795983,18559196600,92795983,200,7552,GCF_000002285.3,https://sra-downloadb.be-md.ncbi.nlm.nih.gov/sos12/sra-pub-zq-1214/SRR007/107/SRR7107771.sralite.1,SRX4036008,alc,WGS,RANDOM,GENOMIC,PAIRED,0,0,ILLUMINA,Illumina HiSeq 1000,SRP144493,PRJNA448733,,448733,SRS661478,SAMN02921302,simple,9614,Canis latrans,alc,,,,,missing,,no,,,,,NHGRI,SRA699439,,public,FBA4DD930D4D27BA614AA03E8A0D5224,9D58DA79432B74576E39F35B273157C7
SRR7107770,2018-05-10 00:06:32,2018-05-03 21:02:59,324184315,64836863000,324184315,200,26733,GCF_000002285.3,https://sra-downloadb.be-md.ncbi.nlm.nih.gov/sos12/sra-pub-zq-1214/SRR007/107/SRR7107770.sralite.1,SRX4036007,cac,WGS,RANDOM,GENOMIC,PAIRED,0,0,ILLUMINA,Illumina HiSeq 1500,SRP144493,PRJNA448733,,448733,SRS661477,SAMN02921301,simple,9614,Canis latrans,cac,,,,,missing,,no,,,,,NHGRI,SRA699439,,public,3D67BD6F641E43C21675290F8A555F8F,DF1E55D59E92A3037947B5CCB8F3D72D
SRR7107776,2018-05-10 00:06:32,2018-05-04 00:05:29,323355211,64671042200,323355211,200,25568,GCF_000002285.3,https://sra-downloadb.be-md.ncbi.nlm.nih.gov/sos12/sra-pub-zq-1214/SRR007/107/SRR7107776.sralite.1,SRX4036013,glw,WGS,RANDOM,GENOMIC,PAIRED,0,0,ILLUMINA,Illumina HiSeq 1500,SRP144493,PRJNA448733,,448733,SRS661486,SAMN02921310,simple,9612,Canis lupus,glw,,,,,missing,,no,,,,,NHGRI,SRA699439,,public,433EF8FB45234F97B848ED62566B5D24,B3D745D8918494A6617F319C4827F28B
SRR7107777,2018-05-10 00:06:32,2018-05-03 21:56:26,330848358,66169671600,330848358,200,27132,GCF_000002285.3,https://sra-downloadb.be-md.ncbi.nlm.nih.gov/sos12/sra-pub-zq-1214/SRR007/107/SRR7107777.sralite.1,SRX4036014,inw,WGS,RANDOM,GENOMIC,PAIRED,0,0,ILLUMINA,Illumina HiSeq 1500,SRP144493,PRJNA448733,,448733,SRS661487,SAMN02921311,simple,9612,Canis lupus,inw,,,,,missing,,no,,,,,NHGRI,SRA699439,,public,DEC04FDBCFBF82E1C8CE026721BB9565,ACF14C44090C19660F98DBAA96FE9B1C
SRR7107772,2018-05-09 00:10:52,2018-05-03 18:17:27,109908386,21981677200,109908386,200,8977,GCF_000002285.3,https://sra-downloadb.be-md.ncbi.nlm.nih.gov/sos12/sra-pub-zq-1214/SRR007/107/SRR7107772.sralite.1,SRX4036009,mwc,WGS,RANDOM,GENOMIC,PAIRED,0,0,ILLUMINA,Illumina HiSeq 1000,SRP144493,PRJNA448733,,448733,SRS661479,SAMN02921303,simple,9614,Canis latrans,mwc,,,,,missing,,no,,,,,NHGRI,SRA699439,,public,A24701ED989E79C285EB7FFC307BBCD3,5320F32F5CCDD9ADC3BE16FC864A750F
SRR7107778,2018-05-09 00:10:52,2018-05-03 20:19:59,363740160,72748032000,363740160,200,29244,GCF_000002285.3,https://sra-downloadb.be-md.ncbi.nlm.nih.gov/sos12/sra-pub-zq-1214/SRR007/107/SRR7107778.sralite.1,SRX4036015,irw,WGS,RANDOM,GENOMIC,PAIRED,0,0,ILLUMINA,Illumina HiSeq 1000,SRP144493,PRJNA448733,,448733,SRS661488,SAMN02921312,simple,9612,Canis lupus,irw,,,,,missing,,no,,,,,NHGRI,SRA699439,,public,92E133B36927EA9C21F6C6DECD26A391,548322066C7A638B77E34471358F6872
SRR7107779,2018-05-09 00:10:52,2018-05-03 18:34:30,101737464,19330118160,101737464,190,8479,GCF_000002285.3,https://sra-downloadb.be-md.ncbi.nlm.nih.gov/sos12/sra-pub-zq-1214/SRR007/107/SRR7107779.sralite.1,SRX4036016,ita,WGS,RANDOM,GENOMIC,PAIRED,0,0,ILLUMINA,Illumina HiSeq 1000,SRP144493,PRJNA448733,,448733,SRS661489,SAMN02921313,simple,9612,Canis lupus,ita,,,,,missing,,no,,,,,NHGRI,SRA699439,,public,7E648F577000022C9EA834B942FD562B,A4560F0AFDA523C28A00A7A041F47B99
SRR7107780,2018-05-10 00:06:32,2018-05-03 21:09:18,309360136,61872027200,309360136,200,25389,GCF_000002285.3,https://sra-downloadb.be-md.ncbi.nlm.nih.gov/sos12/sra-pub-zq-1214/SRR007/107/SRR7107780.sralite.1,SRX4036017,mxa,WGS,RANDOM,GENOMIC,PAIRED,0,0,ILLUMINA,Illumina HiSeq 1000,SRP144493,PRJNA448733,,448733,SRS661490,SAMN02921314,simple,9612,Canis lupus,mxa,,,,,missing,,no,,,,,NHGRI,SRA699439,,public,26EFD9A357EEC3212952FC0279235487,A88AC78ABE2A01EE74A676B70E3543F0
SRR7107781,2018-05-09 00:10:52,2018-05-03 18:21:56,94903548,18031674120,94903548,190,8268,GCF_000002285.3,https://sra-downloadb.be-md.ncbi.nlm.nih.gov/sos12/sra-pub-zq-1214/SRR007/107/SRR7107781.sralite.1,SRX4036018,mxb,WGS,RANDOM,GENOMIC,PAIRED,0,0,ILLUMINA,Illumina HiSeq 1000,SRP144493,PRJNA448733,,448733,SRS661491,SAMN02921315,simple,9612,Canis lupus,mxb,,,,,missing,,no,,,,,NHGRI,SRA699439,,public,F303CC0ACFBC6D7F37C01F4581B462F4,7B7D0467B4705E8E062327E8BC77AE79
SRR7107782,2018-05-10 00:06:32,2018-05-04 02:51:24,343359918,68671983600,343359918,200,28123,GCF_000002285.3,https://sra-downloadb.be-md.ncbi.nlm.nih.gov/sos12/sra-pub-zq-1214/SRR007/107/SRR7107782.sralite.1,SRX4036019,ptw,WGS,RANDOM,GENOMIC,PAIRED,0,0,ILLUMINA,Illumina HiSeq 1500,SRP144493,PRJNA448733,,448733,SRS661492,SAMN02921316,simple,9612,Canis lupus,ptw,,,,,missing,,no,,,,,NHGRI,SRA699439,,public,0699B54100ED0B5C7E750AAE28B401F3,E8165EBB13F8D12EE4BC7D939328E4CC
SRR7107783,2018-05-10 00:06:32,2018-05-04 03:41:46,349238003,69847600600,349238003,200,28047,GCF_000002285.3,https://sra-downloadb.be-md.ncbi.nlm.nih.gov/sos12/sra-pub-zq-1214/SRR007/107/SRR7107783.sralite.1,SRX4036020,rwa,WGS,RANDOM,GENOMIC,PAIRED,0,0,ILLUMINA,Illumina HiSeq 1000,SRP144493,PRJNA448733,,448733,SRS661493,SAMN02921317,simple,9612,Canis lupus,rwa,,,,,missing,,no,,,,,NHGRI,SRA699439,,public,B9A74614CF8A3EA5AF0136349263D7DA,9165A9E5D07C9D6D80FCACE9D7375EC5
SRR7107784,2018-05-09 00:10:52,2018-05-03 18:22:32,103470289,19659354910,103470289,190,8028,GCF_000002285.3,https://sra-downloadb.be-md.ncbi.nlm.nih.gov/sos12/sra-pub-zq-1214/SRR007/107/SRR7107784.sralite.1,SRX4036021,rwb,WGS,RANDOM,GENOMIC,PAIRED,0,0,ILLUMINA,Illumina HiSeq 1000,SRP144493,PRJNA448733,,448733,SRS661494,SAMN02921318,simple,9612,Canis lupus,rwb,,,,,missing,,no,,,,,NHGRI,SRA699439,,public,750B5E58DF75668D5BA07DEC849870A7,26A8137AB18AAB1F502D240FCEB7F277
SRR7107785,2018-05-10 00:06:32,2018-05-03 20:44:53,348412685,69682537000,348412685,200,28555,GCF_000002285.3,https://sra-downloadb.be-md.ncbi.nlm.nih.gov/sos12/sra-pub-zq-1214/SRR007/107/SRR7107785.sralite.1,SRX4036022,spw,WGS,RANDOM,GENOMIC,PAIRED,0,0,ILLUMINA,Illumina HiSeq 1000,SRP144493,PRJNA448733,,448733,SRS661495,SAMN02921319,simple,9612,Canis lupus,spw,,,,,missing,,no,,,,,NHGRI,SRA699439,,public,901FC5D098BFE85AA5917219C88A1506,7A4858165D3DA7A5293D3B27B8F7B468
SRR7107786,2018-05-09 00:10:52,2018-05-03 19:56:48,340357438,68071487600,340357438,200,28271,GCF_000002285.3,https://sra-downloadb.be-md.ncbi.nlm.nih.gov/sos12/sra-pub-zq-1214/SRR007/107/SRR7107786.sralite.1,SRX4036023,ysa,WGS,RANDOM,GENOMIC,PAIRED,0,0,ILLUMINA,Illumina HiSeq 1000,SRP144493,PRJNA448733,,448733,SRS661496,SAMN02921320,simple,9612,Canis lupus,ysa,,,,,missing,,no,,,,,NHGRI,SRA699439,,public,96FCD296C6F4E25DA12AB129D328F8F4,A1E6ECCBBBF498FDE5050DB91DC12209
SRR7107787,2018-05-10 00:06:32,2018-05-04 00:19:22,315788557,63157711400,315788557,200,25830,GCF_000002285.3,https://sra-downloadb.be-md.ncbi.nlm.nih.gov/sos12/sra-pub-zq-1214/SRR007/107/SRR7107787.sralite.1,SRX4036024,ysb,WGS,RANDOM,GENOMIC,PAIRED,0,0,ILLUMINA,Illumina HiSeq 1000,SRP144493,PRJNA448733,,448733,SRS661497,SAMN02921321,simple,9612,Canis lupus,ysb,,,,,missing,,no,,,,,NHGRI,SRA699439,,public,44A59465EB36EFF2918BF95F6F524974,9C7245DE048E107B48955CB0D897B791
SRR7107846,2018-05-10 00:06:33,2018-05-03 22:01:49,203527399,41926644194,203527399,206,19742,GCF_000002285.3,https://sra-downloadb.be-md.ncbi.nlm.nih.gov/sos12/sra-pub-zq-1214/SRR007/107/SRR7107846.sralite.1,SRX4036083,LUPWCHN00003_PE611,WGS,RANDOM,GENOMIC,PAIRED,0,0,ILLUMINA,Illumina HiSeq 2000,SRP144493,PRJNA448733,,448733,SRS1135629,SAMN03168394,simple,9612,Canis lupus,LUPWCHN00003,,,,,missing,,no,,,,,NHGRI,SRA699439,,public,597D8351BD11DCD5743B8653D2AADB7D,49906375F80651E9280B44391FE78A9F
SRR7107845,2018-05-10 00:06:33,2018-05-03 22:30:07,186318018,35961813132,186318018,193,17025,GCF_000002285.3,https://sra-downloadb.be-md.ncbi.nlm.nih.gov/sos12/sra-pub-zq-1214/SRR007/107/SRR7107845.sralite.1,SRX4036082,LUPZCHN00002_PE611_1,WGS,RANDOM,GENOMIC,PAIRED,0,0,ILLUMINA,Illumina HiSeq 2000,SRP144493,PRJNA448733,,448733,SRS1135621,SAMN03168393,simple,9612,Canis lupus,LUPZCHN00002,,,,,missing,,no,,,,,NHGRI,SRA699439,,public,DDBD385840CDE2D373ADA5BA4819B4DF,3BC200AB79136E5F72A3A9E92D829376
SRR7107847,2018-05-09 00:10:52,2018-05-03 20:23:50,149940415,27975982440,149940415,186,13690,GCF_000002285.3,https://sra-downloadb.be-md.ncbi.nlm.nih.gov/sos12/sra-pub-zq-1214/SRR007/107/SRR7107847.sralite.1,SRX4036084,LUPZCHN00005_PE607_1,WGS,RANDOM,GENOMIC,PAIRED,0,0,ILLUMINA,Illumina HiSeq 2000,SRP144493,PRJNA448733,,448733,SRS1135620,SAMN03168395,simple,9612,Canis lupus,LUPZCHN00005,,,,,missing,,no,,,,,NHGRI,SRA699439,,public,CF53AFBBC1B6DE0A0EF21331D3C356A7,F83986CF4A6C5C0BA638DB74A1DD331E
SRR7107848,2018-05-09 00:10:52,2018-05-03 21:02:27,210749119,43414318514,210749119,206,19192,GCF_000002285.3,https://sra-downloadb.be-md.ncbi.nlm.nih.gov/sos12/sra-pub-zq-1214/SRR007/107/SRR7107848.sralite.1,SRX4036085,LUPZCHN00006_PE637,WGS,RANDOM,GENOMIC,PAIRED,0,0,ILLUMINA,Illumina HiSeq 2000,SRP144493,PRJNA448733,,448733,SRS1135626,SAMN03168396,simple,9612,Canis lupus,LUPZCHN00006,,,,,missing,,no,,,,,NHGRI,SRA699439,,public,B702E9B64C732D02C5F451FA1860B021,11F7C9E65DADF32555E1EF5961A2FE9E
SRR7107788,2018-05-09 00:10:52,2018-05-03 18:17:48,113130014,21494702660,113130014,190,10410,GCF_000002285.3,https://sra-downloadb.be-md.ncbi.nlm.nih.gov/sos12/sra-pub-zq-1214/SRR007/107/SRR7107788.sralite.1,SRX4036025,ysc,WGS,RANDOM,GENOMIC,PAIRED,0,0,ILLUMINA,Illumina HiSeq 1000,SRP144493,PRJNA448733,,448733,SRS661498,SAMN02921322,simple,9612,Canis lupus,ysc,,,,,missing,,no,,,,,NHGRI,SRA699439,,public,6C28548D4F9288EDB55B3B6EE6A7C7E7,0F1E9A75EC84FD0780A187F53C4CA830
SRR7107849,2018-05-10 00:06:33,2018-05-03 23:33:02,212597937,39118020408,212597937,184,19340,GCF_000002285.3,https://sra-downloadb.be-md.ncbi.nlm.nih.gov/sos12/sra-pub-zq-1214/SRR007/107/SRR7107849.sralite.1,SRX4036086,LUPWCHN00008_PE653,WGS,RANDOM,GENOMIC,PAIRED,0,0,ILLUMINA,Illumina HiSeq 2000,SRP144493,PRJNA448733,,448733,SRS1135628,SAMN03168397,simple,9612,Canis lupus,LUPWCHN00008,,,,,missing,,no,,,,,NHGRI,SRA699439,,public,B28D82704B617BBB69B7A0A4B0AF35E9,44187350B6D680F393B794F9799316E2
SRR7107850,2018-05-10 00:06:33,2018-05-03 22:12:35,381801164,76360232800,381801164,200,33733,GCF_000002285.3,https://sra-downloadb.be-md.ncbi.nlm.nih.gov/sos12/sra-pub-zq-1214/SRR007/107/SRR7107850.sralite.1,SRX4036087,LUPWCHN00009_PE644,WGS,RANDOM,GENOMIC,PAIRED,0,0,ILLUMINA,Illumina HiSeq 2000,SRP144493,PRJNA448733,,448733,SRS1135623,SAMN03168398,simple,9612,Canis lupus,LUPWCHN00009,,,,,missing,,no,,,,,NHGRI,SRA699439,,public,7F17DD8A00F02BEE5D785695B6E988B2,8C5099D84C1DA336ADE6A7403B5A522B
SRR7107851,2018-05-09 00:10:52,2018-05-03 20:33:08,225716968,46497695408,225716968,206,19840,GCF_000002285.3,https://sra-downloadb.be-md.ncbi.nlm.nih.gov/sos12/sra-pub-zq-1214/SRR007/107/SRR7107851.sralite.1,SRX4036088,LUPWCHN00010_PE600,WGS,RANDOM,GENOMIC,PAIRED,0,0,ILLUMINA,Illumina HiSeq 2000,SRP144493,PRJNA448733,,448733,SRS1135627,SAMN03168399,simple,9612,Canis lupus,LUPWCHN00010,,,,,missing,,no,,,,,NHGRI,SRA699439,,public,AC0496EAB1C400DC0CAE4FBD6DD6BC6F,AB4562C829DBEB40E924D5A567A92B8B
SRR7107852,2018-05-10 00:06:33,2018-05-03 20:39:43,285205677,57041135400,285205677,200,30812,GCF_000002285.3,https://sra-downloadb.be-md.ncbi.nlm.nih.gov/sos12/sra-pub-zq-1214/SRR007/107/SRR7107852.sralite.1,SRX4036089,LUPWCHN00013_PE636_1,WGS,RANDOM,GENOMIC,PAIRED,0,0,ILLUMINA,Illumina HiSeq 2000,SRP144493,PRJNA448733,,448733,SRS1135622,SAMN03168400,simple,9612,Canis lupus,LUPWCHN00013,,,,,missing,,no,,,,,NHGRI,SRA699439,,public,A9F1CCF2EC3B8A6BBFF3F98AD285846A,7DFCB6FEB6F4AD5CC3D4894A3C16ED76
SRR7107853,2018-05-10 00:06:33,2018-05-03 21:23:47,548518848,109703769600,548518848,200,42021,GCF_000002285.3,https://sra-downloadb.be-md.ncbi.nlm.nih.gov/sos12/sra-pub-zq-1214/SRR007/107/SRR7107853.sralite.1,SRX4036090,RUFZCHN00001_PE435_1,WGS,RANDOM,GENOMIC,PAIRED,0,0,ILLUMINA,Illumina HiSeq 2000,SRP144493,PRJNA448733,,448733,SRS1135619,SAMN03168405,simple,68730,Cuon alpinus,RUFZCHN00001,,,,,missing,,no,,,,,NHGRI,SRA699439,,public,79C681C094DA2E09CB57E218AF00EDD2,6C79EE6A0311F6C6294F9FF41362E62A
SRR7107873,2018-05-09 00:10:53,2018-05-03 18:44:06,70323286,14064657200,70323286,200,4761,GCF_000002285.3,https://sra-downloadb.be-md.ncbi.nlm.nih.gov/sos12/sra-pub-zq-1214/SRR007/107/SRR7107873.sralite.1,SRX4036110,GoldenJackal2x100@HWI-ST430,WGS,RANDOM,GENOMIC,PAIRED,0,0,ILLUMINA,Illumina HiSeq 2000,SRP144493,PRJNA448733,,448733,SRS1025419,SAMN03366713,simple,68724,Canis aureus,RKW1332,,,,,female,,no,,,,,NHGRI,SRA699439,,public,AEB750D69340BB352FA6F5C91FB8BDF6,5084FF950B9C26CD3AC74B50E0BAFD56
SRR7107871,2018-05-10 00:06:33,2018-05-03 22:34:46,347024323,69404864600,347024323,200,26314,GCF_000002285.3,https://sra-downloadb.be-md.ncbi.nlm.nih.gov/sos12/sra-pub-zq-1214/SRR007/107/SRR7107871.sralite.1,SRX4036108,ChineseWolf2x100@FCC0D8CACXX,WGS,RANDOM,GENOMIC,PAIRED,0,0,ILLUMINA,Illumina HiSeq 2000,SRP144493,PRJNA448733,,448733,SRS1025418,SAMN03366711,simple,9612,Canis lupus,RKW13451,,,,,female,,no,,,,,NHGRI,SRA699439,,public,81226004D1DD0D73397366510F7B0B9E,C2F94F30B32875FBB01B2A785EA74F47
SRR7107870,2018-05-09 00:10:52,2018-05-03 18:34:00,88060094,17788138988,88060094,202,6666,GCF_000002285.3,https://sra-downloadb.be-md.ncbi.nlm.nih.gov/sos12/sra-pub-zq-1214/SRR007/107/SRR7107870.sralite.1,SRX4036107,IsraeliWolf@BRISCO,WGS,RANDOM,GENOMIC,PAIRED,0,0,ILLUMINA,Illumina HiSeq 2000,SRP144493,PRJNA448733,,448733,SRS1025423,SAMN03366710,simple,9612,Canis lupus,RKW13759,,,,,female,,no,,,,,NHGRI,SRA699439,,public,CF4982BBD509A1AADFBA80F44036FA11,C0C487AE6657C5637B915D63FF58F7DF
SRR7107869,2018-05-09 00:10:52,2018-05-03 18:27:20,85541565,17108313000,85541565,200,6421,GCF_000002285.3,https://sra-downloadb.be-md.ncbi.nlm.nih.gov/sos12/sra-pub-zq-1214/SRR007/107/SRR7107869.sralite.1,SRX4036106,Dingo2x100@HWI-ST430,WGS,RANDOM,GENOMIC,PAIRED,0,0,ILLUMINA,Illumina HiSeq 2000,SRP144493,PRJNA448733,,448733,SRS1025425,SAMN03366709,simple,286419,Canis lupus dingo,RKW13760,,,,,male,,no,,,,,NHGRI,SRA699439,,public,DD86C4F7B07915655982A101EE9415A3,72412D3923C33F7269B79B9057D99BA4
SRR7107872,2018-05-09 00:10:53,2018-05-03 18:55:36,116221006,23476643212,116221006,202,9348,GCF_000002285.3,https://sra-downloadb.be-md.ncbi.nlm.nih.gov/sos12/sra-pub-zq-1214/SRR007/107/SRR7107872.sralite.1,SRX4036109,CroatianWolf2x100@BRISCOE,WGS,RANDOM,GENOMIC,PAIRED,0,0,ILLUMINA,Illumina HiSeq 2000,SRP144493,PRJNA448733,,448733,SRS1025420,SAMN03366712,simple,9612,Canis lupus,RKW3919,,,,,female,,no,,,,,NHGRI,SRA699439,,public,E6877138F4F51ADED9C85379A23DBA56,991339B7B1D78F35873EC15F2C199405
SRR7107907,2018-05-09 00:10:53,2018-05-03 19:59:09,379685886,68343459480,379685886,180,26156,GCF_000002285.3,https://sra-downloadb.be-md.ncbi.nlm.nih.gov/sos12/sra-pub-zq-1214/SRR007/107/SRR7107907.sralite.1,SRX4036144,SZAXPI012802-14,WGS,other,GENOMIC,PAIRED,0,0,ILLUMINA,Illumina HiSeq 2000,SRP144493,PRJNA448733,,448733,SRS933415,SAMN03652998,simple,246881,Canis lupus chanco,BGI-01505070002,,,,,,,no,,,,,NHGRI,SRA699439,,public,C5FBB22848912822CB0BD1C360981E99,51426A9C6D300A0B4B521BD1858CEAEC
SRR7107910,2018-05-09 00:10:53,2018-05-03 20:04:15,381624023,68692324140,381624023,180,26116,GCF_000002285.3,https://sra-downloadb.be-md.ncbi.nlm.nih.gov/sos12/sra-pub-zq-1214/SRR007/107/SRR7107910.sralite.1,SRX4036147,SZAXPI012808-15,WGS,other,GENOMIC,PAIRED,0,0,ILLUMINA,Illumina HiSeq 2000,SRP144493,PRJNA448733,,448733,SRS933418,SAMN03653001,simple,246881,Canis lupus chanco,BGI-01505070003,,,,,,,no,,,,,NHGRI,SRA699439,,public,643924911A6A8D267A4C9A3E6A1F592D,4B33A6A09D54E6FBA406382EDB547895
SRR7107908,2018-05-10 00:06:33,2018-05-03 22:45:53,380640293,68515252740,380640293,180,26808,GCF_000002285.3,https://sra-downloadb.be-md.ncbi.nlm.nih.gov/sos12/sra-pub-zq-1214/SRR007/107/SRR7107908.sralite.1,SRX4036145,SZAXPI012803-19,WGS,other,GENOMIC,PAIRED,0,0,ILLUMINA,Illumina HiSeq 2000,SRP144493,PRJNA448733,,448733,SRS933416,SAMN03652999,simple,246881,Canis lupus chanco,BGI-01505070005,,,,,,,no,,,,,NHGRI,SRA699439,,public,87F7C58A17C292B54EEB031C2A3EDDAB,B84E253B2E57308FDE1CC358DC99DEAB
SRR7107909,2018-05-10 00:06:33,2018-05-04 03:00:05,343304311,61794775980,343304311,180,24913,GCF_000002285.3,https://sra-downloadb.be-md.ncbi.nlm.nih.gov/sos12/sra-pub-zq-1214/SRR007/107/SRR7107909.sralite.1,SRX4036146,SZAXPI012804-22,WGS,other,GENOMIC,PAIRED,0,0,ILLUMINA,Illumina HiSeq 2000,SRP144493,PRJNA448733,,448733,SRS933417,SAMN03653000,simple,246881,Canis lupus chanco,BGI-01505070007,,,,,,,no,,,,,NHGRI,SRA699439,,public,169BD53E1B0E649003AF5F58D1A8DF17,A492790C807F5038963E49E6E0915E29
SRR7107906,2018-05-09 00:10:53,2018-05-03 20:28:23,378057760,68050396800,378057760,180,26174,GCF_000002285.3,https://sra-downloadb.be-md.ncbi.nlm.nih.gov/sos12/sra-pub-zq-1214/SRR007/107/SRR7107906.sralite.1,SRX4036143,SZAXPI014377-129,WGS,other,GENOMIC,PAIRED,0,0,ILLUMINA,Illumina HiSeq 2000,SRP144493,PRJNA448733,,448733,SRS933414,SAMN03652997,simple,246881,Canis lupus chanco,BGI-01505070008,,,,,,,no,,,,,NHGRI,SRA699439,,public,EED0830038F072FE9DED1D0E1A65C032,3835713B0D70EE65E9F2BBF328B3FC0F
SRR7107912,2018-05-09 00:10:53,2018-05-03 19:57:21,375205868,67537056240,375205868,180,27380,GCF_000002285.3,https://sra-downloadb.be-md.ncbi.nlm.nih.gov/sos12/sra-pub-zq-1214/SRR007/107/SRR7107912.sralite.1,SRX4036149,SZAXPI012813-13,WGS,other,GENOMIC,PAIRED,0,0,ILLUMINA,Illumina HiSeq 2000,SRP144493,PRJNA448733,,448733,SRS933420,SAMN03653003,simple,246881,Canis lupus chanco,BGI-01505070001,,,,,,,no,,,,,NHGRI,SRA699439,,public,07BE23F47E13892F261241CC670510C9,5C6CBA1D0EA26F36E4AC80CB82B10005
SRR7107913,2018-05-09 00:10:53,2018-05-03 19:54:36,359505333,64710959940,359505333,180,26771,GCF_000002285.3,https://sra-downloadb.be-md.ncbi.nlm.nih.gov/sos12/sra-pub-zq-1214/SRR007/107/SRR7107913.sralite.1,SRX4036150,SZAXPI012815-18,WGS,other,GENOMIC,PAIRED,0,0,ILLUMINA,Illumina HiSeq 2000,SRP144493,PRJNA448733,,448733,SRS933421,SAMN03653004,simple,246881,Canis lupus chanco,BGI-01505070004,,,,,,,no,,,,,NHGRI,SRA699439,,public,9BC5291B8A94475A0B4114F413D840AE,01252301743287807606861E0D91B5F8
SRR7107911,2018-05-10 00:06:33,2018-05-04 02:40:04,378972646,68215076280,378972646,180,26647,GCF_000002285.3,https://sra-downloadb.be-md.ncbi.nlm.nih.gov/sos12/sra-pub-zq-1214/SRR007/107/SRR7107911.sralite.1,SRX4036148,SZAXPI012812-26,WGS,other,GENOMIC,PAIRED,0,0,ILLUMINA,Illumina HiSeq 2000,SRP144493,PRJNA448733,,448733,SRS933419,SAMN03653002,simple,246881,Canis lupus chanco,BGI-01505070006,,,,,,,no,,,,,NHGRI,SRA699439,,public,76E5FE2A7949F632D26CE992FDD3693D,7F9BFD4EA6B3244A15AC5C3EC8C39567
SRR7107942,2018-05-10 00:06:33,2018-05-04 00:32:39,305927479,94153147162,305927479,307,36349,GCF_000002285.3,https://sra-downloadb.be-md.ncbi.nlm.nih.gov/sos12/sra-pub-zq-1214/SRR007/107/SRR7107942.sralite.1,SRX4036179,IBW_wgs_1,WGS,RANDOM,GENOMIC,PAIRED,0,0,ILLUMINA,Illumina HiSeq 2500,SRP144493,PRJNA448733,,448733,SRS1397562,SAMN04851099,simple,425934,Canis lupus signatus,Penelope,,,,,female,,no,,,,,NHGRI,SRA699439,,public,9619F4744AD72304962177546FCC7C5F,660A2021050AA79BCC87803790D49581
SRR7107938,2018-05-09 00:10:53,2018-05-03 20:42:48,204144324,40828864800,204144324,200,15820,GCF_000002285.3,https://sra-downloadb.be-md.ncbi.nlm.nih.gov/sos12/sra-pub-zq-1214/SRR007/107/SRR7107938.sralite.1,SRX4036175,RKW1387,WGS,unspecified,GENOMIC,PAIRED,0,0,ILLUMINA,Illumina HiSeq 2000,SRP144493,PRJNA448733,,448733,SRS1136754,SAMN04209256,simple,9612,Canis lupus,RKW1387,,,,,not collected,,no,,,,,NHGRI,SRA699439,,public,DBF40E5E2B0AAD0764D3A572DC83B90C,45D5833FE7A6542E84B4FA4A3AE0194C
SRR7107945,2018-05-09 00:10:53,2018-05-03 19:27:42,102573046,20719755292,102573046,202,7949,GCF_000002285.3,https://sra-downloadb.be-md.ncbi.nlm.nih.gov/sos12/sra-pub-zq-1214/SRR007/107/SRR7107945.sralite.1,SRX4036182,1756_lib1,WGS,RANDOM,GENOMIC,PAIRED,0,0,ILLUMINA,Illumina HiSeq 2000,SRP144493,PRJNA448733,,448733,SRS1397565,SAMN04851104,simple,9615,Canis lupus familiaris,1756,,,,,female,,no,,,,,NHGRI,SRA699439,,public,240D3C6E7F94E28C044DA2047BF4008A,E0A8AF2561DD37D39A61D22F201E81BE
SRR7107953,2018-05-09 00:10:53,2018-05-03 19:17:15,170865116,17257376716,0,101,5963,GCF_000002285.3,https://sra-downloadb.be-md.ncbi.nlm.nih.gov/sos12/sra-pub-zq-1214/SRR007/107/SRR7107953.sralite.1,SRX4036190,AlaskanWolf,WGS,RANDOM,GENOMIC,SINGLE,0,0,ILLUMINA,Illumina HiSeq 2000,SRP144493,PRJNA448733,,448733,SRS1589013,SAMN05439956,simple,9612,Canis lupus,AlaskanWolf,,,,,not determined,,no,,,,,NHGRI,SRA699439,,public,5FC9ABD98907A48982C6BF232EB0221E,969524D23AC9D72EBF519D98ACA8E01A
SRR7107944,2018-05-09 00:10:53,2018-05-03 19:09:25,152818158,27507268440,152818158,180,7001,GCF_000002285.3,https://sra-downloadb.be-md.ncbi.nlm.nih.gov/sos12/sra-pub-zq-1214/SRR007/107/SRR7107944.sralite.1,SRX4036181,Dog05,WGS,RANDOM,GENOMIC,PAIRED,0,0,ILLUMINA,Illumina HiSeq 2000,SRP144493,PRJNA448733,,448733,SRS1397564,SAMN04851103,simple,9615,Canis lupus familiaris,Dog05,,,,,male,,no,,,,,NHGRI,SRA699439,,public,07B32E55062EED0ED93C028B549CC47D,CE36CE868903015F30AA365841126384
SRR7107943,2018-05-09 00:10:53,2018-05-03 20:58:20,200119280,37246558992,200119280,186,14979,GCF_000002285.3,https://sra-downloadb.be-md.ncbi.nlm.nih.gov/sos12/sra-pub-zq-1214/SRR007/107/SRR7107943.sralite.1,SRX4036180,PT49,WGS,RANDOM,GENOMIC,PAIRED,0,0,ILLUMINA,Illumina HiSeq 2000,SRP144493,PRJNA448733,,448733,SRS1397563,SAMN04851101,simple,9615,Canis lupus familiaris,PT49,,,,,male,,no,,,,,NHGRI,SRA699439,,public,E34D111AD15D56A61C16DE7284EB2766,2E666C764156E7180B37C96299752147
SRR7107954,2018-05-09 00:10:53,2018-05-03 19:09:11,103177840,14548075440,0,141,5572,GCF_000002285.3,https://sra-downloadb.be-md.ncbi.nlm.nih.gov/sos12/sra-pub-zq-1214/SRR007/107/SRR7107954.sralite.1,SRX4036191,QuebecWolf,WGS,RANDOM,GENOMIC,SINGLE,0,0,ILLUMINA,Illumina HiSeq 2000,SRP144493,PRJNA448733,,448733,SRS1677740,SAMN05736724,simple,9614,Canis latrans,QuebecWolf,,,,,not determined,,no,,,,,NHGRI,SRA699439,,public,970E76CCEF651A59140F5AC752E66ABD,1516953DDB3B153520E3B03DE8F73A3F
SRR7107957,2018-05-09 00:10:53,2018-05-03 19:17:00,112134477,15810961257,0,141,6464,GCF_000002285.3,https://sra-downloadb.be-md.ncbi.nlm.nih.gov/sos12/sra-pub-zq-1214/SRR007/107/SRR7107957.sralite.1,SRX4036194,AlgonquinWolf13467,WGS,RANDOM,GENOMIC,SINGLE,0,0,ILLUMINA,Illumina HiSeq 2000,SRP144493,PRJNA448733,,448733,SRS1704985,SAMN05791669,simple,9612,Canis lupus,AlgonquinWolf13467,,,,,not determined,,no,,,,,NHGRI,SRA699439,,public,24503376F9BD9AB115A86BA6FD2F556E,10F144BEF2591E501430ACB082788969
SRR7107956,2018-05-09 00:10:53,2018-05-03 19:16:15,122960251,17337395391,0,141,5922,GCF_000002285.3,https://sra-downloadb.be-md.ncbi.nlm.nih.gov/sos12/sra-pub-zq-1214/SRR007/107/SRR7107956.sralite.1,SRX4036193,AlgonquinWolf13470,WGS,RANDOM,GENOMIC,PAIRED,0,0,ILLUMINA,Illumina HiSeq 2000,SRP144493,PRJNA448733,,448733,SRS1704945,SAMN05791668,simple,9612,Canis lupus,AlgonquinWolf13470,,,,,not determined,,no,,,,,NHGRI,SRA699439,,public,7A896AEEBDC1353141E5460876D52EFF,CAB571B71035DEBF608B487269FE9C9E
SRR7107987,2018-05-10 00:06:33,2018-05-03 21:15:30,373851745,112155523500,373851745,300,40896,GCF_000002285.3,https://sra-downloadb.be-md.ncbi.nlm.nih.gov/sos12/sra-pub-zq-1214/SRR007/107/SRR7107987.sralite.1,SRX4036224,IM5_HLCFKCCXX_L3,WGS,RANDOM,GENOMIC,PAIRED,0,0,ILLUMINA,Illumina HiSeq 2000,SRP144493,PRJNA448733,,448733,SRS1915941,SAMN06219538,simple,9612,Canis lupus,im5,,,,,not applicable,,no,,,,,NHGRI,SRA699439,,public,BE61185242BA92928AC43837F3F493E2,CE3392F1651CB546D6390D68A8D22081
SRR7107988,2018-05-10 00:06:33,2018-05-03 21:54:15,356316863,106895058900,356316863,300,41793,GCF_000002285.3,https://sra-downloadb.be-md.ncbi.nlm.nih.gov/sos12/sra-pub-zq-1214/SRR007/107/SRR7107988.sralite.1,SRX4036225,Ti3_L6,WGS,RANDOM,GENOMIC,PAIRED,0,0,ILLUMINA,Illumina HiSeq 2000,SRP144493,PRJNA448733,,448733,SRS1915940,SAMN06219539,simple,9612,Canis lupus,ti3,,,,,not applicable,,no,,,,,NHGRI,SRA699439,,public,152649CD443B7C5CB2348CAB16722094,7C84AE9078C9AE55D68CA009A4EC3557
SRR7352837,2018-06-18 11:03:12,2018-06-18 10:50:49,835450,168760900,835450,202,103,,https://sra-downloadb.be-md.ncbi.nlm.nih.gov/sos9/sra-pub-zq-922/SRR007/352/SRR7352837.sralite.1,SRX4225892,Wolfnextera80,POOLCLONE,RANDOM,GENOMIC,PAIRED,0,0,ILLUMINA,Illumina HiSeq 2000,SRP150718,PRJNA476541,,476541,SRS1397562,SAMN04851099,simple,425934,Canis lupus signatus,Penelope,,,,,female,,no,,,,,UNIVERSITY OF MICHIGAN,SRA723763,,public,EA178CE7A268E9DA01EF121CF6D1B499,4CBE448EF988EE1EA7D3AF6719DA591A
SRR7352832,2018-06-18 11:03:12,2018-06-18 10:50:31,1037883,209652366,1037883,202,128,,https://sra-downloadb.be-md.ncbi.nlm.nih.gov/sos9/sra-pub-zq-922/SRR007/352/SRR7352832.sralite.1,SRX4225897,Wolfnextera42,POOLCLONE,RANDOM,GENOMIC,PAIRED,0,0,ILLUMINA,Illumina HiSeq 2000,SRP150718,PRJNA476541,,476541,SRS1397562,SAMN04851099,simple,425934,Canis lupus signatus,Penelope,,,,,female,,no,,,,,UNIVERSITY OF MICHIGAN,SRA723763,,public,DB81180C54EF5E301237FF42D5C93CBE,C6F23247453188C043AD6AD039E0AE61
SRR7352833,2018-06-18 11:15:25,2018-06-18 10:59:21,13266444,2679821688,13266444,202,1596,,https://sra-downloadb.be-md.ncbi.nlm.nih.gov/sos12/sra-pub-zq-1214/SRR007/352/SRR7352833.sralite.1,SRX4225896,Wolfnextera9,POOLCLONE,RANDOM,GENOMIC,PAIRED,0,0,ILLUMINA,Illumina HiSeq 2000,SRP150718,PRJNA476541,,476541,SRS1397562,SAMN04851099,simple,425934,Canis lupus signatus,Penelope,,,,,female,,no,,,,,UNIVERSITY OF MICHIGAN,SRA723763,,public,1FE99A3258EA32C9822406D05933360E,8019BE362C71435976E4834C8ED36AC9
SRR7352834,2018-06-18 11:06:20,2018-06-18 10:51:14,2711518,547726636,2711518,202,332,,https://sra-downloadb.be-md.ncbi.nlm.nih.gov/sos9/sra-pub-zq-922/SRR007/352/SRR7352834.sralite.1,SRX4225895,Wolfnextera55,POOLCLONE,RANDOM,GENOMIC,PAIRED,0,0,ILLUMINA,Illumina HiSeq 2000,SRP150718,PRJNA476541,,476541,SRS1397562,SAMN04851099,simple,425934,Canis lupus signatus,Penelope,,,,,female,,no,,,,,UNIVERSITY OF MICHIGAN,SRA723763,,public,2B61F240E89D43C415FBB4516F8774D6,7639E22D608E12ECB9587B1ECD42F70A
SRR7352835,2018-06-18 11:02:12,2018-06-18 10:50:33,413598,83546796,413598,202,50,,https://sra-downloadb.be-md.ncbi.nlm.nih.gov/sos12/sra-pub-zq-1216/SRR007/352/SRR7352835.sralite.1,SRX4225894,Wolfnextera90,POOLCLONE,RANDOM,GENOMIC,PAIRED,0,0,ILLUMINA,Illumina HiSeq 2000,SRP150718,PRJNA476541,,476541,SRS1397562,SAMN04851099,simple,425934,Canis lupus signatus,Penelope,,,,,female,,no,,,,,UNIVERSITY OF MICHIGAN,SRA723763,,public,026BD701BDA8BD303B026AB8DB19E015,5658A18299E008EB11B28A399912BB26
SRR7352836,2018-06-18 11:10:19,2018-06-18 10:53:37,8058706,1627858612,8058706,202,982,,https://sra-downloadb.be-md.ncbi.nlm.nih.gov/sos12/sra-pub-zq-1214/SRR007/352/SRR7352836.sralite.1,SRX4225893,Wolfnextera4,POOLCLONE,RANDOM,GENOMIC,PAIRED,0,0,ILLUMINA,Illumina HiSeq 2000,SRP150718,PRJNA476541,,476541,SRS1397562,SAMN04851099,simple,425934,Canis lupus signatus,Penelope,,,,,female,,no,,,,,UNIVERSITY OF MICHIGAN,SRA723763,,public,F7A45C80E1A273751944E7AB14B51743,E90D7ACEBB900006ABA20DD76020AECE
SRR7352827,2018-06-18 11:09:12,2018-06-18 10:52:44,2902988,586403576,2902988,202,352,,https://sra-downloadb.be-md.ncbi.nlm.nih.gov/sos12/sra-pub-zq-1216/SRR007/352/SRR7352827.sralite.1,SRX4225902,Wolfnextera129,POOLCLONE,RANDOM,GENOMIC,PAIRED,0,0,ILLUMINA,Illumina HiSeq 2000,SRP150718,PRJNA476541,,476541,SRS1397562,SAMN04851099,simple,425934,Canis lupus signatus,Penelope,,,,,female,,no,,,,,UNIVERSITY OF MICHIGAN,SRA723763,,public,BE2E6CC3DC2B902FAD3AFC3A63EE4B56,A69B485A4D050AB9B2ADDC1E8080EA17
SRR7352828,2018-06-18 10:58:15,2018-06-18 10:49:35,2301,464802,2301,202,0,,https://sra-downloadb.be-md.ncbi.nlm.nih.gov/sos9/sra-pub-zq-922/SRR007/352/SRR7352828.sralite.1,SRX4225901,Wolfnextera92,POOLCLONE,RANDOM,GENOMIC,PAIRED,0,0,ILLUMINA,Illumina HiSeq 2000,SRP150718,PRJNA476541,,476541,SRS1397562,SAMN04851099,simple,425934,Canis lupus signatus,Penelope,,,,,female,,no,,,,,UNIVERSITY OF MICHIGAN,SRA723763,,public,2376E8DA20611DF0697CB351C6C912D0,B756AC5ADD668F37C48FC6B23A533307
SRR7352829,2018-06-18 11:00:15,2018-06-18 10:49:43,383265,77419530,383265,202,47,,https://sra-downloadb.be-md.ncbi.nlm.nih.gov/sos12/sra-pub-zq-1216/SRR007/352/SRR7352829.sralite.1,SRX4225900,Wolfnextera75,POOLCLONE,RANDOM,GENOMIC,PAIRED,0,0,ILLUMINA,Illumina HiSeq 2000,SRP150718,PRJNA476541,,476541,SRS1397562,SAMN04851099,simple,425934,Canis lupus signatus,Penelope,,,,,female,,no,,,,,UNIVERSITY OF MICHIGAN,SRA723763,,public,DFB827A71C9C775CEFD27D816078E723,346FE589A8C4219690B5C70AAA1F1866
SRR7352830,2018-06-18 11:12:13,2018-06-18 10:55:09,5942508,1200386616,5942508,202,723,,https://sra-downloadb.be-md.ncbi.nlm.nih.gov/sos12/sra-pub-zq-1214/SRR007/352/SRR7352830.sralite.1,SRX4225899,Wolfnextera12,POOLCLONE,RANDOM,GENOMIC,PAIRED,0,0,ILLUMINA,Illumina HiSeq 2000,SRP150718,PRJNA476541,,476541,SRS1397562,SAMN04851099,simple,425934,Canis lupus signatus,Penelope,,,,,female,,no,,,,,UNIVERSITY OF MICHIGAN,SRA723763,,public,2C77A9A717A779EBC260795F79FEAD08,93A464843BBA2BC071E5750A1BDD4FA7
SRR7352831,2018-06-18 11:02:12,2018-06-18 10:50:16,1821026,367847252,1821026,202,221,,https://sra-downloadb.be-md.ncbi.nlm.nih.gov/sos9/sra-pub-zq-922/SRR007/352/SRR7352831.sralite.1,SRX4225898,Wolfnextera121,POOLCLONE,RANDOM,GENOMIC,PAIRED,0,0,ILLUMINA,Illumina HiSeq 2000,SRP150718,PRJNA476541,,476541,SRS1397562,SAMN04851099,simple,425934,Canis lupus signatus,Penelope,,,,,female,,no,,,,,UNIVERSITY OF MICHIGAN,SRA723763,,public,502310CE02EF9133E3BD99BB1621EC29,E815F5B3DD1D0B3FD25BEC24639B1AC6
SRR7352822,2018-06-18 11:03:12,2018-06-18 10:50:26,2059747,416068894,2059747,202,250,,https://sra-downloadb.be-md.ncbi.nlm.nih.gov/sos9/sra-pub-zq-922/SRR007/352/SRR7352822.sralite.1,SRX4225907,Wolfnextera101,POOLCLONE,RANDOM,GENOMIC,PAIRED,0,0,ILLUMINA,Illumina HiSeq 2000,SRP150718,PRJNA476541,,476541,SRS1397562,SAMN04851099,simple,425934,Canis lupus signatus,Penelope,,,,,female,,no,,,,,UNIVERSITY OF MICHIGAN,SRA723763,,public,0F76DC0F2123C229342F61FE5CCDAEE2,C840FD5CFFB4DDC2D15CDDE32F578A23
SRR7352823,2018-06-18 11:15:25,2018-06-18 11:08:35,21880693,4419899986,21880693,202,2659,,https://sra-downloadb.be-md.ncbi.nlm.nih.gov/sos12/sra-pub-zq-1214/SRR007/352/SRR7352823.sralite.1,SRX4225906,Wolfnextera7,POOLCLONE,RANDOM,GENOMIC,PAIRED,0,0,ILLUMINA,Illumina HiSeq 2000,SRP150718,PRJNA476541,,476541,SRS1397562,SAMN04851099,simple,425934,Canis lupus signatus,Penelope,,,,,female,,no,,,,,UNIVERSITY OF MICHIGAN,SRA723763,,public,A504D2D728D906462BED0DD563E0326D,D961B841B75F94189A34B05791A9BCAF
SRR7352824,2018-06-18 11:08:13,2018-06-18 10:52:06,2802225,566049450,2802225,202,338,,https://sra-downloadb.be-md.ncbi.nlm.nih.gov/sos12/sra-pub-zq-1216/SRR007/352/SRR7352824.sralite.1,SRX4225905,Wolfnextera130,POOLCLONE,RANDOM,GENOMIC,PAIRED,0,0,ILLUMINA,Illumina HiSeq 2000,SRP150718,PRJNA476541,,476541,SRS1397562,SAMN04851099,simple,425934,Canis lupus signatus,Penelope,,,,,female,,no,,,,,UNIVERSITY OF MICHIGAN,SRA723763,,public,5FDC77694B92C4C4CC4E13B71904CBF6,BF6250DBD6C3F3036D2143F8C3B70E73
SRR7352825,2018-06-18 11:02:12,2018-06-18 10:50:19,1913508,386528616,1913508,202,231,,https://sra-downloadb.be-md.ncbi.nlm.nih.gov/sos9/sra-pub-zq-922/SRR007/352/SRR7352825.sralite.1,SRX4225904,Wolfnextera134,POOLCLONE,RANDOM,GENOMIC,PAIRED,0,0,ILLUMINA,Illumina HiSeq 2000,SRP150718,PRJNA476541,,476541,SRS1397562,SAMN04851099,simple,425934,Canis lupus signatus,Penelope,,,,,female,,no,,,,,UNIVERSITY OF MICHIGAN,SRA723763,,public,614F7641E4BAD7E2BC34E5D41C1771B3,D60FBAC9A73C6B44688E00F237E87520
SRR7352826,2018-06-18 11:09:12,2018-06-18 10:52:50,5100903,1030382406,5100903,202,608,,https://sra-downloadb.be-md.ncbi.nlm.nih.gov/sos12/sra-pub-zq-1214/SRR007/352/SRR7352826.sralite.1,SRX4225903,Wolfnextera33,POOLCLONE,RANDOM,GENOMIC,PAIRED,0,0,ILLUMINA,Illumina HiSeq 2000,SRP150718,PRJNA476541,,476541,SRS1397562,SAMN04851099,simple,425934,Canis lupus signatus,Penelope,,,,,female,,no,,,,,UNIVERSITY OF MICHIGAN,SRA723763,,public,602D2C5F95FB3DD13B5E0888E01A9008,BE7D78ED8FD1529A70BE4AEB8E1063D2
SRR7352817,2018-06-18 11:08:13,2018-06-18 10:52:09,4496823,908358246,4496823,202,541,,https://sra-downloadb.be-md.ncbi.nlm.nih.gov/sos12/sra-pub-zq-1216/SRR007/352/SRR7352817.sralite.1,SRX4225912,Wolfnextera131,POOLCLONE,RANDOM,GENOMIC,PAIRED,0,0,ILLUMINA,Illumina HiSeq 2000,SRP150718,PRJNA476541,,476541,SRS1397562,SAMN04851099,simple,425934,Canis lupus signatus,Penelope,,,,,female,,no,,,,,UNIVERSITY OF MICHIGAN,SRA723763,,public,80A24999E6AA893C13FF9403AA95E31F,3230AAB5435D900765703113245EB58B
SRR7352818,2018-06-18 10:58:15,2018-06-18 10:49:37,28375,5731750,28375,202,3,,https://sra-downloadb.be-md.ncbi.nlm.nih.gov/sos9/sra-pub-zq-922/SRR007/352/SRR7352818.sralite.1,SRX4225911,Wolfnextera49,POOLCLONE,RANDOM,GENOMIC,PAIRED,0,0,ILLUMINA,Illumina HiSeq 2000,SRP150718,PRJNA476541,,476541,SRS1397562,SAMN04851099,simple,425934,Canis lupus signatus,Penelope,,,,,female,,no,,,,,UNIVERSITY OF MICHIGAN,SRA723763,,public,96994247391E9447117C24705170B5E7,20ED49F496D3735DE85FF974C107CAAA
SRR7352819,2018-06-18 11:09:12,2018-06-18 10:53:24,3901203,788043006,3901203,202,467,,https://sra-downloadb.be-md.ncbi.nlm.nih.gov/sos12/sra-pub-zq-1214/SRR007/352/SRR7352819.sralite.1,SRX4225910,Wolfnextera35,POOLCLONE,RANDOM,GENOMIC,PAIRED,0,0,ILLUMINA,Illumina HiSeq 2000,SRP150718,PRJNA476541,,476541,SRS1397562,SAMN04851099,simple,425934,Canis lupus signatus,Penelope,,,,,female,,no,,,,,UNIVERSITY OF MICHIGAN,SRA723763,,public,A11C88D12E0B203BBF46054AC77AA920,E82EBB637520484EC521F6F5D463429B
SRR7352820,2018-06-18 11:04:14,2018-06-18 10:50:46,2858230,577362460,2858230,202,345,,https://sra-downloadb.be-md.ncbi.nlm.nih.gov/sos9/sra-pub-zq-922/SRR007/352/SRR7352820.sralite.1,SRX4225909,Wolfnextera13,POOLCLONE,RANDOM,GENOMIC,PAIRED,0,0,ILLUMINA,Illumina HiSeq 2000,SRP150718,PRJNA476541,,476541,SRS1397562,SAMN04851099,simple,425934,Canis lupus signatus,Penelope,,,,,female,,no,,,,,UNIVERSITY OF MICHIGAN,SRA723763,,public,FFE1AFF1AD7D62A47AB43D15E50F66F4,8BFF15CF244816948380EAB2B9C83887
SRR7352821,2018-06-18 11:08:13,2018-06-18 10:51:41,5673755,1146098510,5673755,202,680,,https://sra-downloadb.be-md.ncbi.nlm.nih.gov/sos12/sra-pub-zq-1216/SRR007/352/SRR7352821.sralite.1,SRX4225908,Wolfnextera23,POOLCLONE,RANDOM,GENOMIC,PAIRED,0,0,ILLUMINA,Illumina HiSeq 2000,SRP150718,PRJNA476541,,476541,SRS1397562,SAMN04851099,simple,425934,Canis lupus signatus,Penelope,,,,,female,,no,,,,,UNIVERSITY OF MICHIGAN,SRA723763,,public,91AE63738AB7288BBF55F4B819D3AFF5,F6917651F09D25343DEB07CF473CEF56
SRR7352812,2018-06-18 11:02:12,2018-06-18 10:50:14,1499691,302937582,1499691,202,182,,https://sra-downloadb.be-md.ncbi.nlm.nih.gov/sos9/sra-pub-zq-922/SRR007/352/SRR7352812.sralite.1,SRX4225917,Wolfnextera123,POOLCLONE,RANDOM,GENOMIC,PAIRED,0,0,ILLUMINA,Illumina HiSeq 2000,SRP150718,PRJNA476541,,476541,SRS1397562,SAMN04851099,simple,425934,Canis lupus signatus,Penelope,,,,,female,,no,,,,,UNIVERSITY OF MICHIGAN,SRA723763,,public,915699AF39FE3883AC90778A3F4027EA,BF405754F801BE5D1A7D7E04E333C45E
SRR7352813,2018-06-18 11:00:15,2018-06-18 10:49:48,569745,115088490,569745,202,69,,https://sra-downloadb.be-md.ncbi.nlm.nih.gov/sos12/sra-pub-zq-1214/SRR007/352/SRR7352813.sralite.1,SRX4225916,Wolfnextera87,POOLCLONE,RANDOM,GENOMIC,PAIRED,0,0,ILLUMINA,Illumina HiSeq 2000,SRP150718,PRJNA476541,,476541,SRS1397562,SAMN04851099,simple,425934,Canis lupus signatus,Penelope,,,,,female,,no,,,,,UNIVERSITY OF MICHIGAN,SRA723763,,public,0DFB7338FFA193D4521FA260B11C7F0A,E68358EE1CC3A23E4E887E9A77E6FA31
SRR7352814,2018-06-18 11:08:13,2018-06-18 10:52:00,5866018,1184935636,5866018,202,717,,https://sra-downloadb.be-md.ncbi.nlm.nih.gov/sos9/sra-pub-zq-922/SRR007/352/SRR7352814.sralite.1,SRX4225915,Wolfnextera3,POOLCLONE,RANDOM,GENOMIC,PAIRED,0,0,ILLUMINA,Illumina HiSeq 2000,SRP150718,PRJNA476541,,476541,SRS1397562,SAMN04851099,simple,425934,Canis lupus signatus,Penelope,,,,,female,,no,,,,,UNIVERSITY OF MICHIGAN,SRA723763,,public,D2B3A3DBF29A4193A074CE858DCB9C9E,198287B928CF6AD6EC43741DAF6BE146
SRR7352815,2018-06-18 11:00:15,2018-06-18 10:49:51,558376,112791952,558376,202,68,,https://sra-downloadb.be-md.ncbi.nlm.nih.gov/sos12/sra-pub-zq-1214/SRR007/352/SRR7352815.sralite.1,SRX4225914,Wolfnextera77,POOLCLONE,RANDOM,GENOMIC,PAIRED,0,0,ILLUMINA,Illumina HiSeq 2000,SRP150718,PRJNA476541,,476541,SRS1397562,SAMN04851099,simple,425934,Canis lupus signatus,Penelope,,,,,female,,no,,,,,UNIVERSITY OF MICHIGAN,SRA723763,,public,D6CF470A05BDF942B7C4716FC5DF4AEF,1CC3039555F61C9981EAB6EA73051A40
SRR7352816,2018-06-18 11:02:12,2018-06-18 10:50:19,2137626,431800452,2137626,202,259,,https://sra-downloadb.be-md.ncbi.nlm.nih.gov/sos9/sra-pub-zq-922/SRR007/352/SRR7352816.sralite.1,SRX4225913,Wolfnextera95,POOLCLONE,RANDOM,GENOMIC,PAIRED,0,0,ILLUMINA,Illumina HiSeq 2000,SRP150718,PRJNA476541,,476541,SRS1397562,SAMN04851099,simple,425934,Canis lupus signatus,Penelope,,,,,female,,no,,,,,UNIVERSITY OF MICHIGAN,SRA723763,,public,D59EFCD63565F8F1B7AE5ADE0E082609,B5661E66542583490B205AABD22962C1
SRR7352807,2018-06-18 10:58:15,2018-06-18 10:49:42,256472,51807344,256472,202,32,,https://sra-downloadb.be-md.ncbi.nlm.nih.gov/sos9/sra-pub-zq-922/SRR007/352/SRR7352807.sralite.1,SRX4225922,Wolfnextera76,POOLCLONE,RANDOM,GENOMIC,PAIRED,0,0,ILLUMINA,Illumina HiSeq 2000,SRP150718,PRJNA476541,,476541,SRS1397562,SAMN04851099,simple,425934,Canis lupus signatus,Penelope,,,,,female,,no,,,,,UNIVERSITY OF MICHIGAN,SRA723763,,public,F8AE8645D19D85F331180AE517EE0768,6073CCD42D977F4850DEE4F97556ADA8
SRR7352808,2018-06-18 11:02:12,2018-06-18 10:50:17,2113661,426959522,2113661,202,259,,https://sra-downloadb.be-md.ncbi.nlm.nih.gov/sos12/sra-pub-zq-1216/SRR007/352/SRR7352808.sralite.1,SRX4225921,Wolfnextera136,POOLCLONE,RANDOM,GENOMIC,PAIRED,0,0,ILLUMINA,Illumina HiSeq 2000,SRP150718,PRJNA476541,,476541,SRS1397562,SAMN04851099,simple,425934,Canis lupus signatus,Penelope,,,,,female,,no,,,,,UNIVERSITY OF MICHIGAN,SRA723763,,public,811A07194A7515EDBA122EF617D1663B,9CF946ABDC32D58ACA965161F4D4B3BF
SRR7352809,2018-06-18 11:00:15,2018-06-18 10:49:55,704996,142409192,704996,202,85,,https://sra-downloadb.be-md.ncbi.nlm.nih.gov/sos12/sra-pub-zq-1214/SRR007/352/SRR7352809.sralite.1,SRX4225920,Wolfnextera26,POOLCLONE,RANDOM,GENOMIC,PAIRED,0,0,ILLUMINA,Illumina HiSeq 2000,SRP150718,PRJNA476541,,476541,SRS1397562,SAMN04851099,simple,425934,Canis lupus signatus,Penelope,,,,,female,,no,,,,,UNIVERSITY OF MICHIGAN,SRA723763,,public,641EE9DCD5AB8D86AD8B2E6747CA2B17,1EF4113B25014F7DFCCCC0DB0BE86B34
SRR7352810,2018-06-18 11:02:12,2018-06-18 10:50:12,1353812,273470024,1353812,202,164,,https://sra-downloadb.be-md.ncbi.nlm.nih.gov/sos12/sra-pub-zq-1214/SRR007/352/SRR7352810.sralite.1,SRX4225919,Wolfnextera126,POOLCLONE,RANDOM,GENOMIC,PAIRED,0,0,ILLUMINA,Illumina HiSeq 2000,SRP150718,PRJNA476541,,476541,SRS1397562,SAMN04851099,simple,425934,Canis lupus signatus,Penelope,,,,,female,,no,,,,,UNIVERSITY OF MICHIGAN,SRA723763,,public,2FC2F3E3AF9A28B9A7397F32F242F07A,ECCFAE848C6145359651DB79188DA57D
SRR7352811,2018-06-18 11:08:13,2018-06-18 10:51:26,4588110,926798220,4588110,202,555,,https://sra-downloadb.be-md.ncbi.nlm.nih.gov/sos12/sra-pub-zq-1216/SRR007/352/SRR7352811.sralite.1,SRX4225918,Wolfnextera142,POOLCLONE,RANDOM,GENOMIC,PAIRED,0,0,ILLUMINA,Illumina HiSeq 2000,SRP150718,PRJNA476541,,476541,SRS1397562,SAMN04851099,simple,425934,Canis lupus signatus,Penelope,,,,,female,,no,,,,,UNIVERSITY OF MICHIGAN,SRA723763,,public,0091373CDAC7A2E55898D09FADC2E184,F5004248EAC457C6342B729B249246AE
SRR7352802,2018-06-18 11:47:17,2018-06-18 11:32:31,8462819,1709489438,8462819,202,1024,,https://sra-downloadb.be-md.ncbi.nlm.nih.gov/sos12/sra-pub-zq-1216/SRR007/352/SRR7352802.sralite.1,SRX4225927,Wolfnextera34,POOLCLONE,RANDOM,GENOMIC,PAIRED,0,0,ILLUMINA,Illumina HiSeq 2000,SRP150718,PRJNA476541,,476541,SRS1397562,SAMN04851099,simple,425934,Canis lupus signatus,Penelope,,,,,female,,no,,,,,UNIVERSITY OF MICHIGAN,SRA723763,,public,961B5C32D2AD5F695102718135190B1E,057DC9A66A91BCFF050DD8AFEA9A4209
SRR7352803,2018-06-18 11:06:20,2018-06-18 10:50:51,3691504,745683808,3691504,202,448,,https://sra-downloadb.be-md.ncbi.nlm.nih.gov/sos9/sra-pub-zq-922/SRR007/352/SRR7352803.sralite.1,SRX4225926,Wolfnextera127,POOLCLONE,RANDOM,GENOMIC,PAIRED,0,0,ILLUMINA,Illumina HiSeq 2000,SRP150718,PRJNA476541,,476541,SRS1397562,SAMN04851099,simple,425934,Canis lupus signatus,Penelope,,,,,female,,no,,,,,UNIVERSITY OF MICHIGAN,SRA723763,,public,C96ADB14D452F21691E68D0D9920DC42,09D1C87B8DB920A1E9FE8DC5386C3013
SRR7352804,2018-06-18 11:02:12,2018-06-18 10:50:09,1307536,264122272,1307536,202,159,,https://sra-downloadb.be-md.ncbi.nlm.nih.gov/sos12/sra-pub-zq-1214/SRR007/352/SRR7352804.sralite.1,SRX4225925,Wolfnextera71,POOLCLONE,RANDOM,GENOMIC,PAIRED,0,0,ILLUMINA,Illumina HiSeq 2000,SRP150718,PRJNA476541,,476541,SRS1397562,SAMN04851099,simple,425934,Canis lupus signatus,Penelope,,,,,female,,no,,,,,UNIVERSITY OF MICHIGAN,SRA723763,,public,6D6A129A19A8C9FD4251FFD5FE0A00C4,668D43209F94B9270790F1672DB5DA94
SRR7352805,2018-06-18 11:00:15,2018-06-18 10:49:59,1068916,215921032,1068916,202,128,,https://sra-downloadb.be-md.ncbi.nlm.nih.gov/sos12/sra-pub-zq-1214/SRR007/352/SRR7352805.sralite.1,SRX4225924,Wolfnextera28,POOLCLONE,RANDOM,GENOMIC,PAIRED,0,0,ILLUMINA,Illumina HiSeq 2000,SRP150718,PRJNA476541,,476541,SRS1397562,SAMN04851099,simple,425934,Canis lupus signatus,Penelope,,,,,female,,no,,,,,UNIVERSITY OF MICHIGAN,SRA723763,,public,6BC9A22749B898771BA7EC49F169A560,D1F85CEBEAA1B5B864D7473FE61FDDD0
SRR7352806,2018-06-18 10:58:15,2018-06-18 10:49:31,3284,663368,3284,202,0,,https://sra-downloadb.be-md.ncbi.nlm.nih.gov/sos9/sra-pub-zq-922/SRR007/352/SRR7352806.sralite.1,SRX4225923,Wolfnextera137,POOLCLONE,RANDOM,GENOMIC,PAIRED,0,0,ILLUMINA,Illumina HiSeq 2000,SRP150718,PRJNA476541,,476541,SRS1397562,SAMN04851099,simple,425934,Canis lupus signatus,Penelope,,,,,female,,no,,,,,UNIVERSITY OF MICHIGAN,SRA723763,,public,935A2F68D46BA8FF0367BB111493E884,C78B0A088C856880ADE1C14E492AFBB4
SRR7352797,2018-06-18 11:02:12,2018-06-18 10:50:20,2177997,439955394,2177997,202,263,,https://sra-downloadb.be-md.ncbi.nlm.nih.gov/sos9/sra-pub-zq-922/SRR007/352/SRR7352797.sralite.1,SRX4225932,Wolfnextera111,POOLCLONE,RANDOM,GENOMIC,PAIRED,0,0,ILLUMINA,Illumina HiSeq 2000,SRP150718,PRJNA476541,,476541,SRS1397562,SAMN04851099,simple,425934,Canis lupus signatus,Penelope,,,,,female,,no,,,,,UNIVERSITY OF MICHIGAN,SRA723763,,public,314A0ADFA10515F6ADDCE4F9FBC4F055,7C3DB822D189EEC9879271B7096A54B4
SRR7352798,2018-06-18 11:02:12,2018-06-18 10:50:09,359870,72693740,359870,202,44,,https://sra-downloadb.be-md.ncbi.nlm.nih.gov/sos12/sra-pub-zq-1214/SRR007/352/SRR7352798.sralite.1,SRX4225931,Wolfnextera52,POOLCLONE,RANDOM,GENOMIC,PAIRED,0,0,ILLUMINA,Illumina HiSeq 2000,SRP150718,PRJNA476541,,476541,SRS1397562,SAMN04851099,simple,425934,Canis lupus signatus,Penelope,,,,,female,,no,,,,,UNIVERSITY OF MICHIGAN,SRA723763,,public,74D2DE9764F9B8541D4D0751905F9FBA,819C4C99D5B3DD61392927BC8A7FCD41
SRR7352799,2018-06-18 11:06:20,2018-06-18 10:50:55,4152651,838835502,4152651,202,504,,https://sra-downloadb.be-md.ncbi.nlm.nih.gov/sos12/sra-pub-zq-1216/SRR007/352/SRR7352799.sralite.1,SRX4225930,Wolfnextera140,POOLCLONE,RANDOM,GENOMIC,PAIRED,0,0,ILLUMINA,Illumina HiSeq 2000,SRP150718,PRJNA476541,,476541,SRS1397562,SAMN04851099,simple,425934,Canis lupus signatus,Penelope,,,,,female,,no,,,,,UNIVERSITY OF MICHIGAN,SRA723763,,public,37F96655B0F345316E90CACE9B2E2698,5BBB37980FFF2F1F1EB24771564E8E7B
SRR7352800,2018-06-18 11:02:12,2018-06-18 10:50:20,2222269,448898338,2222269,202,269,,https://sra-downloadb.be-md.ncbi.nlm.nih.gov/sos12/sra-pub-zq-1216/SRR007/352/SRR7352800.sralite.1,SRX4225929,Wolfnextera114,POOLCLONE,RANDOM,GENOMIC,PAIRED,0,0,ILLUMINA,Illumina HiSeq 2000,SRP150718,PRJNA476541,,476541,SRS1397562,SAMN04851099,simple,425934,Canis lupus signatus,Penelope,,,,,female,,no,,,,,UNIVERSITY OF MICHIGAN,SRA723763,,public,033A570F94E6401237904CCAED70A0B0,62B6AF8C13876AECE5F68139E0B16C9D
SRR7352801,2018-06-18 11:03:12,2018-06-18 10:50:36,2675195,540389390,2675195,202,325,,https://sra-downloadb.be-md.ncbi.nlm.nih.gov/sos9/sra-pub-zq-922/SRR007/352/SRR7352801.sralite.1,SRX4225928,Wolfnextera104,POOLCLONE,RANDOM,GENOMIC,PAIRED,0,0,ILLUMINA,Illumina HiSeq 2000,SRP150718,PRJNA476541,,476541,SRS1397562,SAMN04851099,simple,425934,Canis lupus signatus,Penelope,,,,,female,,no,,,,,UNIVERSITY OF MICHIGAN,SRA723763,,public,434E7E8F80347132E3878F777BE35160,917CFE8B6F003913717F0D163EBB84DE
SRR7352792,2018-06-18 10:58:15,2018-06-18 10:49:32,4610,931220,4610,202,0,,https://sra-downloadb.be-md.ncbi.nlm.nih.gov/sos9/sra-pub-zq-922/SRR007/352/SRR7352792.sralite.1,SRX4225937,Wolfnextera143,POOLCLONE,RANDOM,GENOMIC,PAIRED,0,0,ILLUMINA,Illumina HiSeq 2000,SRP150718,PRJNA476541,,476541,SRS1397562,SAMN04851099,simple,425934,Canis lupus signatus,Penelope,,,,,female,,no,,,,,UNIVERSITY OF MICHIGAN,SRA723763,,public,730348C539A898E693173C4BC9A9C2F4,A1D49344E7FBEF36B50179367A8C1603
SRR7352793,2018-06-18 11:02:12,2018-06-18 10:50:20,2013490,406724980,2013490,202,248,,https://sra-downloadb.be-md.ncbi.nlm.nih.gov/sos12/sra-pub-zq-1216/SRR007/352/SRR7352793.sralite.1,SRX4225936,Wolfnextera40,POOLCLONE,RANDOM,GENOMIC,PAIRED,0,0,ILLUMINA,Illumina HiSeq 2000,SRP150718,PRJNA476541,,476541,SRS1397562,SAMN04851099,simple,425934,Canis lupus signatus,Penelope,,,,,female,,no,,,,,UNIVERSITY OF MICHIGAN,SRA723763,,public,70407911031A6A30B847E3026F16B245,9027E7AFCD2093538ACB7F36E6490EFE
SRR7352794,2018-06-18 11:00:15,2018-06-18 10:49:58,877438,177242476,877438,202,108,,https://sra-downloadb.be-md.ncbi.nlm.nih.gov/sos12/sra-pub-zq-1214/SRR007/352/SRR7352794.sralite.1,SRX4225935,Wolfnextera68,POOLCLONE,RANDOM,GENOMIC,PAIRED,0,0,ILLUMINA,Illumina HiSeq 2000,SRP150718,PRJNA476541,,476541,SRS1397562,SAMN04851099,simple,425934,Canis lupus signatus,Penelope,,,,,female,,no,,,,,UNIVERSITY OF MICHIGAN,SRA723763,,public,8610B4122C21986AB7FFFC6B14FC2A04,F0EBB5D141EF96D6BA7E92E05FEB71FB
SRR7352795,2018-06-18 11:00:15,2018-06-18 10:49:44,340929,68867658,340929,202,41,,https://sra-downloadb.be-md.ncbi.nlm.nih.gov/sos12/sra-pub-zq-1216/SRR007/352/SRR7352795.sralite.1,SRX4225934,Wolfnextera86,POOLCLONE,RANDOM,GENOMIC,PAIRED,0,0,ILLUMINA,Illumina HiSeq 2000,SRP150718,PRJNA476541,,476541,SRS1397562,SAMN04851099,simple,425934,Canis lupus signatus,Penelope,,,,,female,,no,,,,,UNIVERSITY OF MICHIGAN,SRA723763,,public,8DC1123FE11796B89E1A211B73650D7E,E9F1D3D1D1609BCA7A9F9EAD481874E5
SRR7352796,2018-06-18 11:08:13,2018-06-18 10:52:01,6785357,1370642114,6785357,202,846,,https://sra-downloadb.be-md.ncbi.nlm.nih.gov/sos9/sra-pub-zq-922/SRR007/352/SRR7352796.sralite.1,SRX4225933,Wolfnextera116,POOLCLONE,RANDOM,GENOMIC,PAIRED,0,0,ILLUMINA,Illumina HiSeq 2000,SRP150718,PRJNA476541,,476541,SRS1397562,SAMN04851099,simple,425934,Canis lupus signatus,Penelope,,,,,female,,no,,,,,UNIVERSITY OF MICHIGAN,SRA723763,,public,071F56BF693002B347702EE1CDAE7490,F3D08BC68F472D155ABA47283BD682F5
SRR7352787,2018-06-18 11:13:12,2018-06-18 10:57:18,14606510,2950515020,14606510,202,1755,,https://sra-downloadb.be-md.ncbi.nlm.nih.gov/sos12/sra-pub-zq-1214/SRR007/352/SRR7352787.sralite.1,SRX4225942,Wolfnextera31,POOLCLONE,RANDOM,GENOMIC,PAIRED,0,0,ILLUMINA,Illumina HiSeq 2000,SRP150718,PRJNA476541,,476541,SRS1397562,SAMN04851099,simple,425934,Canis lupus signatus,Penelope,,,,,female,,no,,,,,UNIVERSITY OF MICHIGAN,SRA723763,,public,008BB4A7906DDDC2C0BB8C0AA4845CAF,A212676F1858A67D8F3E611869E0AB22
SRR7352788,2018-06-18 11:03:12,2018-06-18 10:50:25,2181462,440655324,2181462,202,266,,https://sra-downloadb.be-md.ncbi.nlm.nih.gov/sos12/sra-pub-zq-1216/SRR007/352/SRR7352788.sralite.1,SRX4225941,Wolfnextera122,POOLCLONE,RANDOM,GENOMIC,PAIRED,0,0,ILLUMINA,Illumina HiSeq 2000,SRP150718,PRJNA476541,,476541,SRS1397562,SAMN04851099,simple,425934,Canis lupus signatus,Penelope,,,,,female,,no,,,,,UNIVERSITY OF MICHIGAN,SRA723763,,public,4C62295D63F0A949B2FE902705E969A3,463C507DE3B1D5BED2B6ECE7C010897F
SRR7352789,2018-06-18 10:58:15,2018-06-18 10:49:43,266042,53740484,266042,202,32,,https://sra-downloadb.be-md.ncbi.nlm.nih.gov/sos12/sra-pub-zq-1216/SRR007/352/SRR7352789.sralite.1,SRX4225940,Wolfnextera139,POOLCLONE,RANDOM,GENOMIC,PAIRED,0,0,ILLUMINA,Illumina HiSeq 2000,SRP150718,PRJNA476541,,476541,SRS1397562,SAMN04851099,simple,425934,Canis lupus signatus,Penelope,,,,,female,,no,,,,,UNIVERSITY OF MICHIGAN,SRA723763,,public,DD6DDAA4D7371B9AB9361E0E768BB89A,36E4316E4F34E6B7F45A5C4482F94F7E
SRR7352790,2018-06-18 11:10:19,2018-06-18 10:53:55,7309553,1476529706,7309553,202,894,,https://sra-downloadb.be-md.ncbi.nlm.nih.gov/sos12/sra-pub-zq-1214/SRR007/352/SRR7352790.sralite.1,SRX4225939,Wolfnextera8,POOLCLONE,RANDOM,GENOMIC,PAIRED,0,0,ILLUMINA,Illumina HiSeq 2000,SRP150718,PRJNA476541,,476541,SRS1397562,SAMN04851099,simple,425934,Canis lupus signatus,Penelope,,,,,female,,no,,,,,UNIVERSITY OF MICHIGAN,SRA723763,,public,32B9EF80420B7DF271830BCFAF795569,994D9BFFDF882D5D4AC6DE90718C53EE
SRR7352791,2018-06-18 11:08:13,2018-06-18 10:51:46,2555492,516209384,2555492,202,309,,https://sra-downloadb.be-md.ncbi.nlm.nih.gov/sos12/sra-pub-zq-1216/SRR007/352/SRR7352791.sralite.1,SRX4225938,Wolfnextera110,POOLCLONE,RANDOM,GENOMIC,PAIRED,0,0,ILLUMINA,Illumina HiSeq 2000,SRP150718,PRJNA476541,,476541,SRS1397562,SAMN04851099,simple,425934,Canis lupus signatus,Penelope,,,,,female,,no,,,,,UNIVERSITY OF MICHIGAN,SRA723763,,public,57E03F3672F0DA588C9758C9DC7BB0C7,3159A30B87A62E1DA965DA79C51576EC
SRR7352782,2018-06-18 11:06:20,2018-06-18 10:51:32,3917139,791262078,3917139,202,475,,https://sra-downloadb.be-md.ncbi.nlm.nih.gov/sos12/sra-pub-zq-1216/SRR007/352/SRR7352782.sralite.1,SRX4225947,Wolfnextera132,POOLCLONE,RANDOM,GENOMIC,PAIRED,0,0,ILLUMINA,Illumina HiSeq 2000,SRP150718,PRJNA476541,,476541,SRS1397562,SAMN04851099,simple,425934,Canis lupus signatus,Penelope,,,,,female,,no,,,,,UNIVERSITY OF MICHIGAN,SRA723763,,public,BAD909F4D3159AD643BCC8E6418ED9E1,72C90D9FF84C33BFF7A35837912739C7
SRR7352783,2018-06-18 11:02:12,2018-06-18 10:50:18,1412008,285225616,1412008,202,170,,https://sra-downloadb.be-md.ncbi.nlm.nih.gov/sos9/sra-pub-zq-922/SRR007/352/SRR7352783.sralite.1,SRX4225946,Wolfnextera27,POOLCLONE,RANDOM,GENOMIC,PAIRED,0,0,ILLUMINA,Illumina HiSeq 2000,SRP150718,PRJNA476541,,476541,SRS1397562,SAMN04851099,simple,425934,Canis lupus signatus,Penelope,,,,,female,,no,,,,,UNIVERSITY OF MICHIGAN,SRA723763,,public,CC76A458153F61BDCE993EA7E947DA0C,E0D22BE0EE0C5F494531F1F4BF06C82D
SRR7352784,2018-06-18 11:12:13,2018-06-18 10:57:13,9175709,1853493218,9175709,202,1136,,https://sra-downloadb.be-md.ncbi.nlm.nih.gov/sos12/sra-pub-zq-1214/SRR007/352/SRR7352784.sralite.1,SRX4225945,Wolfnextera43,POOLCLONE,RANDOM,GENOMIC,PAIRED,0,0,ILLUMINA,Illumina HiSeq 2000,SRP150718,PRJNA476541,,476541,SRS1397562,SAMN04851099,simple,425934,Canis lupus signatus,Penelope,,,,,female,,no,,,,,UNIVERSITY OF MICHIGAN,SRA723763,,public,42F4C928B9E6A8D57C562D5CC50EA361,009FD210F1A62EC22AEF537159B1066E
SRR7352785,2018-06-18 11:03:12,2018-06-18 10:50:31,2013454,406717708,2013454,202,250,,https://sra-downloadb.be-md.ncbi.nlm.nih.gov/sos9/sra-pub-zq-922/SRR007/352/SRR7352785.sralite.1,SRX4225944,Wolfnextera119,POOLCLONE,RANDOM,GENOMIC,PAIRED,0,0,ILLUMINA,Illumina HiSeq 2000,SRP150718,PRJNA476541,,476541,SRS1397562,SAMN04851099,simple,425934,Canis lupus signatus,Penelope,,,,,female,,no,,,,,UNIVERSITY OF MICHIGAN,SRA723763,,public,1C52FF3AE223986D5242F7EBC7BE0CB8,44891F16E16F0DFA2AB210D87FA60AFD
SRR7352786,2018-06-18 10:58:15,2018-06-18 10:49:41,154705,31250410,154705,202,18,,https://sra-downloadb.be-md.ncbi.nlm.nih.gov/sos12/sra-pub-zq-1216/SRR007/352/SRR7352786.sralite.1,SRX4225943,Wolfnextera88,POOLCLONE,RANDOM,GENOMIC,PAIRED,0,0,ILLUMINA,Illumina HiSeq 2000,SRP150718,PRJNA476541,,476541,SRS1397562,SAMN04851099,simple,425934,Canis lupus signatus,Penelope,,,,,female,,no,,,,,UNIVERSITY OF MICHIGAN,SRA723763,,public,D2975ADD745B604334D78116C089968A,15F2EE56C109F88B6252000DDAF64273
SRR7352777,2018-06-18 10:58:15,2018-06-18 10:49:33,4728,955056,4728,202,0,,https://sra-downloadb.be-md.ncbi.nlm.nih.gov/sos9/sra-pub-zq-922/SRR007/352/SRR7352777.sralite.1,SRX4225952,Wolfnextera79,POOLCLONE,RANDOM,GENOMIC,PAIRED,0,0,ILLUMINA,Illumina HiSeq 2000,SRP150718,PRJNA476541,,476541,SRS1397562,SAMN04851099,simple,425934,Canis lupus signatus,Penelope,,,,,female,,no,,,,,UNIVERSITY OF MICHIGAN,SRA723763,,public,351E1592918F8D34A1ACCD13293DC52A,C7AC42507075FEC151CE70D2AAD3C4A4
SRR7352778,2018-06-18 11:00:15,2018-06-18 10:50:01,1158430,234002860,1158430,202,139,,https://sra-downloadb.be-md.ncbi.nlm.nih.gov/sos12/sra-pub-zq-1214/SRR007/352/SRR7352778.sralite.1,SRX4225951,Wolfnextera30,POOLCLONE,RANDOM,GENOMIC,PAIRED,0,0,ILLUMINA,Illumina HiSeq 2000,SRP150718,PRJNA476541,,476541,SRS1397562,SAMN04851099,simple,425934,Canis lupus signatus,Penelope,,,,,female,,no,,,,,UNIVERSITY OF MICHIGAN,SRA723763,,public,B58A1034BDD0450B285DD1EEB5E6F43A,E27D8DF1D678A7A3A26160A7F8CC78C3
SRR7352779,2018-06-18 10:58:15,2018-06-18 10:49:31,2494,503788,2494,202,0,,https://sra-downloadb.be-md.ncbi.nlm.nih.gov/sos9/sra-pub-zq-922/SRR007/352/SRR7352779.sralite.1,SRX4225950,Wolfnextera81,POOLCLONE,RANDOM,GENOMIC,PAIRED,0,0,ILLUMINA,Illumina HiSeq 2000,SRP150718,PRJNA476541,,476541,SRS1397562,SAMN04851099,simple,425934,Canis lupus signatus,Penelope,,,,,female,,no,,,,,UNIVERSITY OF MICHIGAN,SRA723763,,public,A9EED3866DBE572A8C1563A16D1CD3F8,8C8F179E31AF19E8C77BD75F93B70E9B
SRR7352780,2018-06-18 11:02:12,2018-06-18 10:50:17,2076312,419415024,2076312,202,251,,https://sra-downloadb.be-md.ncbi.nlm.nih.gov/sos9/sra-pub-zq-922/SRR007/352/SRR7352780.sralite.1,SRX4225949,Wolfnextera112,POOLCLONE,RANDOM,GENOMIC,PAIRED,0,0,ILLUMINA,Illumina HiSeq 2000,SRP150718,PRJNA476541,,476541,SRS1397562,SAMN04851099,simple,425934,Canis lupus signatus,Penelope,,,,,female,,no,,,,,UNIVERSITY OF MICHIGAN,SRA723763,,public,F1377A7C57CB2E7C078D84BFAA383338,5F08B047F3EE097F4C0363554C2C2667
SRR7352781,2018-06-18 11:08:13,2018-06-18 10:52:10,4509486,910916172,4509486,202,541,,https://sra-downloadb.be-md.ncbi.nlm.nih.gov/sos9/sra-pub-zq-922/SRR007/352/SRR7352781.sralite.1,SRX4225948,Wolfnextera24,POOLCLONE,RANDOM,GENOMIC,PAIRED,0,0,ILLUMINA,Illumina HiSeq 2000,SRP150718,PRJNA476541,,476541,SRS1397562,SAMN04851099,simple,425934,Canis lupus signatus,Penelope,,,,,female,,no,,,,,UNIVERSITY OF MICHIGAN,SRA723763,,public,419FCB69E5D9928B7545ED49D322DDCC,1328FC60D95DC6059FD65B56959C6D43
SRR7352772,2018-06-18 11:03:12,2018-06-18 10:50:27,2726432,550739264,2726432,202,335,,https://sra-downloadb.be-md.ncbi.nlm.nih.gov/sos9/sra-pub-zq-922/SRR007/352/SRR7352772.sralite.1,SRX4225957,Wolfnextera10,POOLCLONE,RANDOM,GENOMIC,PAIRED,0,0,ILLUMINA,Illumina HiSeq 2000,SRP150718,PRJNA476541,,476541,SRS1397562,SAMN04851099,simple,425934,Canis lupus signatus,Penelope,,,,,female,,no,,,,,UNIVERSITY OF MICHIGAN,SRA723763,,public,82EE90E4FA6A33845F7F557103696E54,8EB9BA9EEB96E4EB1736722CADB4BB81
SRR7352773,2018-06-18 11:04:14,2018-06-18 10:50:43,3536787,714430974,3536787,202,440,,https://sra-downloadb.be-md.ncbi.nlm.nih.gov/sos9/sra-pub-zq-922/SRR007/352/SRR7352773.sralite.1,SRX4225956,Wolfnextera117,POOLCLONE,RANDOM,GENOMIC,PAIRED,0,0,ILLUMINA,Illumina HiSeq 2000,SRP150718,PRJNA476541,,476541,SRS1397562,SAMN04851099,simple,425934,Canis lupus signatus,Penelope,,,,,female,,no,,,,,UNIVERSITY OF MICHIGAN,SRA723763,,public,C36F94B6E78482209CF1B7851B6A8169,A08EA4135354C24E9665A3A11D757EE0
SRR7352774,2018-06-18 11:08:13,2018-06-18 10:52:10,7284700,1471509400,7284700,202,882,,https://sra-downloadb.be-md.ncbi.nlm.nih.gov/sos12/sra-pub-zq-1216/SRR007/352/SRR7352774.sralite.1,SRX4225955,Wolfnextera22,POOLCLONE,RANDOM,GENOMIC,PAIRED,0,0,ILLUMINA,Illumina HiSeq 2000,SRP150718,PRJNA476541,,476541,SRS1397562,SAMN04851099,simple,425934,Canis lupus signatus,Penelope,,,,,female,,no,,,,,UNIVERSITY OF MICHIGAN,SRA723763,,public,F2BDEBDD094C305199DCBBD695C17A87,7DA5D3FDF7342E409C5BCA61CD5150A5
SRR7352775,2018-06-18 10:58:15,2018-06-18 10:49:31,1492,301384,1492,202,0,,https://sra-downloadb.be-md.ncbi.nlm.nih.gov/sos9/sra-pub-zq-922/SRR007/352/SRR7352775.sralite.1,SRX4225954,Wolfnextera70,POOLCLONE,RANDOM,GENOMIC,PAIRED,0,0,ILLUMINA,Illumina HiSeq 2000,SRP150718,PRJNA476541,,476541,SRS1397562,SAMN04851099,simple,425934,Canis lupus signatus,Penelope,,,,,female,,no,,,,,UNIVERSITY OF MICHIGAN,SRA723763,,public,CAC5F0065E5FF55FF3CB3378A17EC002,6EC99D0F623B7C83CC677BD7F715379A
SRR7352776,2018-06-18 11:03:12,2018-06-18 10:50:28,1909227,385663854,1909227,202,232,,https://sra-downloadb.be-md.ncbi.nlm.nih.gov/sos12/sra-pub-zq-1216/SRR007/352/SRR7352776.sralite.1,SRX4225953,Wolfnextera57,POOLCLONE,RANDOM,GENOMIC,PAIRED,0,0,ILLUMINA,Illumina HiSeq 2000,SRP150718,PRJNA476541,,476541,SRS1397562,SAMN04851099,simple,425934,Canis lupus signatus,Penelope,,,,,female,,no,,,,,UNIVERSITY OF MICHIGAN,SRA723763,,public,5AA3C6361487CF5A9EB1153DE5E5DDBD,6C87AA42975F6ABD43E11BEEE7B2B346
SRR7352767,2018-06-18 11:04:14,2018-06-18 10:50:49,3766782,760889964,3766782,202,462,,https://sra-downloadb.be-md.ncbi.nlm.nih.gov/sos9/sra-pub-zq-922/SRR007/352/SRR7352767.sralite.1,SRX4225962,Wolfnextera58,POOLCLONE,RANDOM,GENOMIC,PAIRED,0,0,ILLUMINA,Illumina HiSeq 2000,SRP150718,PRJNA476541,,476541,SRS1397562,SAMN04851099,simple,425934,Canis lupus signatus,Penelope,,,,,female,,no,,,,,UNIVERSITY OF MICHIGAN,SRA723763,,public,209DD8C57CFE5BAC6187B83E768B5553,917512AEC20DC518E2BE2F18CB2CE08D
SRR7352768,2018-06-18 11:12:13,2018-06-18 10:55:49,15032687,3036602774,15032687,202,1804,,https://sra-downloadb.be-md.ncbi.nlm.nih.gov/sos12/sra-pub-zq-1214/SRR007/352/SRR7352768.sralite.1,SRX4225961,Wolfnextera19,POOLCLONE,RANDOM,GENOMIC,PAIRED,0,0,ILLUMINA,Illumina HiSeq 2000,SRP150718,PRJNA476541,,476541,SRS1397562,SAMN04851099,simple,425934,Canis lupus signatus,Penelope,,,,,female,,no,,,,,UNIVERSITY OF MICHIGAN,SRA723763,,public,AD705A9C2590A5166C9C2368B5FA1B43,51B69E0C5A8B622543C7494AD3AA242E
SRR7352769,2018-06-18 10:58:15,2018-06-18 10:49:39,119748,24189096,119748,202,14,,https://sra-downloadb.be-md.ncbi.nlm.nih.gov/sos12/sra-pub-zq-1216/SRR007/352/SRR7352769.sralite.1,SRX4225960,Wolfnextera63,POOLCLONE,RANDOM,GENOMIC,PAIRED,0,0,ILLUMINA,Illumina HiSeq 2000,SRP150718,PRJNA476541,,476541,SRS1397562,SAMN04851099,simple,425934,Canis lupus signatus,Penelope,,,,,female,,no,,,,,UNIVERSITY OF MICHIGAN,SRA723763,,public,0828DC50011054A460228CF320CE6BF4,D2A301704020F79555E077EEE439B25A
SRR7352770,2018-06-18 11:06:20,2018-06-18 10:50:50,2686471,542667142,2686471,202,321,,https://sra-downloadb.be-md.ncbi.nlm.nih.gov/sos12/sra-pub-zq-1216/SRR007/352/SRR7352770.sralite.1,SRX4225959,Wolfnextera17,POOLCLONE,RANDOM,GENOMIC,PAIRED,0,0,ILLUMINA,Illumina HiSeq 2000,SRP150718,PRJNA476541,,476541,SRS1397562,SAMN04851099,simple,425934,Canis lupus signatus,Penelope,,,,,female,,no,,,,,UNIVERSITY OF MICHIGAN,SRA723763,,public,CA17C22B5A66AC6A16CE29CC1B6A9B10,CEB167483A4E1B11F303F2A0038A1E36
SRR7352771,2018-06-18 11:08:13,2018-06-18 10:52:15,6800213,1373643026,6800213,202,826,,https://sra-downloadb.be-md.ncbi.nlm.nih.gov/sos12/sra-pub-zq-1216/SRR007/352/SRR7352771.sralite.1,SRX4225958,Wolfnextera20,POOLCLONE,RANDOM,GENOMIC,PAIRED,0,0,ILLUMINA,Illumina HiSeq 2000,SRP150718,PRJNA476541,,476541,SRS1397562,SAMN04851099,simple,425934,Canis lupus signatus,Penelope,,,,,female,,no,,,,,UNIVERSITY OF MICHIGAN,SRA723763,,public,113298348E36BDA1BCA9E07391D21F7D,F318D04150A8585575C512090B7995B2
SRR7352762,2018-06-18 11:00:15,2018-06-18 10:49:48,764990,154527980,764990,202,94,,https://sra-downloadb.be-md.ncbi.nlm.nih.gov/sos12/sra-pub-zq-1214/SRR007/352/SRR7352762.sralite.1,SRX4225967,Wolfnextera78,POOLCLONE,RANDOM,GENOMIC,PAIRED,0,0,ILLUMINA,Illumina HiSeq 2000,SRP150718,PRJNA476541,,476541,SRS1397562,SAMN04851099,simple,425934,Canis lupus signatus,Penelope,,,,,female,,no,,,,,UNIVERSITY OF MICHIGAN,SRA723763,,public,01FF245D928CC8FD31795E1EE902F81D,C35DBB0FE76CF825D6AC586459977006
SRR7352763,2018-06-18 11:03:12,2018-06-18 10:50:29,2580997,521361394,2580997,202,319,,https://sra-downloadb.be-md.ncbi.nlm.nih.gov/sos9/sra-pub-zq-922/SRR007/352/SRR7352763.sralite.1,SRX4225966,Wolfnextera39,POOLCLONE,RANDOM,GENOMIC,PAIRED,0,0,ILLUMINA,Illumina HiSeq 2000,SRP150718,PRJNA476541,,476541,SRS1397562,SAMN04851099,simple,425934,Canis lupus signatus,Penelope,,,,,female,,no,,,,,UNIVERSITY OF MICHIGAN,SRA723763,,public,36680DCF4DC16CA684DCC674C3A7ED76,DF8595C48A8B038E4682B5000F49444A
SRR7352764,2018-06-18 11:04:14,2018-06-18 10:50:34,3412738,689373076,3412738,202,420,,https://sra-downloadb.be-md.ncbi.nlm.nih.gov/sos9/sra-pub-zq-922/SRR007/352/SRR7352764.sralite.1,SRX4225965,Wolfnextera98,POOLCLONE,RANDOM,GENOMIC,PAIRED,0,0,ILLUMINA,Illumina HiSeq 2000,SRP150718,PRJNA476541,,476541,SRS1397562,SAMN04851099,simple,425934,Canis lupus signatus,Penelope,,,,,female,,no,,,,,UNIVERSITY OF MICHIGAN,SRA723763,,public,784568F7602D01ABA1DD5574007C5E1A,7CE74F96C5D8AA177193FCA8B718D90E
SRR7352765,2018-06-18 11:08:13,2018-06-18 10:51:15,4441846,897252892,4441846,202,545,,https://sra-downloadb.be-md.ncbi.nlm.nih.gov/sos12/sra-pub-zq-1216/SRR007/352/SRR7352765.sralite.1,SRX4225964,Wolfnextera97,POOLCLONE,RANDOM,GENOMIC,PAIRED,0,0,ILLUMINA,Illumina HiSeq 2000,SRP150718,PRJNA476541,,476541,SRS1397562,SAMN04851099,simple,425934,Canis lupus signatus,Penelope,,,,,female,,no,,,,,UNIVERSITY OF MICHIGAN,SRA723763,,public,C335A2D2FFA77345DF978E2C1E1A6B89,18D6EB48D3DA859BECB917C1BC82EE7C
SRR7352766,2018-06-18 11:00:15,2018-06-18 10:49:47,429698,86798996,429698,202,52,,https://sra-downloadb.be-md.ncbi.nlm.nih.gov/sos12/sra-pub-zq-1214/SRR007/352/SRR7352766.sralite.1,SRX4225963,Wolfnextera50,POOLCLONE,RANDOM,GENOMIC,PAIRED,0,0,ILLUMINA,Illumina HiSeq 2000,SRP150718,PRJNA476541,,476541,SRS1397562,SAMN04851099,simple,425934,Canis lupus signatus,Penelope,,,,,female,,no,,,,,UNIVERSITY OF MICHIGAN,SRA723763,,public,0E742AF6FAD4C4034866DAD7059EF01C,56934CE43B7D95F4EE593DD44C5029BE
SRR7352757,2018-06-18 11:03:12,2018-06-18 10:50:26,2378389,480434578,2378389,202,287,,https://sra-downloadb.be-md.ncbi.nlm.nih.gov/sos9/sra-pub-zq-922/SRR007/352/SRR7352757.sralite.1,SRX4225972,Wolfnextera141,POOLCLONE,RANDOM,GENOMIC,PAIRED,0,0,ILLUMINA,Illumina HiSeq 2000,SRP150718,PRJNA476541,,476541,SRS1397562,SAMN04851099,simple,425934,Canis lupus signatus,Penelope,,,,,female,,no,,,,,UNIVERSITY OF MICHIGAN,SRA723763,,public,7C1B54D30DF07D76756406275791852F,9BEFEABFB883C03C8F4382D0E8070FA6
SRR7352758,2018-06-18 10:58:15,2018-06-18 10:49:35,127538,25762676,127538,202,15,,https://sra-downloadb.be-md.ncbi.nlm.nih.gov/sos12/sra-pub-zq-1216/SRR007/352/SRR7352758.sralite.1,SRX4225971,Wolfnextera64,POOLCLONE,RANDOM,GENOMIC,PAIRED,0,0,ILLUMINA,Illumina HiSeq 2000,SRP150718,PRJNA476541,,476541,SRS1397562,SAMN04851099,simple,425934,Canis lupus signatus,Penelope,,,,,female,,no,,,,,UNIVERSITY OF MICHIGAN,SRA723763,,public,BDFDA6F6EC1C6E416F3669D8979729CC,4B9C452AD4C518E73070190B9C124B88
SRR7352759,2018-06-18 11:03:12,2018-06-18 10:50:31,3019844,610008488,3019844,202,367,,https://sra-downloadb.be-md.ncbi.nlm.nih.gov/sos12/sra-pub-zq-1216/SRR007/352/SRR7352759.sralite.1,SRX4225970,Wolfnextera2,POOLCLONE,RANDOM,GENOMIC,PAIRED,0,0,ILLUMINA,Illumina HiSeq 2000,SRP150718,PRJNA476541,,476541,SRS1397562,SAMN04851099,simple,425934,Canis lupus signatus,Penelope,,,,,female,,no,,,,,UNIVERSITY OF MICHIGAN,SRA723763,,public,18777793F9ABD0BE7D2EE73B84187F5B,E5CE2919FB26597BCD2FF904D43382CA
SRR7352760,2018-06-18 11:00:15,2018-06-18 10:50:04,1037323,209539246,1037323,202,127,,https://sra-downloadb.be-md.ncbi.nlm.nih.gov/sos12/sra-pub-zq-1214/SRR007/352/SRR7352760.sralite.1,SRX4225969,Wolfnextera67,POOLCLONE,RANDOM,GENOMIC,PAIRED,0,0,ILLUMINA,Illumina HiSeq 2000,SRP150718,PRJNA476541,,476541,SRS1397562,SAMN04851099,simple,425934,Canis lupus signatus,Penelope,,,,,female,,no,,,,,UNIVERSITY OF MICHIGAN,SRA723763,,public,ED95C6144852EA6F3F876F42B758CA84,822E9C20EF54A718697CF0B14FED8166
SRR7352761,2018-06-18 10:58:15,2018-06-18 10:49:34,73877,14923154,73877,202,9,,https://sra-downloadb.be-md.ncbi.nlm.nih.gov/sos9/sra-pub-zq-922/SRR007/352/SRR7352761.sralite.1,SRX4225968,Wolfnextera62,POOLCLONE,RANDOM,GENOMIC,PAIRED,0,0,ILLUMINA,Illumina HiSeq 2000,SRP150718,PRJNA476541,,476541,SRS1397562,SAMN04851099,simple,425934,Canis lupus signatus,Penelope,,,,,female,,no,,,,,UNIVERSITY OF MICHIGAN,SRA723763,,public,4721638C863E34420618226FB53C146A,3AFB17F810D291579239CB602B64DC4D
SRR7352752,2018-06-18 11:02:12,2018-06-18 10:50:11,1422130,287270260,1422130,202,172,,https://sra-downloadb.be-md.ncbi.nlm.nih.gov/sos12/sra-pub-zq-1214/SRR007/352/SRR7352752.sralite.1,SRX4225977,Wolfnextera18,POOLCLONE,RANDOM,GENOMIC,PAIRED,0,0,ILLUMINA,Illumina HiSeq 2000,SRP150718,PRJNA476541,,476541,SRS1397562,SAMN04851099,simple,425934,Canis lupus signatus,Penelope,,,,,female,,no,,,,,UNIVERSITY OF MICHIGAN,SRA723763,,public,952C343968EDB93BB80C985103DCDBD1,F5BFDB277A1469E38553980E30204151
SRR7352753,2018-06-18 11:00:15,2018-06-18 10:49:45,614017,124031434,614017,202,75,,https://sra-downloadb.be-md.ncbi.nlm.nih.gov/sos12/sra-pub-zq-1214/SRR007/352/SRR7352753.sralite.1,SRX4225976,Wolfnextera69,POOLCLONE,RANDOM,GENOMIC,PAIRED,0,0,ILLUMINA,Illumina HiSeq 2000,SRP150718,PRJNA476541,,476541,SRS1397562,SAMN04851099,simple,425934,Canis lupus signatus,Penelope,,,,,female,,no,,,,,UNIVERSITY OF MICHIGAN,SRA723763,,public,CC31C6B4C82803AD96D31E23626A3339,5338E6148282EE66C6EB0441FFBF7C13
SRR7352754,2018-06-18 11:08:13,2018-06-18 10:51:04,3571422,721427244,3571422,202,429,,https://sra-downloadb.be-md.ncbi.nlm.nih.gov/sos12/sra-pub-zq-1216/SRR007/352/SRR7352754.sralite.1,SRX4225975,Wolfnextera107,POOLCLONE,RANDOM,GENOMIC,PAIRED,0,0,ILLUMINA,Illumina HiSeq 2000,SRP150718,PRJNA476541,,476541,SRS1397562,SAMN04851099,simple,425934,Canis lupus signatus,Penelope,,,,,female,,no,,,,,UNIVERSITY OF MICHIGAN,SRA723763,,public,5C98C3B0FA1807C75AB82F4AE18826A3,D874F7264DB5237EE3757838252E9BF4
SRR7352755,2018-06-18 11:00:15,2018-06-18 10:49:46,550936,111289072,550936,202,67,,https://sra-downloadb.be-md.ncbi.nlm.nih.gov/sos12/sra-pub-zq-1214/SRR007/352/SRR7352755.sralite.1,SRX4225974,Wolfnextera53,POOLCLONE,RANDOM,GENOMIC,PAIRED,0,0,ILLUMINA,Illumina HiSeq 2000,SRP150718,PRJNA476541,,476541,SRS1397562,SAMN04851099,simple,425934,Canis lupus signatus,Penelope,,,,,female,,no,,,,,UNIVERSITY OF MICHIGAN,SRA723763,,public,143A9BC83F4A742C4DE406C3C44AA84C,D4EC713A2B8EB23B801984A240D3C128
SRR7352756,2018-06-18 10:58:15,2018-06-18 10:49:27,493,99586,493,202,0,,https://sra-downloadb.be-md.ncbi.nlm.nih.gov/sos9/sra-pub-zq-922/SRR007/352/SRR7352756.sralite.1,SRX4225973,Wolfnextera85,POOLCLONE,RANDOM,GENOMIC,PAIRED,0,0,ILLUMINA,Illumina HiSeq 2000,SRP150718,PRJNA476541,,476541,SRS1397562,SAMN04851099,simple,425934,Canis lupus signatus,Penelope,,,,,female,,no,,,,,UNIVERSITY OF MICHIGAN,SRA723763,,public,B00DE729EA3DAD09EB7EE328AFE33B11,57556BE23464E785E18B663381F94413
SRR7352747,2018-06-18 11:08:13,2018-06-18 10:51:33,5413946,1093617092,5413946,202,666,,https://sra-downloadb.be-md.ncbi.nlm.nih.gov/sos12/sra-pub-zq-1216/SRR007/352/SRR7352747.sralite.1,SRX4225982,Wolfnextera94,POOLCLONE,RANDOM,GENOMIC,PAIRED,0,0,ILLUMINA,Illumina HiSeq 2000,SRP150718,PRJNA476541,,476541,SRS1397562,SAMN04851099,simple,425934,Canis lupus signatus,Penelope,,,,,female,,no,,,,,UNIVERSITY OF MICHIGAN,SRA723763,,public,BB3E33970CF1552226FA15DE56E0E4DE,962022A64E8531756CC3CFB33C84D5A2
SRR7352748,2018-06-18 11:02:12,2018-06-18 10:50:03,1349902,272680204,1349902,202,163,,https://sra-downloadb.be-md.ncbi.nlm.nih.gov/sos12/sra-pub-zq-1214/SRR007/352/SRR7352748.sralite.1,SRX4225981,Wolfnextera125,POOLCLONE,RANDOM,GENOMIC,PAIRED,0,0,ILLUMINA,Illumina HiSeq 2000,SRP150718,PRJNA476541,,476541,SRS1397562,SAMN04851099,simple,425934,Canis lupus signatus,Penelope,,,,,female,,no,,,,,UNIVERSITY OF MICHIGAN,SRA723763,,public,11DED8095AAB948AD597ADD4841BD228,BC443EAB9F8F2207BFC16FB7291C52A2
SRR7352749,2018-06-18 11:03:12,2018-06-18 10:50:27,2004974,405004748,2004974,202,243,,https://sra-downloadb.be-md.ncbi.nlm.nih.gov/sos9/sra-pub-zq-922/SRR007/352/SRR7352749.sralite.1,SRX4225980,Wolfnextera91,POOLCLONE,RANDOM,GENOMIC,PAIRED,0,0,ILLUMINA,Illumina HiSeq 2000,SRP150718,PRJNA476541,,476541,SRS1397562,SAMN04851099,simple,425934,Canis lupus signatus,Penelope,,,,,female,,no,,,,,UNIVERSITY OF MICHIGAN,SRA723763,,public,44C626C5449971CCEAD8510F38435684,AA3D4F307BA1F34A404E43DDC387CF88
SRR7352750,2018-06-18 11:06:20,2018-06-18 10:50:51,4185389,845448578,4185389,202,518,,https://sra-downloadb.be-md.ncbi.nlm.nih.gov/sos9/sra-pub-zq-922/SRR007/352/SRR7352750.sralite.1,SRX4225979,Wolfnextera82,POOLCLONE,RANDOM,GENOMIC,PAIRED,0,0,ILLUMINA,Illumina HiSeq 2000,SRP150718,PRJNA476541,,476541,SRS1397562,SAMN04851099,simple,425934,Canis lupus signatus,Penelope,,,,,female,,no,,,,,UNIVERSITY OF MICHIGAN,SRA723763,,public,FE9A833CB36F0BD5286A91C109372FC5,FFB66E6617F3342977BE6EC07C4CB08E
SRR7352751,2018-06-18 11:04:14,2018-06-18 10:50:30,2792008,563985616,2792008,202,336,,https://sra-downloadb.be-md.ncbi.nlm.nih.gov/sos9/sra-pub-zq-922/SRR007/352/SRR7352751.sralite.1,SRX4225978,Wolfnextera16,POOLCLONE,RANDOM,GENOMIC,PAIRED,0,0,ILLUMINA,Illumina HiSeq 2000,SRP150718,PRJNA476541,,476541,SRS1397562,SAMN04851099,simple,425934,Canis lupus signatus,Penelope,,,,,female,,no,,,,,UNIVERSITY OF MICHIGAN,SRA723763,,public,0B499A6F11F93FE5B1FEC0A6A2C93C7D,CCAD8396093874759394BAA3917A5F75
SRR7352742,2018-06-18 11:02:12,2018-06-18 10:50:22,2202527,444910454,2202527,202,268,,https://sra-downloadb.be-md.ncbi.nlm.nih.gov/sos9/sra-pub-zq-922/SRR007/352/SRR7352742.sralite.1,SRX4225987,Wolfnextera59,POOLCLONE,RANDOM,GENOMIC,PAIRED,0,0,ILLUMINA,Illumina HiSeq 2000,SRP150718,PRJNA476541,,476541,SRS1397562,SAMN04851099,simple,425934,Canis lupus signatus,Penelope,,,,,female,,no,,,,,UNIVERSITY OF MICHIGAN,SRA723763,,public,680ACB4802E5D9831DFBD27CB1EEE76E,78881DC304E3F029A69CBF5F8A175148
SRR7352743,2018-06-18 11:00:15,2018-06-18 10:49:43,388157,78407714,388157,202,47,,https://sra-downloadb.be-md.ncbi.nlm.nih.gov/sos9/sra-pub-zq-922/SRR007/352/SRR7352743.sralite.1,SRX4225986,Wolfnextera51,POOLCLONE,RANDOM,GENOMIC,PAIRED,0,0,ILLUMINA,Illumina HiSeq 2000,SRP150718,PRJNA476541,,476541,SRS1397562,SAMN04851099,simple,425934,Canis lupus signatus,Penelope,,,,,female,,no,,,,,UNIVERSITY OF MICHIGAN,SRA723763,,public,34E3A7A6289FA2B027A2B4CB083F4F3C,B56E22CD636CB563FFA3C9F2606A7542
SRR7352744,2018-06-18 11:08:13,2018-06-18 10:52:06,6642055,1341695110,6642055,202,802,,https://sra-downloadb.be-md.ncbi.nlm.nih.gov/sos12/sra-pub-zq-1216/SRR007/352/SRR7352744.sralite.1,SRX4225985,Wolfnextera32,POOLCLONE,RANDOM,GENOMIC,PAIRED,0,0,ILLUMINA,Illumina HiSeq 2000,SRP150718,PRJNA476541,,476541,SRS1397562,SAMN04851099,simple,425934,Canis lupus signatus,Penelope,,,,,female,,no,,,,,UNIVERSITY OF MICHIGAN,SRA723763,,public,A70D1025DA11BB4D5BFE26F9E92D2C6D,0AA9396E5CC4DA3F7D5199B522D749BE
SRR7352745,2018-06-18 11:00:15,2018-06-18 10:50:04,1351282,272958964,1351282,202,162,,https://sra-downloadb.be-md.ncbi.nlm.nih.gov/sos12/sra-pub-zq-1214/SRR007/352/SRR7352745.sralite.1,SRX4225984,Wolfnextera14,POOLCLONE,RANDOM,GENOMIC,PAIRED,0,0,ILLUMINA,Illumina HiSeq 2000,SRP150718,PRJNA476541,,476541,SRS1397562,SAMN04851099,simple,425934,Canis lupus signatus,Penelope,,,,,female,,no,,,,,UNIVERSITY OF MICHIGAN,SRA723763,,public,8E1023CF73C603DBEF04C3B2AA61FFBB,693B1224BE2B769B90688F49B512E73F
SRR7352746,2018-06-18 11:02:12,2018-06-18 10:50:17,2093365,422859730,2093365,202,257,,https://sra-downloadb.be-md.ncbi.nlm.nih.gov/sos12/sra-pub-zq-1216/SRR007/352/SRR7352746.sralite.1,SRX4225983,Wolfnextera56,POOLCLONE,RANDOM,GENOMIC,PAIRED,0,0,ILLUMINA,Illumina HiSeq 2000,SRP150718,PRJNA476541,,476541,SRS1397562,SAMN04851099,simple,425934,Canis lupus signatus,Penelope,,,,,female,,no,,,,,UNIVERSITY OF MICHIGAN,SRA723763,,public,DE7B29C714B79C2E97EE846C9F4ABFEE,F57FD6F2A92DCC23B4D29C738A7AD3AE
SRR7352737,2018-06-18 11:03:12,2018-06-18 10:50:36,2546711,514435622,2546711,202,309,,https://sra-downloadb.be-md.ncbi.nlm.nih.gov/sos9/sra-pub-zq-922/SRR007/352/SRR7352737.sralite.1,SRX4225992,Wolfnextera11,POOLCLONE,RANDOM,GENOMIC,PAIRED,0,0,ILLUMINA,Illumina HiSeq 2000,SRP150718,PRJNA476541,,476541,SRS1397562,SAMN04851099,simple,425934,Canis lupus signatus,Penelope,,,,,female,,no,,,,,UNIVERSITY OF MICHIGAN,SRA723763,,public,97067578157AB6D00BFA09F9198B7E7D,04241C68AC6FCE7F31C9EF3767C1A4FE
SRR7352738,2018-06-18 11:03:12,2018-06-18 10:50:38,2854848,576679296,2854848,202,348,,https://sra-downloadb.be-md.ncbi.nlm.nih.gov/sos9/sra-pub-zq-922/SRR007/352/SRR7352738.sralite.1,SRX4225991,Wolfnextera6,POOLCLONE,RANDOM,GENOMIC,PAIRED,0,0,ILLUMINA,Illumina HiSeq 2000,SRP150718,PRJNA476541,,476541,SRS1397562,SAMN04851099,simple,425934,Canis lupus signatus,Penelope,,,,,female,,no,,,,,UNIVERSITY OF MICHIGAN,SRA723763,,public,91A1A4AFD9B8AA3F04288FCE48BD3561,D9D4746BE7182D88B712D93BC9A42242
SRR7352739,2018-06-18 11:08:13,2018-06-18 10:51:33,5958594,1203635988,5958594,202,719,,https://sra-downloadb.be-md.ncbi.nlm.nih.gov/sos9/sra-pub-zq-922/SRR007/352/SRR7352739.sralite.1,SRX4225990,Wolfnextera109,POOLCLONE,RANDOM,GENOMIC,PAIRED,0,0,ILLUMINA,Illumina HiSeq 2000,SRP150718,PRJNA476541,,476541,SRS1397562,SAMN04851099,simple,425934,Canis lupus signatus,Penelope,,,,,female,,no,,,,,UNIVERSITY OF MICHIGAN,SRA723763,,public,0BC5869DF1F9537AEA82ED559EE3FD53,0351279DBC524325E079F166D97801FC
SRR7352740,2018-06-18 11:00:15,2018-06-18 10:50:03,1527782,308611964,1527782,202,190,,https://sra-downloadb.be-md.ncbi.nlm.nih.gov/sos12/sra-pub-zq-1214/SRR007/352/SRR7352740.sralite.1,SRX4225989,Wolfnextera118,POOLCLONE,RANDOM,GENOMIC,PAIRED,0,0,ILLUMINA,Illumina HiSeq 2000,SRP150718,PRJNA476541,,476541,SRS1397562,SAMN04851099,simple,425934,Canis lupus signatus,Penelope,,,,,female,,no,,,,,UNIVERSITY OF MICHIGAN,SRA723763,,public,F9BB1833F20B89B9F67164AAD683DFF6,BE0160A5AFE6EB50E69DF1B05FD39A3D
SRR7352741,2018-06-18 11:02:12,2018-06-18 10:50:24,2533011,511668222,2533011,202,312,,https://sra-downloadb.be-md.ncbi.nlm.nih.gov/sos9/sra-pub-zq-922/SRR007/352/SRR7352741.sralite.1,SRX4225988,Wolfnextera37,POOLCLONE,RANDOM,GENOMIC,PAIRED,0,0,ILLUMINA,Illumina HiSeq 2000,SRP150718,PRJNA476541,,476541,SRS1397562,SAMN04851099,simple,425934,Canis lupus signatus,Penelope,,,,,female,,no,,,,,UNIVERSITY OF MICHIGAN,SRA723763,,public,403DE7C3B0250FE44CA4C0A77C1F94E7,4E33BD03818D8F6AEB54C5786FD038A7
SRR7352732,2018-06-18 10:58:15,2018-06-18 10:49:27,8505,1718010,8505,202,1,,https://sra-downloadb.be-md.ncbi.nlm.nih.gov/sos9/sra-pub-zq-922/SRR007/352/SRR7352732.sralite.1,SRX4225997,Wolfnextera73,POOLCLONE,RANDOM,GENOMIC,PAIRED,0,0,ILLUMINA,Illumina HiSeq 2000,SRP150718,PRJNA476541,,476541,SRS1397562,SAMN04851099,simple,425934,Canis lupus signatus,Penelope,,,,,female,,no,,,,,UNIVERSITY OF MICHIGAN,SRA723763,,public,8AC75D8D367D20966FDD92EC728CD19D,B128CA102AA46BE0C10AD51C9927C30A
SRR7352733,2018-06-18 11:08:13,2018-06-18 10:51:31,6118006,1235837212,6118006,202,748,,https://sra-downloadb.be-md.ncbi.nlm.nih.gov/sos9/sra-pub-zq-922/SRR007/352/SRR7352733.sralite.1,SRX4225996,Wolfnextera45,POOLCLONE,RANDOM,GENOMIC,PAIRED,0,0,ILLUMINA,Illumina HiSeq 2000,SRP150718,PRJNA476541,,476541,SRS1397562,SAMN04851099,simple,425934,Canis lupus signatus,Penelope,,,,,female,,no,,,,,UNIVERSITY OF MICHIGAN,SRA723763,,public,D7CC656A7172AE2BB363ABE5F11D7591,76DBB4D33534F397E9F9A70FFFB79895
SRR7352734,2018-06-18 10:58:15,2018-06-18 10:49:28,11292,2280984,11292,202,1,,https://sra-downloadb.be-md.ncbi.nlm.nih.gov/sos9/sra-pub-zq-922/SRR007/352/SRR7352734.sralite.1,SRX4225995,Wolfnextera61,POOLCLONE,RANDOM,GENOMIC,PAIRED,0,0,ILLUMINA,Illumina HiSeq 2000,SRP150718,PRJNA476541,,476541,SRS1397562,SAMN04851099,simple,425934,Canis lupus signatus,Penelope,,,,,female,,no,,,,,UNIVERSITY OF MICHIGAN,SRA723763,,public,A5091EA4C32828281DC3567BC92C88BB,133CBBE18685BD3951EB8048698506E1
SRR7352735,2018-06-18 11:10:19,2018-06-18 10:54:28,5763569,1164240938,5763569,202,709,,https://sra-downloadb.be-md.ncbi.nlm.nih.gov/sos12/sra-pub-zq-1214/SRR007/352/SRR7352735.sralite.1,SRX4225994,Wolfnextera48,POOLCLONE,RANDOM,GENOMIC,PAIRED,0,0,ILLUMINA,Illumina HiSeq 2000,SRP150718,PRJNA476541,,476541,SRS1397562,SAMN04851099,simple,425934,Canis lupus signatus,Penelope,,,,,female,,no,,,,,UNIVERSITY OF MICHIGAN,SRA723763,,public,6A925F99BABE2E7ECC0140DD7B5C9822,D5FB2589B501518F9AA07C144D968B59
SRR7352736,2018-06-18 11:06:20,2018-06-18 10:51:17,2085781,421327762,2085781,202,256,,https://sra-downloadb.be-md.ncbi.nlm.nih.gov/sos9/sra-pub-zq-922/SRR007/352/SRR7352736.sralite.1,SRX4225993,Wolfnextera41,POOLCLONE,RANDOM,GENOMIC,PAIRED,0,0,ILLUMINA,Illumina HiSeq 2000,SRP150718,PRJNA476541,,476541,SRS1397562,SAMN04851099,simple,425934,Canis lupus signatus,Penelope,,,,,female,,no,,,,,UNIVERSITY OF MICHIGAN,SRA723763,,public,C859A32372343BF6DF67E519B0395166,2062DD404CE772EB29F8BB65E4A4A841
SRR7352727,2018-06-18 11:00:15,2018-06-18 10:49:52,1139682,230215764,1139682,202,138,,https://sra-downloadb.be-md.ncbi.nlm.nih.gov/sos12/sra-pub-zq-1214/SRR007/352/SRR7352727.sralite.1,SRX4226002,Wolfnextera106,POOLCLONE,RANDOM,GENOMIC,PAIRED,0,0,ILLUMINA,Illumina HiSeq 2000,SRP150718,PRJNA476541,,476541,SRS1397562,SAMN04851099,simple,425934,Canis lupus signatus,Penelope,,,,,female,,no,,,,,UNIVERSITY OF MICHIGAN,SRA723763,,public,82530289817CE4AF1EB0A2565172F977,35AE613CA8252A37DE17C1FC6803925D
SRR7352728,2018-06-18 11:00:15,2018-06-18 10:49:44,734960,148461920,734960,202,89,,https://sra-downloadb.be-md.ncbi.nlm.nih.gov/sos12/sra-pub-zq-1214/SRR007/352/SRR7352728.sralite.1,SRX4226001,Wolfnextera89,POOLCLONE,RANDOM,GENOMIC,PAIRED,0,0,ILLUMINA,Illumina HiSeq 2000,SRP150718,PRJNA476541,,476541,SRS1397562,SAMN04851099,simple,425934,Canis lupus signatus,Penelope,,,,,female,,no,,,,,UNIVERSITY OF MICHIGAN,SRA723763,,public,B22C3E14C224C7BD458E8ED3F6FEF324,1B6EBF5EBFD44215F5B6BCC3AF8206F6
SRR7352729,2018-06-18 11:08:13,2018-06-18 10:52:02,7475334,1510017468,7475334,202,897,,https://sra-downloadb.be-md.ncbi.nlm.nih.gov/sos12/sra-pub-zq-1216/SRR007/352/SRR7352729.sralite.1,SRX4226000,Wolfnextera21,POOLCLONE,RANDOM,GENOMIC,PAIRED,0,0,ILLUMINA,Illumina HiSeq 2000,SRP150718,PRJNA476541,,476541,SRS1397562,SAMN04851099,simple,425934,Canis lupus signatus,Penelope,,,,,female,,no,,,,,UNIVERSITY OF MICHIGAN,SRA723763,,public,9833AB0B168EFA4013177ED869E671C7,6CDA064259AD4FCDF3521BD505B720EA
SRR7352730,2018-06-18 11:04:14,2018-06-18 10:50:42,3575970,722345940,3575970,202,434,,https://sra-downloadb.be-md.ncbi.nlm.nih.gov/sos9/sra-pub-zq-922/SRR007/352/SRR7352730.sralite.1,SRX4225999,Wolfnextera144,POOLCLONE,RANDOM,GENOMIC,PAIRED,0,0,ILLUMINA,Illumina HiSeq 2000,SRP150718,PRJNA476541,,476541,SRS1397562,SAMN04851099,simple,425934,Canis lupus signatus,Penelope,,,,,female,,no,,,,,UNIVERSITY OF MICHIGAN,SRA723763,,public,8CBD1D93F7894B50E94ED1A062846A5D,01564DDEB49B5AFAB82E5BD5EFFCF417
SRR7352731,2018-06-18 11:02:12,2018-06-18 10:50:14,1748590,353215180,1748590,202,212,,https://sra-downloadb.be-md.ncbi.nlm.nih.gov/sos12/sra-pub-zq-1216/SRR007/352/SRR7352731.sralite.1,SRX4225998,Wolfnextera108,POOLCLONE,RANDOM,GENOMIC,PAIRED,0,0,ILLUMINA,Illumina HiSeq 2000,SRP150718,PRJNA476541,,476541,SRS1397562,SAMN04851099,simple,425934,Canis lupus signatus,Penelope,,,,,female,,no,,,,,UNIVERSITY OF MICHIGAN,SRA723763,,public,06C7577EDA608F58CF4FC2D5EC1AB772,2878BC9DA89CEEFD5534B8B89115262A
SRR7352722,2018-06-18 11:02:12,2018-06-18 10:50:09,1676494,338651788,1676494,202,200,,https://sra-downloadb.be-md.ncbi.nlm.nih.gov/sos12/sra-pub-zq-1214/SRR007/352/SRR7352722.sralite.1,SRX4226007,Wolfnextera29,POOLCLONE,RANDOM,GENOMIC,PAIRED,0,0,ILLUMINA,Illumina HiSeq 2000,SRP150718,PRJNA476541,,476541,SRS1397562,SAMN04851099,simple,425934,Canis lupus signatus,Penelope,,,,,female,,no,,,,,UNIVERSITY OF MICHIGAN,SRA723763,,public,F4163E6E32DB11E9A414AF3D4F20D7A4,0546E063B70B6368325EDFEF41C947C8
SRR7352723,2018-06-18 11:08:13,2018-06-18 10:52:18,3124087,631065574,3124087,202,376,,https://sra-downloadb.be-md.ncbi.nlm.nih.gov/sos9/sra-pub-zq-922/SRR007/352/SRR7352723.sralite.1,SRX4226006,Wolfnextera36,POOLCLONE,RANDOM,GENOMIC,PAIRED,0,0,ILLUMINA,Illumina HiSeq 2000,SRP150718,PRJNA476541,,476541,SRS1397562,SAMN04851099,simple,425934,Canis lupus signatus,Penelope,,,,,female,,no,,,,,UNIVERSITY OF MICHIGAN,SRA723763,,public,469E73F8D564CEA226AB69E543E7ACF2,A5AC8D413A1E58BEAF4DBAB8AC78DCFE
SRR7352724,2018-06-18 11:02:12,2018-06-18 10:50:08,2013384,406703568,2013384,202,249,,https://sra-downloadb.be-md.ncbi.nlm.nih.gov/sos12/sra-pub-zq-1214/SRR007/352/SRR7352724.sralite.1,SRX4226005,Wolfnextera38,POOLCLONE,RANDOM,GENOMIC,PAIRED,0,0,ILLUMINA,Illumina HiSeq 2000,SRP150718,PRJNA476541,,476541,SRS1397562,SAMN04851099,simple,425934,Canis lupus signatus,Penelope,,,,,female,,no,,,,,UNIVERSITY OF MICHIGAN,SRA723763,,public,4CCCB50B97BAA535B2370D3376A5D214,055D1E90B18BC54796CA184C4DEA1E85
SRR7352725,2018-06-18 11:00:15,2018-06-18 10:49:44,566322,114397044,566322,202,69,,https://sra-downloadb.be-md.ncbi.nlm.nih.gov/sos12/sra-pub-zq-1214/SRR007/352/SRR7352725.sralite.1,SRX4226004,Wolfnextera54,POOLCLONE,RANDOM,GENOMIC,PAIRED,0,0,ILLUMINA,Illumina HiSeq 2000,SRP150718,PRJNA476541,,476541,SRS1397562,SAMN04851099,simple,425934,Canis lupus signatus,Penelope,,,,,female,,no,,,,,UNIVERSITY OF MICHIGAN,SRA723763,,public,F17C96B549C6CF958F0032D06A558EF4,E83F38AAA4C8F379D11F4DF080A6656E
SRR7352726,2018-06-18 11:00:15,2018-06-18 10:49:48,368696,74476592,368696,202,45,,https://sra-downloadb.be-md.ncbi.nlm.nih.gov/sos12/sra-pub-zq-1214/SRR007/352/SRR7352726.sralite.1,SRX4226003,Wolfnextera65,POOLCLONE,RANDOM,GENOMIC,PAIRED,0,0,ILLUMINA,Illumina HiSeq 2000,SRP150718,PRJNA476541,,476541,SRS1397562,SAMN04851099,simple,425934,Canis lupus signatus,Penelope,,,,,female,,no,,,,,UNIVERSITY OF MICHIGAN,SRA723763,,public,2462D754DA6DD0C0D2BD60F1168B6C3A,B053E2BF1005FF0C58BA081FD9C73964
SRR7352717,2018-06-18 11:06:20,2018-06-18 10:50:47,3370060,680752120,3370060,202,406,,https://sra-downloadb.be-md.ncbi.nlm.nih.gov/sos9/sra-pub-zq-922/SRR007/352/SRR7352717.sralite.1,SRX4226012,Wolfnextera135,POOLCLONE,RANDOM,GENOMIC,PAIRED,0,0,ILLUMINA,Illumina HiSeq 2000,SRP150718,PRJNA476541,,476541,SRS1397562,SAMN04851099,simple,425934,Canis lupus signatus,Penelope,,,,,female,,no,,,,,UNIVERSITY OF MICHIGAN,SRA723763,,public,35A92543CDD067FBD70B701390CCB212,3A703E621064BC438ED03174370CA5B2
SRR7352718,2018-06-18 11:04:14,2018-06-18 10:50:36,3459419,698802638,3459419,202,428,,https://sra-downloadb.be-md.ncbi.nlm.nih.gov/sos9/sra-pub-zq-922/SRR007/352/SRR7352718.sralite.1,SRX4226011,Wolfnextera44,POOLCLONE,RANDOM,GENOMIC,PAIRED,0,0,ILLUMINA,Illumina HiSeq 2000,SRP150718,PRJNA476541,,476541,SRS1397562,SAMN04851099,simple,425934,Canis lupus signatus,Penelope,,,,,female,,no,,,,,UNIVERSITY OF MICHIGAN,SRA723763,,public,942AC5747073EDF813081CFFA0A83538,38B9A25DE06FFDEDD5CBA4167E6F2DC3
SRR7352719,2018-06-18 11:02:12,2018-06-18 10:49:38,323166,65279532,323166,202,39,,https://sra-downloadb.be-md.ncbi.nlm.nih.gov/sos9/sra-pub-zq-922/SRR007/352/SRR7352719.sralite.1,SRX4226010,Wolfnextera83,POOLCLONE,RANDOM,GENOMIC,PAIRED,0,0,ILLUMINA,Illumina HiSeq 2000,SRP150718,PRJNA476541,,476541,SRS1397562,SAMN04851099,simple,425934,Canis lupus signatus,Penelope,,,,,female,,no,,,,,UNIVERSITY OF MICHIGAN,SRA723763,,public,9FFE62EB8F5889C98EA52C613AADDF2A,5EBEC4BD99ACA2B226E2F25196D78658
SRR7352720,2018-06-18 11:39:12,2018-06-18 11:23:11,1978277,399611954,1978277,202,243,,https://sra-downloadb.be-md.ncbi.nlm.nih.gov/sos12/sra-pub-zq-1216/SRR007/352/SRR7352720.sralite.1,SRX4226009,Wolfnextera99,POOLCLONE,RANDOM,GENOMIC,PAIRED,0,0,ILLUMINA,Illumina HiSeq 2000,SRP150718,PRJNA476541,,476541,SRS1397562,SAMN04851099,simple,425934,Canis lupus signatus,Penelope,,,,,female,,no,,,,,UNIVERSITY OF MICHIGAN,SRA723763,,public,50949E03F307237EB07FC83B676FB40E,4A4D4BE322B192A8248B38C38FE95D07
SRR7352721,2018-06-18 11:00:15,2018-06-18 10:49:52,894478,180684556,894478,202,109,,https://sra-downloadb.be-md.ncbi.nlm.nih.gov/sos12/sra-pub-zq-1214/SRR007/352/SRR7352721.sralite.1,SRX4226008,Wolfnextera72,POOLCLONE,RANDOM,GENOMIC,PAIRED,0,0,ILLUMINA,Illumina HiSeq 2000,SRP150718,PRJNA476541,,476541,SRS1397562,SAMN04851099,simple,425934,Canis lupus signatus,Penelope,,,,,female,,no,,,,,UNIVERSITY OF MICHIGAN,SRA723763,,public,935DB038FD17BCD6E475B4D535056000,493677887E298DE958A5F553FB620E6C
SRR7352712,2018-06-18 11:39:12,2018-06-18 11:22:56,2345965,473884930,2345965,202,284,,https://sra-downloadb.be-md.ncbi.nlm.nih.gov/sos12/sra-pub-zq-1216/SRR007/352/SRR7352712.sralite.1,SRX4226017,Wolfnextera105,POOLCLONE,RANDOM,GENOMIC,PAIRED,0,0,ILLUMINA,Illumina HiSeq 2000,SRP150718,PRJNA476541,,476541,SRS1397562,SAMN04851099,simple,425934,Canis lupus signatus,Penelope,,,,,female,,no,,,,,UNIVERSITY OF MICHIGAN,SRA723763,,public,2C8FA7CFE3B869A99177A36C02AB712E,7D8751F98E921416AE45D0986FD994CD
SRR7352713,2018-06-18 11:10:19,2018-06-18 10:50:45,3866077,780947554,3866077,202,474,,https://sra-downloadb.be-md.ncbi.nlm.nih.gov/sos12/sra-pub-zq-1216/SRR007/352/SRR7352713.sralite.1,SRX4226016,Wolfnextera84,POOLCLONE,RANDOM,GENOMIC,PAIRED,0,0,ILLUMINA,Illumina HiSeq 2000,SRP150718,PRJNA476541,,476541,SRS1397562,SAMN04851099,simple,425934,Canis lupus signatus,Penelope,,,,,female,,no,,,,,UNIVERSITY OF MICHIGAN,SRA723763,,public,2D92E5907F2DB168B695EBF04C087B93,ED8754282864B53D6C1101F3FFEE2C08
SRR7352714,2018-06-18 11:10:19,2018-06-18 10:49:29,19729,3985258,19729,202,2,,https://sra-downloadb.be-md.ncbi.nlm.nih.gov/sos9/sra-pub-zq-922/SRR007/352/SRR7352714.sralite.1,SRX4226015,Wolfnextera124,POOLCLONE,RANDOM,GENOMIC,PAIRED,0,0,ILLUMINA,Illumina HiSeq 2000,SRP150718,PRJNA476541,,476541,SRS1397562,SAMN04851099,simple,425934,Canis lupus signatus,Penelope,,,,,female,,no,,,,,UNIVERSITY OF MICHIGAN,SRA723763,,public,3243F29CB88D71B46196379FF810ADAD,54914B43924A64DA9B079ECC20167246
SRR7352715,2018-06-18 11:09:12,2018-06-18 10:49:40,502872,101580144,502872,202,62,,https://sra-downloadb.be-md.ncbi.nlm.nih.gov/sos12/sra-pub-zq-1216/SRR007/352/SRR7352715.sralite.1,SRX4226014,Wolfnextera66,POOLCLONE,RANDOM,GENOMIC,PAIRED,0,0,ILLUMINA,Illumina HiSeq 2000,SRP150718,PRJNA476541,,476541,SRS1397562,SAMN04851099,simple,425934,Canis lupus signatus,Penelope,,,,,female,,no,,,,,UNIVERSITY OF MICHIGAN,SRA723763,,public,684D2ECD09F5939D4F86883A2DD11D37,61233015C57E5FDDD35467D55F6FF802
SRR7352716,2018-06-18 11:08:14,2018-06-18 10:49:37,294119,59412038,294119,202,35,,https://sra-downloadb.be-md.ncbi.nlm.nih.gov/sos12/sra-pub-zq-1216/SRR007/352/SRR7352716.sralite.1,SRX4226013,Wolfnextera133,POOLCLONE,RANDOM,GENOMIC,PAIRED,0,0,ILLUMINA,Illumina HiSeq 2000,SRP150718,PRJNA476541,,476541,SRS1397562,SAMN04851099,simple,425934,Canis lupus signatus,Penelope,,,,,female,,no,,,,,UNIVERSITY OF MICHIGAN,SRA723763,,public,28A34B9458F3E4D9EFAF3B6A1E635700,B7E5829812786E2CACC7E7CA046B1A0C
SRR7352707,2018-06-18 11:12:13,2018-06-18 10:49:17,2252,454904,2252,202,0,,https://sra-downloadb.be-md.ncbi.nlm.nih.gov/sos9/sra-pub-zq-922/SRR007/352/SRR7352707.sralite.1,SRX4226022,Wolfnextera93,POOLCLONE,RANDOM,GENOMIC,PAIRED,0,0,ILLUMINA,Illumina HiSeq 2000,SRP150718,PRJNA476541,,476541,SRS1397562,SAMN04851099,simple,425934,Canis lupus signatus,Penelope,,,,,female,,no,,,,,UNIVERSITY OF MICHIGAN,SRA723763,,public,03144BF8B4FFD5F42DAD0F83164C2839,5BD7F354D7FC56745E85A0EF0E1D99FA
SRR7352708,2018-06-18 11:12:13,2018-06-18 10:50:50,2736942,552862284,2736942,202,328,,https://sra-downloadb.be-md.ncbi.nlm.nih.gov/sos12/sra-pub-zq-1216/SRR007/352/SRR7352708.sralite.1,SRX4226021,Wolfnextera113,POOLCLONE,RANDOM,GENOMIC,PAIRED,0,0,ILLUMINA,Illumina HiSeq 2000,SRP150718,PRJNA476541,,476541,SRS1397562,SAMN04851099,simple,425934,Canis lupus signatus,Penelope,,,,,female,,no,,,,,UNIVERSITY OF MICHIGAN,SRA723763,,public,856F930D1B1ED25068AC5A3B57308E29,9C79760BE6AD3CD68E17DB0A5343A089
SRR7352709,2018-06-18 11:12:13,2018-06-18 10:49:28,308132,62242664,308132,202,38,,https://sra-downloadb.be-md.ncbi.nlm.nih.gov/sos9/sra-pub-zq-922/SRR007/352/SRR7352709.sralite.1,SRX4226020,Wolfnextera74,POOLCLONE,RANDOM,GENOMIC,PAIRED,0,0,ILLUMINA,Illumina HiSeq 2000,SRP150718,PRJNA476541,,476541,SRS1397562,SAMN04851099,simple,425934,Canis lupus signatus,Penelope,,,,,female,,no,,,,,UNIVERSITY OF MICHIGAN,SRA723763,,public,8DF53FB5E13221B4E10C6DE6C6C33BAD,60A778807D526D2539DA0309CF753234
SRR7352710,2018-06-18 11:12:13,2018-06-18 10:51:10,4560535,921228070,4560535,202,554,,https://sra-downloadb.be-md.ncbi.nlm.nih.gov/sos12/sra-pub-zq-1216/SRR007/352/SRR7352710.sralite.1,SRX4226019,Wolfnextera128,POOLCLONE,RANDOM,GENOMIC,PAIRED,0,0,ILLUMINA,Illumina HiSeq 2000,SRP150718,PRJNA476541,,476541,SRS1397562,SAMN04851099,simple,425934,Canis lupus signatus,Penelope,,,,,female,,no,,,,,UNIVERSITY OF MICHIGAN,SRA723763,,public,C279923B702E5EFF6E324AFC4665D14E,10BF4373DD6822C572BC71BE55517407
SRR7352711,2018-06-18 11:12:13,2018-06-18 10:50:34,3521890,711421780,3521890,202,428,,https://sra-downloadb.be-md.ncbi.nlm.nih.gov/sos12/sra-pub-zq-1216/SRR007/352/SRR7352711.sralite.1,SRX4226018,Wolfnextera5,POOLCLONE,RANDOM,GENOMIC,PAIRED,0,0,ILLUMINA,Illumina HiSeq 2000,SRP150718,PRJNA476541,,476541,SRS1397562,SAMN04851099,simple,425934,Canis lupus signatus,Penelope,,,,,female,,no,,,,,UNIVERSITY OF MICHIGAN,SRA723763,,public,2E7B6C361B60BFF67BB13907FF363C42,D5216AD9755545C9217190AAA31D4DAF
SRR7352702,2018-06-18 11:35:12,2018-06-18 11:21:44,3546,716292,3546,202,0,,https://sra-downloadb.be-md.ncbi.nlm.nih.gov/sos9/sra-pub-zq-922/SRR007/352/SRR7352702.sralite.1,SRX4226027,Wolfnextera1,POOLCLONE,RANDOM,GENOMIC,PAIRED,0,0,ILLUMINA,Illumina HiSeq 2000,SRP150718,PRJNA476541,,476541,SRS1397562,SAMN04851099,simple,425934,Canis lupus signatus,Penelope,,,,,female,,no,,,,,UNIVERSITY OF MICHIGAN,SRA723763,,public,BAC8470547E87C6AE2E305562E2E3A1B,4E3C673BEFAA49201AFFA81741D071A8
SRR7352703,2018-06-18 11:13:12,2018-06-18 10:49:58,1377541,278263282,1377541,202,166,,https://sra-downloadb.be-md.ncbi.nlm.nih.gov/sos12/sra-pub-zq-1214/SRR007/352/SRR7352703.sralite.1,SRX4226026,Wolfnextera25,POOLCLONE,RANDOM,GENOMIC,PAIRED,0,0,ILLUMINA,Illumina HiSeq 2000,SRP150718,PRJNA476541,,476541,SRS1397562,SAMN04851099,simple,425934,Canis lupus signatus,Penelope,,,,,female,,no,,,,,UNIVERSITY OF MICHIGAN,SRA723763,,public,B550FA89C9ACC4ED316680ECA0C96897,FD93CAF0A506C3ADDA81BA6AF957BC5C
SRR7352704,2018-06-18 11:13:12,2018-06-18 10:50:06,1786968,360967536,1786968,202,219,,https://sra-downloadb.be-md.ncbi.nlm.nih.gov/sos12/sra-pub-zq-1214/SRR007/352/SRR7352704.sralite.1,SRX4226025,Wolfnextera102,POOLCLONE,RANDOM,GENOMIC,PAIRED,0,0,ILLUMINA,Illumina HiSeq 2000,SRP150718,PRJNA476541,,476541,SRS1397562,SAMN04851099,simple,425934,Canis lupus signatus,Penelope,,,,,female,,no,,,,,UNIVERSITY OF MICHIGAN,SRA723763,,public,D26FEC15BA3FA4EC7669F584C3015AD5,944E8E7EE84648B92CDF40CD45FC69DE
SRR7352705,2018-06-18 11:13:12,2018-06-18 10:51:33,4999282,1009854964,4999282,202,621,,https://sra-downloadb.be-md.ncbi.nlm.nih.gov/sos12/sra-pub-zq-1216/SRR007/352/SRR7352705.sralite.1,SRX4226024,Wolfnextera46,POOLCLONE,RANDOM,GENOMIC,PAIRED,0,0,ILLUMINA,Illumina HiSeq 2000,SRP150718,PRJNA476541,,476541,SRS1397562,SAMN04851099,simple,425934,Canis lupus signatus,Penelope,,,,,female,,no,,,,,UNIVERSITY OF MICHIGAN,SRA723763,,public,8E290F33BDBB387212A50E3DA735820B,943CD302CC247FAEC1754E4847BB2047
SRR7352706,2018-06-18 11:12:13,2018-06-18 10:49:27,157029,31719858,157029,202,19,,https://sra-downloadb.be-md.ncbi.nlm.nih.gov/sos12/sra-pub-zq-1216/SRR007/352/SRR7352706.sralite.1,SRX4226023,Wolfnextera47,POOLCLONE,RANDOM,GENOMIC,PAIRED,0,0,ILLUMINA,Illumina HiSeq 2000,SRP150718,PRJNA476541,,476541,SRS1397562,SAMN04851099,simple,425934,Canis lupus signatus,Penelope,,,,,female,,no,,,,,UNIVERSITY OF MICHIGAN,SRA723763,,public,11F2AE7498427951E967237F0DA3B3A7,B24A86B63C42C70E3D0906C76BFF7727
SRR7352697,2018-06-18 11:15:25,2018-06-18 10:49:26,1328797,268416994,1328797,202,161,,https://sra-downloadb.be-md.ncbi.nlm.nih.gov/sos9/sra-pub-zq-922/SRR007/352/SRR7352697.sralite.1,SRX4226032,Wolfnextera96,POOLCLONE,RANDOM,GENOMIC,PAIRED,0,0,ILLUMINA,Illumina HiSeq 2000,SRP150718,PRJNA476541,,476541,SRS1397562,SAMN04851099,simple,425934,Canis lupus signatus,Penelope,,,,,female,,no,,,,,UNIVERSITY OF MICHIGAN,SRA723763,,public,FE5336BE872E03E2B35316C9C977C48B,E59748C85B1FBA3B8FB3F8E99791C887
SRR7352698,2018-06-18 11:15:25,2018-06-18 10:49:55,1744758,352441116,1744758,202,218,,https://sra-downloadb.be-md.ncbi.nlm.nih.gov/sos12/sra-pub-zq-1214/SRR007/352/SRR7352698.sralite.1,SRX4226031,Wolfnextera120,POOLCLONE,RANDOM,GENOMIC,PAIRED,0,0,ILLUMINA,Illumina HiSeq 2000,SRP150718,PRJNA476541,,476541,SRS1397562,SAMN04851099,simple,425934,Canis lupus signatus,Penelope,,,,,female,,no,,,,,UNIVERSITY OF MICHIGAN,SRA723763,,public,5125614F32E3511C8E523A9C4DF1C991,EFC5A95D78E140E45DAC2EAA5F7A8753
SRR7352699,2018-06-18 11:15:25,2018-06-18 10:52:08,3493777,705742954,3493777,202,435,,https://sra-downloadb.be-md.ncbi.nlm.nih.gov/sos12/sra-pub-zq-1216/SRR007/352/SRR7352699.sralite.1,SRX4226030,Wolfnextera115,POOLCLONE,RANDOM,GENOMIC,PAIRED,0,0,ILLUMINA,Illumina HiSeq 2000,SRP150718,PRJNA476541,,476541,SRS1397562,SAMN04851099,simple,425934,Canis lupus signatus,Penelope,,,,,female,,no,,,,,UNIVERSITY OF MICHIGAN,SRA723763,,public,047EF09E9D6DA89DE5814FBF266A794B,8EA0600FF6B23565A818C24ABA3C1243
SRR7352700,2018-06-18 11:15:25,2018-06-18 10:50:07,2345943,473880486,2345943,202,283,,https://sra-downloadb.be-md.ncbi.nlm.nih.gov/sos12/sra-pub-zq-1214/SRR007/352/SRR7352700.sralite.1,SRX4226029,Wolfnextera138,POOLCLONE,RANDOM,GENOMIC,PAIRED,0,0,ILLUMINA,Illumina HiSeq 2000,SRP150718,PRJNA476541,,476541,SRS1397562,SAMN04851099,simple,425934,Canis lupus signatus,Penelope,,,,,female,,no,,,,,UNIVERSITY OF MICHIGAN,SRA723763,,public,9CE7CD8E055E3F076442974B248606BF,3E02ED93F97E3C48841C2335CC03A0E6
SRR7352701,2018-06-18 11:15:25,2018-06-18 10:50:02,1997767,403548934,1997767,202,243,,https://sra-downloadb.be-md.ncbi.nlm.nih.gov/sos12/sra-pub-zq-1214/SRR007/352/SRR7352701.sralite.1,SRX4226028,Wolfnextera60,POOLCLONE,RANDOM,GENOMIC,PAIRED,0,0,ILLUMINA,Illumina HiSeq 2000,SRP150718,PRJNA476541,,476541,SRS1397562,SAMN04851099,simple,425934,Canis lupus signatus,Penelope,,,,,female,,no,,,,,UNIVERSITY OF MICHIGAN,SRA723763,,public,C7D80EA353ED0CE232D24EDF33AA9AB9,E2C2EC51AFFA35AEF5EF173A50936744
SRR14766742,2021-06-09 16:37:03,2021-06-09 16:26:14,31298799,6259759800,31298799,200,3715,,https://sra-downloadb.be-md.ncbi.nlm.nih.gov/sos8/sra-pub-zq-818/SRR014/14766/SRR14766742/SRR14766742.lite.1,SRX11100101,Dog05,WGS,RANDOM,GENOMIC,PAIRED,0,0,ILLUMINA,Illumina HiSeq 2000,SRP034749,PRJNA232497,,232497,SRS1397564,SAMN04851103,simple,9615,Canis lupus familiaris,Dog05,,,,,male,,no,,,,,UNIVERSITY OF MICHIGAN,SRA1242743,,public,513D71572AC0E6107238D345820A3027,3CDD9F86B1CDB3CEE47DAE5E1629517E
SRR7352694,2018-06-18 11:15:25,2018-06-18 10:48:47,1343793,271446186,1343793,202,163,,https://sra-downloadb.be-md.ncbi.nlm.nih.gov/sos12/sra-pub-zq-1216/SRR007/352/SRR7352694.sralite.1,SRX4226035,Wolfnextera103,POOLCLONE,RANDOM,GENOMIC,PAIRED,0,0,ILLUMINA,Illumina HiSeq 2000,SRP150718,PRJNA476541,,476541,SRS1397562,SAMN04851099,simple,425934,Canis lupus signatus,Penelope,,,,,female,,no,,,,,UNIVERSITY OF MICHIGAN,SRA723763,,public,993B3639FA153AAD6D5C29D9107FE080,9203BF847C2DDAEB27CE73E0563D6FEB
SRR7352695,2018-06-18 11:15:25,2018-06-18 10:48:41,596621,120517442,596621,202,73,,https://sra-downloadb.be-md.ncbi.nlm.nih.gov/sos9/sra-pub-zq-922/SRR007/352/SRR7352695.sralite.1,SRX4226034,Wolfnextera100,POOLCLONE,RANDOM,GENOMIC,PAIRED,0,0,ILLUMINA,Illumina HiSeq 2000,SRP150718,PRJNA476541,,476541,SRS1397562,SAMN04851099,simple,425934,Canis lupus signatus,Penelope,,,,,female,,no,,,,,UNIVERSITY OF MICHIGAN,SRA723763,,public,31E985DD5CC452F5D09A964F9979EB73,E9B2BC7360A55B73369758DF8CB6CAA2
SRR7352696,2018-06-18 11:15:25,2018-06-18 10:50:04,2558746,516866692,2558746,202,309,,https://sra-downloadb.be-md.ncbi.nlm.nih.gov/sos12/sra-pub-zq-1214/SRR007/352/SRR7352696.sralite.1,SRX4226033,Wolfnextera15,POOLCLONE,RANDOM,GENOMIC,PAIRED,0,0,ILLUMINA,Illumina HiSeq 2000,SRP150718,PRJNA476541,,476541,SRS1397562,SAMN04851099,simple,425934,Canis lupus signatus,Penelope,,,,,female,,no,,,,,UNIVERSITY OF MICHIGAN,SRA723763,,public,6F13B4B72F23D4A8BAFB5AFC42784C33,6D3A018DB394AC2C21C370063ACD78B9
